seed,model,lambda,d_model,er_loss,no_epochs,max_len,recall,precision,f1,accuracy,time
56,SDFA_NAP_model,0.1,8,True,10,5,0.6808276872367698,0.8994190214777286,0.7545614148032118,0.6808276872367698,4.7071425332687795
56,SDFA_NAP_model,0.2,8,True,10,5,0.6454861746932796,0.9131141910923293,0.711921793051881,0.6454861746932796,4.886009270651266
56,SDFA_NAP_model,0.5,8,True,10,5,0.28218275041201246,0.6711254365555166,0.3791338167087296,0.28218275041201246,5.0214512917213145
56,SDFA_NAP_model,0.1,8,True,10,10,0.615088811572972,0.9140558215799417,0.6954927362273184,0.615088811572972,7.074292370956391
56,SDFA_NAP_model,0.2,8,True,10,10,0.5541109686870537,0.9426672420684914,0.659582363568583,0.5541109686870537,7.710765529656783
56,SDFA_NAP_model,0.5,8,True,10,10,0.2827321003479216,0.9437081731849722,0.42321911921796634,0.2827321003479216,7.1102513709105555
56,SDFA_NAP_model,0.1,8,True,10,20,0.6062992125984252,0.9287891086791318,0.691626703728806,0.6062992125984252,7.971656737243757
56,SDFA_NAP_model,0.2,8,True,10,20,0.5938472807178172,0.8935419814548016,0.6970968889831334,0.5938472807178172,8.287795225111768
56,SDFA_NAP_model,0.5,8,True,10,20,0.22669840688518586,0.8828306839051121,0.2721114827708396,0.22669840688518586,8.274711687397211
56,SDFA_NAP_model,0.1,8,True,10,30,0.48947079289507417,0.8851972790605873,0.6092284494619701,0.48947079289507417,8.46517158318311
56,SDFA_NAP_model,0.2,8,True,10,30,0.42373191723127634,0.90750050917309,0.5254096038218341,0.42373191723127634,8.722045133356005
56,SDFA_NAP_model,0.5,8,True,10,30,0.3678813404138436,0.9824557907296958,0.5036513577525653,0.3678813404138436,8.835392429167404
56,SDFA_NAP_model,0.1,16,True,10,5,0.8247573704449734,0.9422314418252716,0.8666009074829747,0.8247573704449734,5.3215487083885815
56,SDFA_NAP_model,0.2,16,True,10,5,0.8302508698040652,0.9307436609679022,0.8674315914830607,0.8302508698040652,5.355514645762741
56,SDFA_NAP_model,0.5,16,True,10,5,0.7919794909357261,0.9374977718951933,0.8448607994042561,0.7919794909357261,5.225728083169088
56,SDFA_NAP_model,0.1,16,True,10,10,0.7956418238417872,0.9425008967364937,0.8473441488776442,0.7956418238417872,8.218615891598166
56,SDFA_NAP_model,0.2,16,True,10,10,0.7978392235854239,0.9437121016874668,0.8528486647625919,0.7978392235854239,7.952091237716377
56,SDFA_NAP_model,0.5,16,True,10,10,0.5934810474272111,0.9144554108372389,0.6914826844129699,0.5934810474272111,8.068621616531164
56,SDFA_NAP_model,0.1,16,True,10,20,0.7048159677714704,0.9353280706276322,0.7751642928306924,0.7048159677714704,8.784929708298296
56,SDFA_NAP_model,0.2,16,True,10,20,0.7960080571323933,0.9188165592270823,0.8321838164168616,0.7960080571323933,8.826893795933575
56,SDFA_NAP_model,0.5,16,True,10,20,0.6925471525361655,0.9366654296235858,0.7745014218713032,0.6925471525361655,8.912653041724116
56,SDFA_NAP_model,0.1,16,True,10,30,0.8176158212781541,0.9534900923353858,0.8682950384126976,0.8176158212781541,9.156012991536409
56,SDFA_NAP_model,0.2,16,True,10,30,0.8031496062992126,0.943325739620865,0.8515284799060008,0.8031496062992126,8.831290008267388
56,SDFA_NAP_model,0.5,16,True,10,30,0.6987731184764695,0.9230935510590704,0.7622844392760928,0.6987731184764695,8.908753216546028
56,SDFA_NAP_model,0.1,32,True,10,5,0.8595495330525544,0.9444264549888841,0.8894500644862563,0.8595495330525544,6.365222412440926
56,SDFA_NAP_model,0.2,32,True,10,5,0.864127449185131,0.9405827437965929,0.893814854134318,0.864127449185131,6.256289283232763
56,SDFA_NAP_model,0.5,32,True,10,5,0.8520417505951291,0.9480656914891853,0.8892657058386462,0.8520417505951291,6.2263587667606775
56,SDFA_NAP_model,0.1,32,True,10,10,0.8392235854239151,0.9390415070725012,0.8741794490405727,0.8392235854239151,9.451607154216617
56,SDFA_NAP_model,0.2,32,True,10,10,0.8633949826039187,0.9411357851351411,0.8929020166908547,0.8633949826039187,9.525996687449515
56,SDFA_NAP_model,0.5,32,True,10,10,0.8110236220472441,0.9413171025339605,0.862608598550566,0.8110236220472441,8.99556436687708
56,SDFA_NAP_model,0.1,32,True,10,20,0.8674235488005859,0.9459018776799409,0.8973767256042173,0.8674235488005859,10.604555079061537
56,SDFA_NAP_model,0.2,32,True,10,20,0.8196301043764879,0.9226375850999274,0.8588121699460515,0.8196301043764879,11.160154429078101
56,SDFA_NAP_model,0.5,32,True,10,20,0.7498626625160227,0.9220266820416742,0.8011415542309607,0.7498626625160227,10.150841604126617
56,SDFA_NAP_model,0.1,32,True,10,30,0.8443508514924006,0.9265294841629035,0.8736603237260764,0.8443508514924006,25.05723347919993
56,SDFA_NAP_model,0.2,32,True,10,30,0.7597509613623878,0.8483968171865006,0.7909790993846296,0.7597509613623878,25.99005210832693
56,SDFA_NAP_model,0.5,32,True,10,30,0.8154184215345175,0.9415799559145435,0.8622266498258953,0.8154184215345175,22.462732629245146
56,SDFA_NAP_model,0.1,64,True,10,5,0.8731001648049808,0.9480674473184539,0.8995106139956248,0.8731001648049808,16.53458491670899
56,SDFA_NAP_model,0.2,64,True,10,5,0.8687053653177074,0.9456322290426551,0.8953022715105176,0.8687053653177074,18.190587350027634
56,SDFA_NAP_model,0.5,64,True,10,5,0.867606665445889,0.9486677650501607,0.8979460497060033,0.867606665445889,18.11876975824125
56,SDFA_NAP_model,0.1,64,True,10,10,0.7657938106573887,0.9282579667069216,0.8090655683986419,0.7657938106573887,23.76228600847535
56,SDFA_NAP_model,0.2,64,True,10,10,0.85808459989013,0.9374733718538333,0.8862315343053695,0.85808459989013,25.3428404499311
56,SDFA_NAP_model,0.5,64,True,10,10,0.8687053653177074,0.947132034640941,0.8986795976712294,0.8687053653177074,25.483206312637776
56,SDFA_NAP_model,0.1,64,True,10,20,0.7639626442043582,0.8504470786028973,0.794349396523641,0.7639626442043582,27.603176899952814
56,SDFA_NAP_model,0.2,64,True,10,20,0.8602819996337667,0.9474740639228125,0.8874336901723084,0.8602819996337667,28.17832152489573
56,SDFA_NAP_model,0.5,64,True,10,20,0.8606482329243729,0.9454416252653242,0.8881064812924725,0.8606482329243729,27.679487841855735
56,SDFA_NAP_model,0.1,64,True,10,30,0.8577183665995239,0.9375360601727337,0.8854221785894453,0.8577183665995239,28.941564708203078
56,SDFA_NAP_model,0.2,64,True,10,30,0.7678080937557223,0.9416628201614651,0.8100328576686407,0.7678080937557223,33.36366490446962
56,SDFA_NAP_model,0.5,64,True,10,30,0.8518586339498261,0.9229957332111461,0.8695910990929109,0.8518586339498261,28.930177408549934
56,NAP_model,0,8,False,10,5,0.7615821278154185,0.9141597115543518,0.8083603893912957,0.7615821278154185,12.197017458407208
56,NAP_model,0,8,False,10,10,0.7247756821095037,0.9467829086448865,0.8045000250600768,0.7247756821095037,22.405129712540656
56,NAP_model,0,8,False,10,20,0.5453213697125069,0.966544096621524,0.6163240687190696,0.5453213697125069,22.185305791534482
56,NAP_model,0,8,False,10,30,0.5528291521699322,0.8726319838683183,0.6357798877124927,0.5528291521699322,26.583036870975047
56,NAP_model,0,16,False,10,5,0.8311664530305805,0.937365259555064,0.8745052106863108,0.8311664530305805,12.33329613734968
56,NAP_model,0,16,False,10,10,0.7960080571323933,0.9412348441649855,0.8530326321560253,0.7960080571323933,24.181660874933005
56,NAP_model,0,16,False,10,20,0.7214795824940488,0.9310427640029514,0.7772555105389383,0.7214795824940488,26.848202333366498
56,NAP_model,0,16,False,10,30,0.703717267899652,0.9057344631185548,0.7657823071692575,0.703717267899652,23.776472408138215
56,NAP_model,0,32,False,10,5,0.8655923823475554,0.9433402949807854,0.8957432026531031,0.8655923823475554,15.417588808340952
56,NAP_model,0,32,False,10,10,0.8564365500824025,0.9386005069418704,0.8850777175375844,0.8564365500824025,24.37334135826677
56,NAP_model,0,32,False,10,20,0.8329976194836111,0.9320791666569855,0.8677777965226644,0.8329976194836111,27.187091854121537
56,NAP_model,0,32,False,10,30,0.7564548617469328,0.8567016987852871,0.7947683859338851,0.7564548617469328,29.124688191944735
56,NAP_model,0,64,False,10,5,0.8758469144845267,0.9509768814576186,0.9030856256113636,0.8758469144845267,18.023654158227146
56,NAP_model,0,64,False,10,10,0.8615638161508881,0.9434732877407801,0.8897226890335403,0.8615638161508881,28.885562166618183
56,NAP_model,0,64,False,10,20,0.7709210767258744,0.9427084018759025,0.8137541103158724,0.7709210767258744,25.790510200010612
56,NAP_model,0,64,False,10,30,0.6815601538179821,0.9196200938093074,0.7561860570627322,0.6815601538179821,30.75160001651384
8,SDFA_NAP_model,0.1,8,True,10,5,0.7564548617469328,0.9076795265969488,0.8059288155639345,0.7564548617469328,14.023052895860747
8,SDFA_NAP_model,0.2,8,True,10,5,0.7419886467679913,0.8919880488300955,0.7893357375349654,0.7419886467679913,18.01393030420877
8,SDFA_NAP_model,0.5,8,True,10,5,0.33290606116095955,0.9247508227597466,0.42467964343854575,0.33290606116095955,13.856243079062551
8,SDFA_NAP_model,0.1,8,True,10,10,0.6376121589452481,0.8440799857976822,0.7101960116214623,0.6376121589452481,22.847324033174665
8,SDFA_NAP_model,0.2,8,True,10,10,0.40450466947445524,0.9463638502522701,0.5144869547972666,0.40450466947445524,22.158814283506945
8,SDFA_NAP_model,0.5,8,True,10,10,0.34517487639626443,0.7947054189951788,0.47732884803868625,0.34517487639626443,22.490755245881154
8,SDFA_NAP_model,0.1,8,True,10,20,0.3885735213330892,0.9393803803176748,0.49795429470584357,0.3885735213330892,24.271187933068724
8,SDFA_NAP_model,0.2,8,True,10,20,0.37868522248672404,0.780274338199065,0.48246399827100445,0.37868522248672404,24.575530416658147
8,SDFA_NAP_model,0.5,8,True,10,20,0.13330891778062626,0.7491881098594733,0.2250495759651158,0.13330891778062626,26.411740783415734
8,SDFA_NAP_model,0.1,8,True,10,30,0.6304706097784288,0.8729387908577805,0.7019721039651777,0.6304706097784288,22.62120250836015
8,SDFA_NAP_model,0.2,8,True,10,30,0.45321369712506865,0.9647583447781259,0.5706377421551786,0.45321369712506865,26.974238900095223
8,SDFA_NAP_model,0.5,8,True,10,30,0.10547518769456143,0.9761707999407103,0.17949640791006477,0.10547518769456143,23.582696399930864
8,SDFA_NAP_model,0.1,16,True,10,5,0.8033327229445156,0.9494853264029313,0.8577384633149531,0.8033327229445156,15.0320812582504
8,SDFA_NAP_model,0.2,16,True,10,5,0.8198132210217909,0.9382781042144387,0.8594837289547742,0.8198132210217909,15.113005833374336
8,SDFA_NAP_model,0.5,16,True,10,5,0.8004028566196667,0.9476371428079047,0.8570725891943072,0.8004028566196667,14.386130129033699
8,SDFA_NAP_model,0.1,16,True,10,10,0.7996703900384545,0.9482795091757014,0.8573663739311678,0.7996703900384545,24.15794851235114
8,SDFA_NAP_model,0.2,16,True,10,10,0.8150521882439113,0.951684857501711,0.8656797911632511,0.8150521882439113,23.79694691277109
8,SDFA_NAP_model,0.5,16,True,10,10,0.8060794726240615,0.9418904315348011,0.8580368432296147,0.8060794726240615,24.152109999908134
8,SDFA_NAP_model,0.1,16,True,10,20,0.7172678996520784,0.922497737217917,0.7896658033634506,0.7172678996520784,25.949628512514757
8,SDFA_NAP_model,0.2,16,True,10,20,0.7908807910639077,0.9267496172884432,0.8371092058426681,0.7908807910639077,27.040786920813844
8,SDFA_NAP_model,0.5,16,True,10,20,0.6956601355063176,0.9340590249139762,0.7799207116623244,0.6956601355063176,25.31306078340858
8,SDFA_NAP_model,0.1,16,True,10,30,0.7145211499725325,0.9532934404254394,0.8016907967711675,0.7145211499725325,29.425881512463093
8,SDFA_NAP_model,0.2,16,True,10,30,0.7020692180919246,0.9307366058683961,0.766184973336302,0.7020692180919246,25.361454437486827
8,SDFA_NAP_model,0.5,16,True,10,30,0.5116279069767442,0.752843445597581,0.5711556742973096,0.5116279069767442,29.200248716771604
8,SDFA_NAP_model,0.1,32,True,10,5,0.8566196667277055,0.9348125273868025,0.8845373173623285,0.8566196667277055,18.8614664751105
8,SDFA_NAP_model,0.2,32,True,10,5,0.85808459989013,0.9361801667170472,0.8876823857862135,0.85808459989013,16.212779508391396
8,SDFA_NAP_model,0.5,32,True,10,5,0.8491118842702802,0.9457927264503035,0.8863241823263505,0.8491118842702802,20.218115516752004
8,SDFA_NAP_model,0.1,32,True,10,10,0.8654092657022523,0.943470220522064,0.894936916296007,0.8654092657022523,24.036156995780765
8,SDFA_NAP_model,0.2,32,True,10,10,0.8405054019410364,0.9364851413890057,0.8755409620495869,0.8405054019410364,26.210300154145806
8,SDFA_NAP_model,0.5,32,True,10,10,0.8346456692913385,0.9314937411985711,0.870987425876441,0.8346456692913385,26.84146245024167
8,SDFA_NAP_model,0.1,32,True,10,20,0.8608313495696759,0.9479960514648165,0.891696984200033,0.8608313495696759,30.508811820764095
8,SDFA_NAP_model,0.2,32,True,10,20,0.8474638344625527,0.9388677552484707,0.8837774236836311,0.8474638344625527,26.956319116661327
8,SDFA_NAP_model,0.5,32,True,10,20,0.7416224134773851,0.9269909427311697,0.7960542951315637,0.7416224134773851,27.18712091278285
8,SDFA_NAP_model,0.1,32,True,10,30,0.7797106757004212,0.9397084660783755,0.8409442579942906,0.7797106757004212,27.642987899901346
8,SDFA_NAP_model,0.2,32,True,10,30,0.8090093389489105,0.9130918834075793,0.8439995120432174,0.8090093389489105,36.992956137331205
8,SDFA_NAP_model,0.5,32,True,10,30,0.820179454312397,0.9341279362874895,0.8646867625420537,0.820179454312397,24.714786249864847
8,SDFA_NAP_model,0.1,64,True,10,5,0.8740157480314961,0.9481741405482821,0.9004039710906839,0.8740157480314961,21.567262450046837
8,SDFA_NAP_model,0.2,64,True,10,5,0.8665079655740707,0.9438790207527481,0.8942456255555403,0.8665079655740707,20.577912274841218
8,SDFA_NAP_model,0.5,64,True,10,5,0.864127449185131,0.9440399334648448,0.8929225954951687,0.864127449185131,22.20854799184017
8,SDFA_NAP_model,0.1,64,True,10,10,0.8622962827321003,0.9453311653041623,0.8886596567271474,0.8622962827321003,25.784774979297072
8,SDFA_NAP_model,0.2,64,True,10,10,0.8582677165354331,0.9424411153039712,0.8863263957509883,0.8582677165354331,28.893642258364707
8,SDFA_NAP_model,0.5,64,True,10,10,0.8568027833730086,0.9421689847868341,0.8858365895163853,0.8568027833730086,26.53651350424625
8,SDFA_NAP_model,0.1,64,True,10,20,0.8557040835011902,0.9397372715746846,0.8845244968030292,0.8557040835011902,28.749996700044722
8,SDFA_NAP_model,0.2,64,True,10,20,0.7670756271745102,0.9408379279275666,0.8079080723787507,0.7670756271745102,28.52799277920276
8,SDFA_NAP_model,0.5,64,True,10,20,0.8599157663431606,0.947652729514057,0.8882161079786276,0.8599157663431606,33.61709354999475
8,SDFA_NAP_model,0.1,64,True,10,30,0.7690899102728438,0.9457108162223885,0.8116955645217436,0.7690899102728438,28.317793754348532
8,SDFA_NAP_model,0.2,64,True,10,30,0.8699871818348288,0.9451911263314117,0.8979646396685317,0.8699871818348288,31.151911633461715
8,SDFA_NAP_model,0.5,64,True,10,30,0.8628456326680095,0.9407692853770235,0.8916954696038478,0.8628456326680095,32.561789858574045
8,NAP_model,0,8,False,10,5,0.7408899468961728,0.8836990388853352,0.7886773014841918,0.7408899468961728,11.923865787498652
8,NAP_model,0,8,False,10,10,0.4643838124885552,0.775721893715161,0.5533998578428827,0.4643838124885552,21.7411867916584
8,NAP_model,0,8,False,10,20,0.5980589635597876,0.8909390969105697,0.6754564145276879,0.5980589635597876,22.475316075095908
8,NAP_model,0,8,False,10,30,0.5017396081303791,0.8920961025199435,0.6119177188673652,0.5017396081303791,25.326550549920647
8,NAP_model,0,16,False,10,5,0.8079106390770922,0.9376400262502285,0.8590303228803379,0.8079106390770922,17.1181946542114
8,NAP_model,0,16,False,10,10,0.8124885552096686,0.945331582653771,0.861421364808899,0.8124885552096686,20.407010270934553
8,NAP_model,0,16,False,10,20,0.6258926936458524,0.9276435464910165,0.7193913121134223,0.6258926936458524,27.46206758338958
8,NAP_model,0,16,False,10,30,0.8071781724958799,0.9449868577687995,0.8577539733719781,0.8071781724958799,21.86257303315215
8,NAP_model,0,32,False,10,5,0.8668741988646768,0.9478418277797193,0.8956384463153506,0.8668741988646768,19.75951617080718
8,NAP_model,0,32,False,10,10,0.8674235488005859,0.9459628068574082,0.8961185575808668,0.8674235488005859,24.237114316690715
8,NAP_model,0,32,False,10,20,0.8630287493133125,0.9433197972152176,0.8904444585439331,0.8630287493133125,28.706916333409026
8,NAP_model,0,32,False,10,30,0.7786119758286029,0.8604539317903896,0.8085353861078607,0.7786119758286029,28.029278129152953
8,NAP_model,0,64,False,10,5,0.7819080754440578,0.8592533080045532,0.8099000914628595,0.7819080754440578,21.06544027500786
8,NAP_model,0,64,False,10,10,0.8615638161508881,0.945494445032244,0.8872243475845676,0.8615638161508881,31.04131715861149
8,NAP_model,0,64,False,10,20,0.7826405420252701,0.9419148924985801,0.8270714970151289,0.7826405420252701,26.927404179051518
8,NAP_model,0,64,False,10,30,0.7738509430507233,0.9311094748487101,0.8173676669632195,0.7738509430507233,28.191779470955954
15,SDFA_NAP_model,0.1,8,True,10,5,0.6473173411463102,0.9488854240557038,0.7337242312967375,0.6473173411463102,13.844907804206013
15,SDFA_NAP_model,0.2,8,True,10,5,0.6290056766160044,0.8653119674841111,0.7055370461562718,0.6290056766160044,15.026997537445277
15,SDFA_NAP_model,0.5,8,True,10,5,0.5196850393700787,0.8631131350973386,0.6285207930646819,0.5196850393700787,14.371514333412051
15,SDFA_NAP_model,0.1,8,True,10,10,0.6326680095220656,0.9211806376307898,0.7166740756693725,0.6326680095220656,24.386349812708794
15,SDFA_NAP_model,0.2,8,True,10,10,0.4334370994323384,0.7944330008612266,0.5514411764476925,0.4334370994323384,22.373638070747255
15,SDFA_NAP_model,0.5,8,True,10,10,0.32814502838308,0.8743726674220348,0.46754243537915186,0.32814502838308,21.51079232073389
15,SDFA_NAP_model,0.1,8,True,10,20,0.4696941952023439,0.8676201199471868,0.5719025618361364,0.4696941952023439,26.454848504113034
15,SDFA_NAP_model,0.2,8,True,10,20,0.4328877494964292,0.9249017528644418,0.5268008831337743,0.4328877494964292,22.287054312601686
15,SDFA_NAP_model,0.5,8,True,10,20,0.16425563083684308,0.3413437163966925,0.20151924449420244,0.16425563083684308,25.96525580827147
15,SDFA_NAP_model,0.1,8,True,10,30,0.5037538912287127,0.8964281623387853,0.5961964826807402,0.5037538912287127,25.23407546649687
15,SDFA_NAP_model,0.2,8,True,10,30,0.36769822376854056,0.9564331075114383,0.49595877903458585,0.36769822376854056,24.35056346692145
15,SDFA_NAP_model,0.5,8,True,10,30,0.28877494964292255,0.8246145790292669,0.3813172818023815,0.28877494964292255,24.33839620850049
15,SDFA_NAP_model,0.1,16,True,10,5,0.7998535066837575,0.945937336156726,0.8559570380032911,0.7998535066837575,15.041225604107604
15,SDFA_NAP_model,0.2,16,True,10,5,0.7932613074528475,0.9289150505140281,0.8406000179568737,0.7932613074528475,15.617922249948606
15,SDFA_NAP_model,0.5,16,True,10,5,0.7903314411279986,0.9317324342243034,0.8417059912097813,0.7903314411279986,14.96509458324872
15,SDFA_NAP_model,0.1,16,True,10,10,0.7901483244826955,0.9251445915421697,0.8359321571129847,0.7901483244826955,23.589849808439613
15,SDFA_NAP_model,0.2,16,True,10,10,0.7972898736495148,0.9451800652720029,0.8533268366714846,0.7972898736495148,23.318866775091738
15,SDFA_NAP_model,0.5,16,True,10,10,0.7841054751876946,0.9255331143153152,0.8383916699729606,0.7841054751876946,30.444127012696118
15,SDFA_NAP_model,0.1,16,True,10,20,0.8055301226881524,0.947238757373275,0.8567723048495817,0.8055301226881524,24.75173567486927
15,SDFA_NAP_model,0.2,16,True,10,20,0.7055484343526827,0.9324743381266993,0.7748963208165229,0.7055484343526827,25.658488183422016
15,SDFA_NAP_model,0.5,16,True,10,20,0.5841420985167551,0.9345164214404275,0.6779527523826706,0.5841420985167551,27.15101076681167
15,SDFA_NAP_model,0.1,16,True,10,30,0.7271561984984435,0.9440277979018966,0.7942543668391364,0.7271561984984435,26.13658442082815
15,SDFA_NAP_model,0.2,16,True,10,30,0.6954770188610144,0.9159572646140622,0.7769983611683466,0.6954770188610144,24.861413174960763
15,SDFA_NAP_model,0.5,16,True,10,30,0.7952755905511811,0.9422904346166902,0.8511882382181031,0.7952755905511811,24.317460766620933
15,SDFA_NAP_model,0.1,32,True,10,5,0.8586339498260391,0.9478512147406574,0.8906618021687089,0.8586339498260391,22.01562708732672
15,SDFA_NAP_model,0.2,32,True,10,5,0.8555209668558872,0.9501404860102588,0.8908664801863779,0.8555209668558872,16.145961437327788
15,SDFA_NAP_model,0.5,32,True,10,5,0.8514924006592199,0.9485810879803198,0.8895838749848033,0.8514924006592199,15.75509894164279
15,SDFA_NAP_model,0.1,32,True,10,10,0.8412378685222487,0.9442540255517545,0.8754110480698236,0.8412378685222487,27.949059366527944
15,SDFA_NAP_model,0.2,32,True,10,10,0.842153451748764,0.9373506900895269,0.8774430331167165,0.842153451748764,24.68867972046137
15,SDFA_NAP_model,0.5,32,True,10,10,0.816883354696942,0.9513448702221959,0.8691569059141548,0.816883354696942,26.163700641784818
15,SDFA_NAP_model,0.1,32,True,10,20,0.7744002929866325,0.9385290732844769,0.817327383519355,0.7744002929866325,30.953959550196306
15,SDFA_NAP_model,0.2,32,True,10,20,0.7681743270463285,0.8434458237359987,0.7962913830336226,0.7681743270463285,28.85287318741903
15,SDFA_NAP_model,0.5,32,True,10,20,0.8441677348470976,0.9456045610188902,0.880631580991663,0.8441677348470976,27.070945933414624
15,SDFA_NAP_model,0.1,32,True,10,30,0.7592016114264787,0.8569559041137694,0.7960743213716848,0.7592016114264787,29.22537706247531
15,SDFA_NAP_model,0.2,32,True,10,30,0.8405054019410364,0.9419424327635643,0.8759495717643465,0.8405054019410364,26.866948845796287
15,SDFA_NAP_model,0.5,32,True,10,30,0.8088262223036073,0.8864940717141044,0.823582709053728,0.8088262223036073,28.13386635822244
15,SDFA_NAP_model,0.1,64,True,10,5,0.8694378318989197,0.9454594379820878,0.8964393160161807,0.8694378318989197,19.234290091693403
15,SDFA_NAP_model,0.2,64,True,10,5,0.8727339315143746,0.948388675596909,0.8994443968815544,0.8727339315143746,23.63213863358833
15,SDFA_NAP_model,0.5,64,True,10,5,0.8646767991210401,0.9435527863929446,0.8937280286598817,0.8646767991210401,18.405311979213728
15,SDFA_NAP_model,0.1,64,True,10,10,0.8558872001464933,0.9407780830864629,0.8824954318178386,0.8558872001464933,29.290878704050556
15,SDFA_NAP_model,0.2,64,True,10,10,0.7689067936275408,0.9425302376668117,0.8114762672550957,0.7689067936275408,27.878993675019593
15,SDFA_NAP_model,0.5,64,True,10,10,0.8648599157663431,0.9462562782921639,0.8940360854038404,0.8648599157663431,26.83055544584058
15,SDFA_NAP_model,0.1,64,True,10,20,0.8665079655740707,0.9415298354806756,0.8948347539953407,0.8665079655740707,29.645305400015786
15,SDFA_NAP_model,0.2,64,True,10,20,0.6932796191173778,0.9458835706697053,0.7683997658292769,0.6932796191173778,29.342805645847694
15,SDFA_NAP_model,0.5,64,True,10,20,0.7626808276872368,0.9320732073738403,0.8053601857330341,0.7626808276872368,30.67783461678773
15,SDFA_NAP_model,0.1,64,True,10,30,0.8568027833730086,0.936348432292434,0.8843238065667348,0.8568027833730086,27.394993979064747
15,SDFA_NAP_model,0.2,64,True,10,30,0.7646951107855704,0.9368389555235785,0.8054902541988469,0.7646951107855704,31.77646562932059
15,SDFA_NAP_model,0.5,64,True,10,30,0.8602819996337667,0.9400576018379205,0.8894144798245027,0.8602819996337667,30.910433991532773
15,NAP_model,0,8,False,10,5,0.7375938472807179,0.8712382463065378,0.7884659917064798,0.7375938472807179,13.170279299886896
15,NAP_model,0,8,False,10,10,0.6350485259110054,0.9121792948143197,0.7363660296706049,0.6350485259110054,20.241368270711973
15,NAP_model,0,8,False,10,20,0.37831898919611795,0.7107749613116161,0.4486170828215802,0.37831898919611795,23.918850745959208
15,NAP_model,0,8,False,10,30,0.49606299212598426,0.7881105253631395,0.582707531299781,0.49606299212598426,22.35196529980749
15,NAP_model,0,16,False,10,5,0.8174327046328511,0.9518667461869317,0.8680857347437919,0.8174327046328511,12.408311774907634
15,NAP_model,0,16,False,10,10,0.8018677897820912,0.9406825571189683,0.8516476512805582,0.8018677897820912,24.438438462326303
15,NAP_model,0,16,False,10,20,0.7921626075810291,0.9384223233368076,0.8483379423513515,0.7921626075810291,21.808144366834313
15,NAP_model,0,16,False,10,30,0.8031496062992126,0.9418185946455717,0.851894135022425,0.8031496062992126,25.548868595808745
15,NAP_model,0,32,False,10,5,0.8681560153817982,0.9509212410841966,0.8966760768761798,0.8681560153817982,21.000673129130156
15,NAP_model,0,32,False,10,10,0.848562534334371,0.9405704140568718,0.8836858958235526,0.848562534334371,22.851282204221935
15,NAP_model,0,32,False,10,20,0.7738509430507233,0.9414847996555645,0.8148977361357123,0.7738509430507233,27.213774358481167
15,NAP_model,0,32,False,10,30,0.7654275773667827,0.8486593634965234,0.795200636642936,0.7654275773667827,27.717916445946322
15,NAP_model,0,64,False,10,5,0.870719648416041,0.946074185378405,0.8970785521417816,0.870719648416041,17.97947704140097
15,NAP_model,0,64,False,10,10,0.857901483244827,0.9393882790221864,0.8860176811053238,0.857901483244827,27.207415341818706
15,NAP_model,0,64,False,10,20,0.7841054751876946,0.9499726663118349,0.8263946885925666,0.7841054751876946,27.873391187563538
15,NAP_model,0,64,False,10,30,0.7756821095037539,0.9462490486703066,0.818628994691925,0.7756821095037539,25.956972091738134
76,SDFA_NAP_model,0.1,8,True,10,5,0.7266068485625343,0.8975824833737515,0.7835388429592899,0.7266068485625343,15.609057507989927
76,SDFA_NAP_model,0.2,8,True,10,5,0.6138069950558506,0.8956213025296974,0.7008707866762105,0.6138069950558506,14.786887579225004
76,SDFA_NAP_model,0.5,8,True,10,5,0.5436733199047793,0.9261160000819141,0.6365911918333126,0.5436733199047793,15.431634504301474
76,SDFA_NAP_model,0.1,8,True,10,10,0.548800585973265,0.8624627677767587,0.6257299141361132,0.548800585973265,20.23969650422223
76,SDFA_NAP_model,0.2,8,True,10,10,0.5057681743270463,0.9190800565835533,0.61915938863611,0.5057681743270463,22.307820433424787
76,SDFA_NAP_model,0.5,8,True,10,10,0.2950009155832265,0.7685286252441524,0.3937274626632097,0.2950009155832265,20.55916247521527
76,SDFA_NAP_model,0.1,8,True,10,20,0.6890679362754074,0.9223107349909903,0.7542730886691176,0.6890679362754074,24.56165351672098
76,SDFA_NAP_model,0.2,8,True,10,20,0.3700787401574803,0.9193433537466771,0.5170686045162952,0.3700787401574803,22.403881741547956
76,SDFA_NAP_model,0.5,8,True,10,20,0.18256729536714889,0.7770661500610363,0.2716526870530869,0.18256729536714889,23.596664300141857
76,SDFA_NAP_model,0.1,8,True,10,30,0.4652993957150705,0.9624714499658242,0.5739799276258607,0.4652993957150705,23.60000373730436
76,SDFA_NAP_model,0.2,8,True,10,30,0.4391137154367332,0.9265571298529727,0.5546730228023249,0.4391137154367332,22.465548912575468
76,SDFA_NAP_model,0.5,8,True,10,30,0.20362570957700055,0.8004079450330999,0.30805204641888284,0.20362570957700055,24.369270520843564
76,SDFA_NAP_model,0.1,16,True,10,5,0.807727522431789,0.9462829336225479,0.8603765646239859,0.807727522431789,13.681132212653756
76,SDFA_NAP_model,0.2,16,True,10,5,0.8320820362570958,0.9414697604682765,0.8756142239167429,0.8320820362570958,14.565024353982881
76,SDFA_NAP_model,0.5,16,True,10,5,0.795092473905878,0.9408700505202248,0.8497362392101064,0.795092473905878,15.109008250152693
76,SDFA_NAP_model,0.1,16,True,10,10,0.6980406518952573,0.9333458691572116,0.7651252700870821,0.6980406518952573,22.834703687625005
76,SDFA_NAP_model,0.2,16,True,10,10,0.7996703900384545,0.9471383418499478,0.8560591084924302,0.7996703900384545,23.966165874898433
76,SDFA_NAP_model,0.5,16,True,10,10,0.7163523164255631,0.9157560368059147,0.782771967841324,0.7163523164255631,22.956190983531997
76,SDFA_NAP_model,0.1,16,True,10,20,0.7921626075810291,0.9467622170950389,0.8468054216051245,0.7921626075810291,25.181202495843173
76,SDFA_NAP_model,0.2,16,True,10,20,0.7092107672587438,0.9427364181901609,0.7851589667245803,0.7092107672587438,24.887860258342698
76,SDFA_NAP_model,0.5,16,True,10,20,0.6363303424281267,0.9370243928730952,0.7403078539628443,0.6363303424281267,25.936178041854873
76,SDFA_NAP_model,0.1,16,True,10,30,0.7972898736495148,0.9341424790965679,0.8477188062543806,0.7972898736495148,26.015211103949696
76,SDFA_NAP_model,0.2,16,True,10,30,0.7060977842885918,0.9339128462269315,0.7727140725544233,0.7060977842885918,26.343826979305597
76,SDFA_NAP_model,0.5,16,True,10,30,0.7835561252517854,0.9333101728617386,0.8368428280644471,0.7835561252517854,25.093343950202687
76,SDFA_NAP_model,0.1,32,True,10,5,0.8670573155099799,0.9438870030196733,0.8975860495430055,0.8670573155099799,15.828244279045611
76,SDFA_NAP_model,0.2,32,True,10,5,0.8698040651895257,0.9495478441565649,0.900232094108092,0.8698040651895257,18.787813229020685
76,SDFA_NAP_model,0.5,32,True,10,5,0.8514924006592199,0.9466313703027402,0.888457731641559,0.8514924006592199,15.358633554261178
76,SDFA_NAP_model,0.1,32,True,10,10,0.851675517304523,0.9420338181446869,0.8849591491791571,0.851675517304523,26.72939791684039
76,SDFA_NAP_model,0.2,32,True,10,10,0.8298846365134591,0.9245312237037407,0.8643499965478723,0.8298846365134591,26.66242384589277
76,SDFA_NAP_model,0.5,32,True,10,10,0.842336568394067,0.9246237019562247,0.8735280347364629,0.842336568394067,26.557965070800854
76,SDFA_NAP_model,0.1,32,True,10,20,0.8683391320271012,0.9481617660718274,0.8966479817435417,0.8683391320271012,30.776957058534027
76,SDFA_NAP_model,0.2,32,True,10,20,0.744552279802234,0.9361455225651156,0.7930201836531269,0.744552279802234,29.030286349961536
76,SDFA_NAP_model,0.5,32,True,10,20,0.8406885185863395,0.9360368911176662,0.8757691126825289,0.8406885185863395,25.839448153972626
76,SDFA_NAP_model,0.1,32,True,10,30,0.8408716352316425,0.9171416082578837,0.863590845301537,0.8408716352316425,28.386815541703253
76,SDFA_NAP_model,0.2,32,True,10,30,0.861380699505585,0.9443270737966178,0.8925678188841255,0.861380699505585,28.439510854380206
76,SDFA_NAP_model,0.5,32,True,10,30,0.8405054019410364,0.9306118694917059,0.8767335712321817,0.8405054019410364,26.211149187525734
76,SDFA_NAP_model,0.1,64,True,10,5,0.8698040651895257,0.9456396260215706,0.8964727139084031,0.8698040651895257,19.94615342929028
76,SDFA_NAP_model,0.2,64,True,10,5,0.8657754989928584,0.9436335896236743,0.8931918610795061,0.8657754989928584,19.889008429227395
76,SDFA_NAP_model,0.5,64,True,10,5,0.8615638161508881,0.9429013754684656,0.8908691892591866,0.8615638161508881,19.4718764542602
76,SDFA_NAP_model,0.1,64,True,10,10,0.7659769273026918,0.9320791733746822,0.8088606550714839,0.7659769273026918,26.515915800025688
76,SDFA_NAP_model,0.2,64,True,10,10,0.8575352499542208,0.9396076033190993,0.8866187493675988,0.8575352499542208,27.047602645913138
76,SDFA_NAP_model,0.5,64,True,10,10,0.8628456326680095,0.9433645269539102,0.8900605426774765,0.8628456326680095,27.911082941666244
76,SDFA_NAP_model,0.1,64,True,10,20,0.7632301776231459,0.9263755408071425,0.8070496392241236,0.7632301776231459,28.55680054584518
76,SDFA_NAP_model,0.2,64,True,10,20,0.8527742171763413,0.935936986513695,0.8815253590051779,0.8527742171763413,29.698210270842537
76,SDFA_NAP_model,0.5,64,True,10,20,0.854971616919978,0.9380598892989509,0.8843458480637058,0.854971616919978,28.759116471000016
76,SDFA_NAP_model,0.1,64,True,10,30,0.7687236769822376,0.8535285442631338,0.7974766518360336,0.7687236769822376,27.63944205841981
76,SDFA_NAP_model,0.2,64,True,10,30,0.8555209668558872,0.9409933250627199,0.8824349009657875,0.8555209668558872,31.297425341699274
76,SDFA_NAP_model,0.5,64,True,10,30,0.7650613440761765,0.9349299811515898,0.8081859057560163,0.7650613440761765,29.882841395912692
76,NAP_model,0,8,False,10,5,0.7055484343526827,0.9030327164658858,0.776384295380068,0.7055484343526827,13.631982479104773
76,NAP_model,0,8,False,10,10,0.6000732466581212,0.9316479550196285,0.6662852038081819,0.6000732466581212,18.919724012352525
76,NAP_model,0,8,False,10,20,0.46383446255264604,0.8837135062339747,0.5634288383957224,0.46383446255264604,23.893342066695915
76,NAP_model,0,8,False,10,30,0.6053836293719099,0.9313999487858612,0.6966578070813048,0.6053836293719099,23.37156122517772
76,NAP_model,0,16,False,10,5,0.8108405054019411,0.9453305793675154,0.859852500321104,0.8108405054019411,12.686091558029876
76,NAP_model,0,16,False,10,10,0.8005859732649698,0.947932554788019,0.8578050917303297,0.8005859732649698,20.93406420806423
76,NAP_model,0,16,False,10,20,0.8156015381798205,0.9491653323270887,0.868343480609352,0.8156015381798205,26.422871295874938
76,NAP_model,0,16,False,10,30,0.7123237502288958,0.9417780488061847,0.7976356889070301,0.7123237502288958,22.87632843744941
76,NAP_model,0,32,False,10,5,0.864127449185131,0.9443616300037135,0.8928534335383042,0.864127449185131,18.475263054436073
76,NAP_model,0,32,False,10,10,0.7676249771104193,0.9332781371860706,0.8139668092446759,0.7676249771104193,24.159327229112385
76,NAP_model,0,32,False,10,20,0.6861380699505585,0.9277858557509882,0.76194240937413,0.6861380699505585,24.720114041725175
76,NAP_model,0,32,False,10,30,0.7747665262772386,0.9336510111124772,0.8195518207920135,0.7747665262772386,29.13014388345182
76,NAP_model,0,64,False,10,5,0.870536531770738,0.9461235685917679,0.8974168923046331,0.870536531770738,17.30215619588271
76,NAP_model,0,64,False,10,10,0.870536531770738,0.9459425703287604,0.8979180531706099,0.870536531770738,27.00723947091028
76,NAP_model,0,64,False,10,20,0.6969419520234389,0.9482722301623842,0.771559259356672,0.6969419520234389,30.683581637684256
76,NAP_model,0,64,False,10,30,0.7606665445889031,0.9245376425894776,0.8050867891969514,0.7606665445889031,24.46252511255443
23,SDFA_NAP_model,0.1,8,True,10,5,0.6449368247573705,0.8751799609245234,0.7185172735870183,0.6449368247573705,14.591593496128917
23,SDFA_NAP_model,0.2,8,True,10,5,0.6339498260391869,0.9219248807739387,0.7239565598673919,0.6339498260391869,14.707475883420557
23,SDFA_NAP_model,0.5,8,True,10,5,0.27467496795458707,0.8966050171068468,0.41071912711384584,0.27467496795458707,14.437947612721473
23,SDFA_NAP_model,0.1,8,True,10,10,0.5788317158029664,0.9282498366709592,0.6694530428659032,0.5788317158029664,20.42857261262834
23,SDFA_NAP_model,0.2,8,True,10,10,0.42391503387657936,0.8783423066284506,0.5124740278085048,0.42391503387657936,22.624801362492143
23,SDFA_NAP_model,0.5,8,True,10,10,0.2413477385094305,0.7792386938204932,0.36643008332402466,0.2413477385094305,19.751168528944255
23,SDFA_NAP_model,0.1,8,True,10,20,0.47683574436916315,0.8394050133056957,0.5552719090134441,0.47683574436916315,24.71172949587926
23,SDFA_NAP_model,0.2,8,True,10,20,0.4674967954587072,0.9580776896769424,0.6006157843070953,0.4674967954587072,22.281583258416504
23,SDFA_NAP_model,0.5,8,True,10,20,0.28383080021974,0.8873561784146163,0.390316321998321,0.28383080021974,23.52904368774034
23,SDFA_NAP_model,0.1,8,True,10,30,0.691082219373741,0.913816920090504,0.7611121476381667,0.691082219373741,22.523352154064924
23,SDFA_NAP_model,0.2,8,True,10,30,0.3675151071232375,0.9326819272220662,0.5227104607221743,0.3675151071232375,8.342133608274162
23,SDFA_NAP_model,0.5,8,True,10,30,0.41842153451748765,0.920359647161777,0.5254469273762201,0.41842153451748765,8.530206366535277
23,SDFA_NAP_model,0.1,16,True,10,5,0.8326313861930049,0.9422189745360743,0.8736434616511322,0.8326313861930049,5.405057683307677
23,SDFA_NAP_model,0.2,16,True,10,5,0.8069950558505768,0.9544688176979647,0.8648321498680136,0.8069950558505768,5.104519029101357
23,SDFA_NAP_model,0.5,16,True,10,5,0.7180003662332906,0.9317087859783613,0.7900219691782259,0.7180003662332906,5.202600887604058
23,SDFA_NAP_model,0.1,16,True,10,10,0.8097418055301226,0.9500043979515627,0.8622878070860491,0.8097418055301226,8.34959287927486
23,SDFA_NAP_model,0.2,16,True,10,10,0.7837392418970884,0.932515306895047,0.8394778924227727,0.7837392418970884,8.248629358550534
23,SDFA_NAP_model,0.5,16,True,10,10,0.7531587621314777,0.9194456367856016,0.810818098945435,0.7531587621314777,8.294635975174605
23,SDFA_NAP_model,0.1,16,True,10,20,0.6189342611243362,0.8443162393277214,0.6868444263997471,0.6189342611243362,9.333491620607674
23,SDFA_NAP_model,0.2,16,True,10,20,0.7916132576451199,0.9360553017562602,0.8473232684072499,0.7916132576451199,9.20570132904686
23,SDFA_NAP_model,0.5,16,True,10,20,0.6962094854422267,0.943921963891872,0.7791252339224761,0.6962094854422267,9.043957004044206
23,SDFA_NAP_model,0.1,16,True,10,30,0.6960263687969236,0.9301731288650185,0.7646332954529154,0.6960263687969236,9.284222758607939
23,SDFA_NAP_model,0.2,16,True,10,30,0.791796374290423,0.9243049676574473,0.8377983826086477,0.791796374290423,9.167308333329856
23,SDFA_NAP_model,0.5,16,True,10,30,0.5958615638161509,0.9183645583842592,0.6896586591757426,0.5958615638161509,9.22169128349051
23,SDFA_NAP_model,0.1,32,True,10,5,0.8657754989928584,0.9451638363853636,0.8950767815747629,0.8657754989928584,5.855282908212393
23,SDFA_NAP_model,0.2,32,True,10,5,0.8538729170481597,0.9151886413550168,0.8766351342317963,0.8538729170481597,5.5795512166805565
23,SDFA_NAP_model,0.5,32,True,10,5,0.8491118842702802,0.9350274153937518,0.8826734723749431,0.8491118842702802,5.971857050154358
23,SDFA_NAP_model,0.1,32,True,10,10,0.8529573338216444,0.947753605172919,0.8889328358257357,0.8529573338216444,8.96427354165353
23,SDFA_NAP_model,0.2,32,True,10,10,0.8408716352316425,0.939761811397283,0.875333953122339,0.8408716352316425,9.195233641611413
23,SDFA_NAP_model,0.5,32,True,10,10,0.8463651345907343,0.9389323077027304,0.88212241736266,0.8463651345907343,8.760000166716054
23,SDFA_NAP_model,0.1,32,True,10,20,0.8417872184581578,0.9360180612564059,0.8740257690728757,0.8417872184581578,10.317179112602025
23,SDFA_NAP_model,0.2,32,True,10,20,0.7504120124519319,0.9358815742532198,0.8106673604734864,0.7504120124519319,10.636433791834861
23,SDFA_NAP_model,0.5,32,True,10,20,0.8068119392052737,0.9276200449280049,0.8501015422325605,0.8068119392052737,10.173776849964634
23,SDFA_NAP_model,0.1,32,True,10,30,0.848562534334371,0.9395278829164085,0.8819947736398412,0.848562534334371,10.414618683047593
23,SDFA_NAP_model,0.2,32,True,10,30,0.8414209851675517,0.9427532306487054,0.8748942601901922,0.8414209851675517,10.125945612415672
23,SDFA_NAP_model,0.5,32,True,10,30,0.8174327046328511,0.9477053437195999,0.8654421744069671,0.8174327046328511,9.843511929223315
23,SDFA_NAP_model,0.1,64,True,10,5,0.8712689983519502,0.9467138785629757,0.8986165371730928,0.8712689983519502,7.041813362389803
23,SDFA_NAP_model,0.2,64,True,10,5,0.8699871818348288,0.9463402535749402,0.8969595286034577,0.8699871818348288,7.616858883202076
23,SDFA_NAP_model,0.5,64,True,10,5,0.8668741988646768,0.9456970442620406,0.895645315865869,0.8668741988646768,7.636744016595185
23,SDFA_NAP_model,0.1,64,True,10,10,0.8698040651895257,0.9459903733030802,0.8969419884764597,0.8698040651895257,10.471037708502262
23,SDFA_NAP_model,0.2,64,True,10,10,0.8566196667277055,0.9399427340502501,0.8854709569046532,0.8566196667277055,10.037936145812273
23,SDFA_NAP_model,0.5,64,True,10,10,0.8562534334370995,0.9414672081418065,0.8849202772537601,0.8562534334370995,10.4426928460598
23,SDFA_NAP_model,0.1,64,True,10,20,0.7687236769822376,0.857578752229185,0.796921389072521,0.7687236769822376,11.16890849149786
23,SDFA_NAP_model,0.2,64,True,10,20,0.766709393883904,0.9359938857649448,0.8105934320091369,0.766709393883904,11.265828766813502
23,SDFA_NAP_model,0.5,64,True,10,20,0.8586339498260391,0.9403419275542245,0.8888157184559986,0.8586339498260391,11.76777782505378
23,SDFA_NAP_model,0.1,64,True,10,30,0.8586339498260391,0.9403129436486316,0.8848361745814808,0.8586339498260391,10.82353113736026
23,SDFA_NAP_model,0.2,64,True,10,30,0.8593664164072514,0.9459912587886105,0.8857874146752239,0.8593664164072514,10.912397412676365
23,SDFA_NAP_model,0.5,64,True,10,30,0.7637795275590551,0.8479981907119271,0.7933167440373635,0.7637795275590551,11.218026720685884
23,NAP_model,0,8,False,10,5,0.7441860465116279,0.9074710236782226,0.7906149897612813,0.7441860465116279,4.625112320762128
23,NAP_model,0,8,False,10,10,0.5823109320637246,0.9066993739554007,0.6900829028953726,0.5823109320637246,6.891860808432102
23,NAP_model,0,8,False,10,20,0.49954220838674235,0.9134743564886412,0.6226322897110458,0.49954220838674235,7.939461546065286
23,NAP_model,0,8,False,10,30,0.41054751876945617,0.8489434062419552,0.4947787272198767,0.41054751876945617,7.864507979247719
23,NAP_model,0,16,False,10,5,0.8419703351034609,0.9345822216524624,0.8787288914477887,0.8419703351034609,4.986131408205256
23,NAP_model,0,16,False,10,10,0.8033327229445156,0.9505940841474444,0.8596037770586005,0.8033327229445156,7.871294070873409
23,NAP_model,0,16,False,10,20,0.7070133675151071,0.9237397781472424,0.7705028927152758,0.7070133675151071,8.361349708307534
23,NAP_model,0,16,False,10,30,0.7141549166819264,0.9437059740766524,0.7864782858976486,0.7141549166819264,8.41996783753857
23,NAP_model,0,32,False,10,5,0.8569859000183117,0.9381639843906056,0.8858244577778519,0.8569859000183117,5.448194462480023
23,NAP_model,0,32,False,10,10,0.7736678264054202,0.9478043034370663,0.8164278913754087,0.7736678264054202,8.944188520498574
23,NAP_model,0,32,False,10,20,0.7663431605932979,0.9437649419532487,0.8106811298603689,0.7663431605932979,9.795537745812908
23,NAP_model,0,32,False,10,30,0.8650430324116463,0.9433591732605012,0.894694775865711,0.8650430324116463,9.298765699891373
23,NAP_model,0,64,False,10,5,0.8699871818348288,0.9450698213408826,0.8964621109698637,0.8699871818348288,6.346864854171872
23,NAP_model,0,64,False,10,10,0.772935359824208,0.9370360554779198,0.8168298618568556,0.772935359824208,9.525652779173106
23,NAP_model,0,64,False,10,20,0.7764145760849661,0.9346590577417772,0.8204729988704613,0.7764145760849661,10.89733205414377
23,NAP_model,0,64,False,10,30,0.7692730269181468,0.9323667640163434,0.8125728862872991,0.7692730269181468,11.074587649991736
