seed,model,lambda,d_model,er_loss,batch_size,no_epochs,max_len,recall,precision,f1,accuracy,time
56,SDFA_NAP_model,0.1,16,True,32,10,10,0.7832591578226634,0.8693800355632608,0.819455637346561,0.7832591578226634,63.609674887295114
56,SDFA_NAP_model,0.2,16,True,32,10,10,0.7724067100308114,0.8693645733700841,0.8095816068296587,0.7724067100308114,58.99026035010756
56,SDFA_NAP_model,0.5,16,True,32,10,10,0.7532351934269086,0.8663983447954064,0.7949024438444126,0.7532351934269086,59.539301612603595
56,SDFA_NAP_model,0.1,16,True,32,10,20,0.7354159534406025,0.8432204301914549,0.779071409889683,0.7354159534406025,105.38161387100118
56,SDFA_NAP_model,0.2,16,True,32,10,20,0.7021567956179391,0.8379647553276589,0.7466584177169959,0.7021567956179391,103.84542004179384
56,SDFA_NAP_model,0.5,16,True,32,10,20,0.6598254022595001,0.8339131246796131,0.7203559606748424,0.6598254022595001,102.81405853740289
56,SDFA_NAP_model,0.1,32,True,32,10,10,0.7913557001027045,0.8800199603594369,0.8255724002355319,0.7913557001027045,65.69311471239489
56,SDFA_NAP_model,0.2,32,True,32,10,10,0.790619650804519,0.8781267114644183,0.8239810926284061,0.790619650804519,65.87931607919745
56,SDFA_NAP_model,0.5,32,True,32,10,10,0.7734166381376241,0.8525507182700761,0.8042579265985429,0.7734166381376241,64.90716118749697
56,SDFA_NAP_model,0.1,32,True,32,10,20,0.7600136939404314,0.8455786238834987,0.7938768320874832,0.7600136939404314,104.94468151280307
56,SDFA_NAP_model,0.2,32,True,32,10,20,0.7527387880862718,0.8378357712495611,0.7854652755245467,0.7527387880862718,105.32503968760429
56,SDFA_NAP_model,0.5,32,True,32,10,20,0.7339780896953099,0.8043292929381407,0.763300780166233,0.7339780896953099,112.21420212929952
56,NAP_model,0,16,False,32,10,10,0.7555802807257789,0.8869935142998284,0.7985527307500091,0.7555802807257789,64.29800250819827
56,NAP_model,0,16,False,32,10,20,0.7146867511126327,0.8439108088290818,0.7567137823983842,0.7146867511126327,114.32268999980298
56,NAP_model,0,32,False,32,10,10,0.7610407394727833,0.8763238196849098,0.7954488905276093,0.7610407394727833,68.01882077070476
56,NAP_model,0,32,False,32,10,20,0.7320609380349196,0.8101733826136354,0.7591528542712929,0.7320609380349196,104.76472293739498
56,SDFA_NAP_model,0.1,16,True,128,10,10,0.7829339267374187,0.8757597684931133,0.8222422835217236,0.7829339267374187,63.70955923750007
56,SDFA_NAP_model,0.2,16,True,128,10,10,0.7610920917494008,0.8570748812069504,0.797351234151051,0.7610920917494008,60.356821779103484
56,SDFA_NAP_model,0.5,16,True,128,10,10,0.7537315987675454,0.8631404049546068,0.7941483821957102,0.7537315987675454,109.65660912930616
56,SDFA_NAP_model,0.1,16,True,128,10,20,0.6845600821636426,0.7963863602295967,0.7214315541100039,0.6845600821636426,271.67431057489887
56,SDFA_NAP_model,0.2,16,True,128,10,20,0.7058712769599452,0.8369902657371111,0.7496099370771326,0.7058712769599452,289.74637018750656
56,SDFA_NAP_model,0.5,16,True,128,10,20,0.6961828141047587,0.8517485138622188,0.7483763398794125,0.6961828141047587,290.21909199570075
56,SDFA_NAP_model,0.1,32,True,128,10,10,0.7886340294419719,0.8775990852496002,0.823077737036188,0.7886340294419719,168.3789212540054
56,SDFA_NAP_model,0.2,32,True,128,10,10,0.7586100650462171,0.8666637822196057,0.790889811372447,0.7586100650462171,167.88276162919936
56,SDFA_NAP_model,0.5,32,True,128,10,10,0.7799897295446765,0.8646280497315221,0.8132790840068558,0.7799897295446765,169.01562721650117
56,SDFA_NAP_model,0.1,32,True,128,10,20,0.7334474495035946,0.8080750751547858,0.7592823035669426,0.7334474495035946,234.59653652080743
56,SDFA_NAP_model,0.2,32,True,128,10,20,0.7369736391646696,0.8388806998498065,0.7738972777793056,0.7369736391646696,103.34509123770113
56,SDFA_NAP_model,0.5,32,True,128,10,20,0.7474323861691201,0.8321725904728088,0.7807534963025363,0.7474323861691201,101.70771817500062
56,NAP_model,0,16,False,128,10,10,0.7706264977747347,0.8645734724620215,0.8094590137852946,0.7706264977747347,57.777050154199245
56,NAP_model,0,16,False,128,10,20,0.7339609722697706,0.8447711168287093,0.7776361019849037,0.7339609722697706,105.55496450840728
56,NAP_model,0,32,False,128,10,10,0.793118794933242,0.8782731840592555,0.8270631927976344,0.793118794933242,61.338701149995906
56,NAP_model,0,32,False,128,10,20,0.7390448476549127,0.8118871846142308,0.7677946753373583,0.7390448476549127,102.18724692920514
8,SDFA_NAP_model,0.1,16,True,32,10,10,0.7561622731941116,0.8838307096525629,0.7972246370292794,0.7561622731941116,60.72232740840118
8,SDFA_NAP_model,0.2,16,True,32,10,10,0.7732625813077713,0.8782442953601229,0.8163772013740231,0.7732625813077713,61.16654078749707
8,SDFA_NAP_model,0.5,16,True,32,10,10,0.7550325231085244,0.8627792998850844,0.7972188379677541,0.7550325231085244,62.28317204589839
8,SDFA_NAP_model,0.1,16,True,32,10,20,0.6948134200616227,0.8204735152240565,0.7356572885475702,0.6948134200616227,104.13084508730098
8,SDFA_NAP_model,0.2,16,True,32,10,20,0.6646011639849366,0.8230923679686379,0.7163779388495781,0.6646011639849366,104.68351971230004
8,SDFA_NAP_model,0.5,16,True,32,10,20,0.6789284491612462,0.8493120240098431,0.7451674752100693,0.6789284491612462,104.35411529589328
8,SDFA_NAP_model,0.1,32,True,32,10,10,0.802841492639507,0.8812556967036853,0.8341764961877427,0.802841492639507,63.28292161240533
8,SDFA_NAP_model,0.2,32,True,32,10,10,0.7793392673741869,0.8628532035400693,0.8113627148706972,0.7793392673741869,64.56906332510115
8,SDFA_NAP_model,0.5,32,True,32,10,10,0.7837384457377611,0.8624226430598336,0.8136698462162897,0.7837384457377611,73.2372251122957
8,SDFA_NAP_model,0.1,32,True,32,10,20,0.7562992125984253,0.8425722499140735,0.7908815490272066,0.7562992125984253,114.37039006689447
8,SDFA_NAP_model,0.2,32,True,32,10,20,0.7447963026360835,0.8348593129612197,0.7796347409998745,0.7447963026360835,111.76395857949974
8,SDFA_NAP_model,0.5,32,True,32,10,20,0.7431016775077028,0.8353270252915282,0.7778540863757688,0.7431016775077028,112.07591445000435
8,NAP_model,0,16,False,32,10,10,0.7428277986990757,0.8687466579313332,0.7829924251855616,0.7428277986990757,64.54772313330614
8,NAP_model,0,16,False,32,10,20,0.7335330366312907,0.8385128011186979,0.775360305998559,0.7335330366312907,110.55050819579628
8,NAP_model,0,32,False,32,10,10,0.76367682300582,0.8729790395563947,0.7966227888677657,0.76367682300582,68.90562994150677
8,NAP_model,0,32,False,32,10,20,0.7147552208147895,0.8135648372813553,0.7510322337429862,0.7147552208147895,109.87463913330285
8,SDFA_NAP_model,0.1,16,True,128,10,10,0.7434097911674085,0.8719474837871535,0.787557260285217,0.7434097911674085,68.02028795430087
8,SDFA_NAP_model,0.2,16,True,128,10,10,0.7472098596371106,0.8757778060123331,0.7904230882924074,0.7472098596371106,65.54159114150097
8,SDFA_NAP_model,0.5,16,True,128,10,10,0.7444197192742211,0.8474872919455969,0.7892058684966338,0.7444197192742211,67.51950281670142
8,SDFA_NAP_model,0.1,16,True,128,10,20,0.6849024306744266,0.827193391136487,0.7396057995890728,0.6849024306744266,113.97636744589836
8,SDFA_NAP_model,0.2,16,True,128,10,20,0.725042793563848,0.8414100737954366,0.7632186666752642,0.725042793563848,114.3191655082046
8,SDFA_NAP_model,0.5,16,True,128,10,20,0.7012153372132831,0.8373036009888102,0.7467983368583276,0.7012153372132831,112.80588494560507
8,SDFA_NAP_model,0.1,32,True,128,10,10,0.7864772338240329,0.8759045722578982,0.8216702670737852,0.7864772338240329,71.98226333719795
8,SDFA_NAP_model,0.2,32,True,128,10,10,0.7831906881205066,0.8740969634629676,0.8177544055686032,0.7831906881205066,71.04716264999297
8,SDFA_NAP_model,0.5,32,True,128,10,10,0.7732112290311537,0.8711840646416845,0.8104928018832366,0.7732112290311537,71.0671241751057
8,SDFA_NAP_model,0.1,32,True,128,10,20,0.7519685039370079,0.8355743061381076,0.7843806065081211,0.7519685039370079,110.547606399894
8,SDFA_NAP_model,0.2,32,True,128,10,20,0.7529613146182814,0.8385868023833061,0.7877121011907391,0.7529613146182814,111.12338017099827
8,SDFA_NAP_model,0.5,32,True,128,10,20,0.7631461828141047,0.8634579523296454,0.8024598238551357,0.7631461828141047,112.34531027069025
8,NAP_model,0,16,False,128,10,10,0.7703526189661075,0.8688944474613516,0.8087251510922105,0.7703526189661075,64.22101756229532
8,NAP_model,0,16,False,128,10,20,0.7273707634371791,0.8145964702402445,0.7602270873044481,0.7273707634371791,110.96161669179855
8,NAP_model,0,32,False,128,10,10,0.7952413557001027,0.8831849425131371,0.8305060033662046,0.7952413557001027,68.7827867747983
8,NAP_model,0,32,False,128,10,20,0.7197021567956179,0.841598948990262,0.762635163891237,0.7197021567956179,109.16156614139618
15,SDFA_NAP_model,0.1,16,True,32,10,10,0.7622389592605272,0.851585153112398,0.7980368462476544,0.7622389592605272,67.68345300819492
15,SDFA_NAP_model,0.2,16,True,32,10,10,0.7533721328312222,0.8540439739559484,0.7918044554309293,0.7533721328312222,66.39803272930149
15,SDFA_NAP_model,0.5,16,True,32,10,10,0.7666381376241014,0.8860731943553927,0.8151079474911035,0.7666381376241014,68.03201632070122
15,SDFA_NAP_model,0.1,16,True,32,10,20,0.7384799726121192,0.8634537972779981,0.7872533440894145,0.7384799726121192,114.6344101124967
15,SDFA_NAP_model,0.2,16,True,32,10,20,0.7408421773365286,0.8526563281994528,0.7864530298298659,0.7408421773365286,113.0954398250091
15,SDFA_NAP_model,0.5,16,True,32,10,20,0.7039712427250941,0.8417138204436587,0.7520341122008671,0.7039712427250941,113.7101318666013
15,SDFA_NAP_model,0.1,32,True,32,10,10,0.7942485450188291,0.8787280168444824,0.8282632547140536,0.7942485450188291,72.20365447510267
15,SDFA_NAP_model,0.2,32,True,32,10,10,0.7786888052036973,0.8533288182355209,0.8046803971478335,0.7786888052036973,71.59072523329523
15,SDFA_NAP_model,0.5,32,True,32,10,10,0.7705580280725779,0.8621812671835013,0.8053087548694662,0.7705580280725779,71.34671666649811
15,SDFA_NAP_model,0.1,32,True,32,10,20,0.7472612119137282,0.8116902593151953,0.7718585236045821,0.7472612119137282,111.24884830840165
15,SDFA_NAP_model,0.2,32,True,32,10,20,0.7493666552550496,0.8197683884295985,0.7760571265331941,0.7493666552550496,112.50992854169745
15,SDFA_NAP_model,0.5,32,True,32,10,20,0.7388223211229031,0.8423840099100833,0.7715854525075995,0.7388223211229031,112.88586870839644
15,NAP_model,0,16,False,32,10,10,0.7792365628209518,0.8681703284342773,0.816175380669337,0.7792365628209518,64.67119106660247
15,NAP_model,0,16,False,32,10,20,0.7105272167066073,0.8464336364992499,0.7537913956514057,0.7105272167066073,110.73903475409898
15,NAP_model,0,32,False,32,10,10,0.7786716877781582,0.8525264432768698,0.8083765089198458,0.7786716877781582,69.01750307500478
15,NAP_model,0,32,False,32,10,20,0.7544505306401917,0.8450100916223837,0.789697845198246,0.7544505306401917,109.10155265409557
15,SDFA_NAP_model,0.1,16,True,128,10,10,0.7692057514549812,0.8857439528221843,0.8054246272912982,0.7692057514549812,67.61449464159959
15,SDFA_NAP_model,0.2,16,True,128,10,10,0.7603731598767546,0.8888717002983972,0.804188725575624,0.7603731598767546,65.51883193329559
15,SDFA_NAP_model,0.5,16,True,128,10,10,0.7673570694967476,0.877806821642656,0.811977931873712,0.7673570694967476,67.5372966918978
15,SDFA_NAP_model,0.1,16,True,128,10,20,0.7177678877096885,0.8430502293883632,0.7600831821076416,0.7177678877096885,114.913717929204
15,SDFA_NAP_model,0.2,16,True,128,10,20,0.7089352961314618,0.8146154119315561,0.7496560743394707,0.7089352961314618,113.70446212530369
15,SDFA_NAP_model,0.5,16,True,128,10,20,0.6867853474837384,0.8221615664700593,0.7352307592702878,0.6867853474837384,114.18745010840067
15,SDFA_NAP_model,0.1,32,True,128,10,10,0.7846456692913386,0.8822594898266667,0.8195908882370502,0.7846456692913386,72.01013538369735
15,SDFA_NAP_model,0.2,32,True,128,10,10,0.7604929818555289,0.8793707987825699,0.7968296667406709,0.7604929818555289,71.98409416649956
15,SDFA_NAP_model,0.5,32,True,128,10,10,0.777713111947963,0.8711520732464835,0.8135322312370462,0.777713111947963,72.08095402079925
15,SDFA_NAP_model,0.1,32,True,128,10,20,0.7545874700445053,0.8433377886319574,0.7905459971216559,0.7545874700445053,113.18335571660137
15,SDFA_NAP_model,0.2,32,True,128,10,20,0.7668435467305718,0.8612930140301337,0.8039995320330214,0.7668435467305718,114.03246844570094
15,SDFA_NAP_model,0.5,32,True,128,10,20,0.7420575145498117,0.8182938890298003,0.7690328386000096,0.7420575145498117,114.33420683330041
15,NAP_model,0,16,False,128,10,10,0.7691886340294419,0.8794444151563359,0.8106603651365182,0.7691886340294419,66.18866359159583
15,NAP_model,0,16,False,128,10,20,0.6929989729544677,0.8185094268908145,0.7376977112162679,0.6929989729544677,112.61164543769556
15,NAP_model,0,32,False,128,10,10,0.7962341663813762,0.8826938760377113,0.8306386161380548,0.7962341663813762,68.46688434570096
15,NAP_model,0,32,False,128,10,20,0.7586614173228347,0.8307831051206817,0.7872955167883071,0.7586614173228347,109.79463773760071
76,SDFA_NAP_model,0.1,16,True,32,10,10,0.758952413557001,0.8551945094219452,0.7974376761416555,0.758952413557001,68.04250230819453
76,SDFA_NAP_model,0.2,16,True,32,10,10,0.7759157822663472,0.8664060625401419,0.8143970664665434,0.7759157822663472,67.29879351290874
76,SDFA_NAP_model,0.5,16,True,32,10,10,0.7622560766860664,0.8771477242373191,0.8067683357154427,0.7622560766860664,68.83204077080009
76,SDFA_NAP_model,0.1,16,True,32,10,20,0.7316158849709004,0.8492869952694899,0.7772266588964527,0.7316158849709004,114.00379326659603
76,SDFA_NAP_model,0.2,16,True,32,10,20,0.7122903115371448,0.8475623153969142,0.7573141160683309,0.7122903115371448,113.23971536259633
76,SDFA_NAP_model,0.5,16,True,32,10,20,0.7292879150975693,0.8428728601056183,0.7750633156159579,0.7292879150975693,114.15664408320444
76,SDFA_NAP_model,0.1,32,True,32,10,10,0.7987675453611777,0.8905934017471134,0.8354805441875667,0.7987675453611777,71.44793821250205
76,SDFA_NAP_model,0.2,32,True,32,10,10,0.7930332078055461,0.8710374056013056,0.8259853659720786,0.7930332078055461,71.53941265420872
76,SDFA_NAP_model,0.5,32,True,32,10,10,0.7910304690174598,0.8702320854192241,0.8222416601901431,0.7910304690174598,71.18739251259248
76,SDFA_NAP_model,0.1,32,True,32,10,20,0.7600821636425882,0.8438283470391342,0.7937258878554541,0.7600821636425882,112.01419372889795
76,SDFA_NAP_model,0.2,32,True,32,10,20,0.7673913043478261,0.8428815075146411,0.798671155423214,0.7673913043478261,113.3292390123941
76,SDFA_NAP_model,0.5,32,True,32,10,20,0.7425710373159877,0.8131024310133811,0.7694572697747749,0.7425710373159877,111.91534396249918
76,NAP_model,0,16,False,32,10,10,0.748630605956864,0.8819809570252591,0.7904291380698708,0.748630605956864,64.78513147088816
76,NAP_model,0,16,False,32,10,20,0.7475350907223554,0.855035079689379,0.7901656211007552,0.7475350907223554,113.46638215009588
76,NAP_model,0,32,False,32,10,10,0.7825915782266347,0.8798064452795004,0.8106128610209483,0.7825915782266347,69.19407279160222
76,NAP_model,0,32,False,32,10,20,0.7567442656624443,0.8408557940710928,0.7884787470852699,0.7567442656624443,109.19079983761185
76,SDFA_NAP_model,0.1,16,True,128,10,10,0.7735022252653201,0.8657894343414936,0.8116336159353422,0.7735022252653201,66.49203292099992
76,SDFA_NAP_model,0.2,16,True,128,10,10,0.7681958233481684,0.8602265173273159,0.8013614898189411,0.7681958233481684,68.69873258320149
76,SDFA_NAP_model,0.5,16,True,128,10,10,0.7718418349880178,0.8864410143697772,0.8201834082848023,0.7718418349880178,68.9118431289855
76,SDFA_NAP_model,0.1,16,True,128,10,20,0.7290140362889421,0.8392087174456504,0.7747309565683166,0.7290140362889421,115.1647086874058
76,SDFA_NAP_model,0.2,16,True,128,10,20,0.687350222526532,0.8326242286600463,0.7439765596202048,0.687350222526532,114.12870251690038
76,SDFA_NAP_model,0.5,16,True,128,10,20,0.6893871961656967,0.8052099484876079,0.7387090136992011,0.6893871961656967,115.51455052918755
76,SDFA_NAP_model,0.1,32,True,128,10,10,0.7817870592262923,0.8749576136306896,0.8170376995146996,0.7817870592262923,71.80069698328734
76,SDFA_NAP_model,0.2,32,True,128,10,10,0.790705237932215,0.8775144869983114,0.8248845027034849,0.790705237932215,71.17929583330405
76,SDFA_NAP_model,0.5,32,True,128,10,10,0.7595172885997946,0.8619603431849694,0.7919177120154078,0.7595172885997946,70.06453231660416
76,SDFA_NAP_model,0.1,32,True,128,10,20,0.7115200273878809,0.8382789605567977,0.7583328837380364,0.7115200273878809,107.52348004151717
76,SDFA_NAP_model,0.2,32,True,128,10,20,0.7431530297843204,0.815032403940202,0.7699158057100681,0.7431530297843204,113.62947653330048
76,SDFA_NAP_model,0.5,32,True,128,10,20,0.7587298870249914,0.8348355735345896,0.7899974986729846,0.7587298870249914,112.80688312079874
76,NAP_model,0,16,False,128,10,10,0.7650119821978775,0.8924791457077752,0.809073894309593,0.7650119821978775,65.98068802931229
76,NAP_model,0,16,False,128,10,20,0.6742382745635056,0.8293189872781666,0.7269262588806664,0.6742382745635056,114.64843152510002
76,NAP_model,0,32,False,128,10,10,0.7883601506333447,0.8672412922534868,0.8187933818895193,0.7883601506333447,69.39904194599949
76,NAP_model,0,32,False,128,10,20,0.7210373159876755,0.8218249329714632,0.758513773801427,0.7210373159876755,111.55509448739467
23,SDFA_NAP_model,0.1,16,True,32,10,10,0.7986819582334816,0.9006742200011162,0.8410101273467684,0.7986819582334816,67.4783381042129
23,SDFA_NAP_model,0.2,16,True,32,10,10,0.7704895583704211,0.8632122809247423,0.8063835364400646,0.7704895583704211,69.34379742098972
23,SDFA_NAP_model,0.5,16,True,32,10,10,0.7667237247517973,0.8605037738407301,0.8048930555732786,0.7667237247517973,68.13419222489465
23,SDFA_NAP_model,0.1,16,True,32,10,20,0.728055460458747,0.8369732937545122,0.7711494453976645,0.728055460458747,116.41973379990085
23,SDFA_NAP_model,0.2,16,True,32,10,20,0.7259842519685039,0.8227554786604752,0.7631739790146764,0.7259842519685039,117.82885806661216
23,SDFA_NAP_model,0.5,16,True,32,10,20,0.7234851078397809,0.8197303119329901,0.7616444624041288,0.7234851078397809,118.11996149990009
23,SDFA_NAP_model,0.1,32,True,32,10,10,0.7902088325915783,0.8697397816626593,0.8203987375522747,0.7902088325915783,72.74464544988587
23,SDFA_NAP_model,0.2,32,True,32,10,10,0.7846970215679562,0.8730706063462067,0.8201495170875392,0.7846970215679562,72.12024558320408
23,SDFA_NAP_model,0.5,32,True,32,10,10,0.7593289969188634,0.8462002363169558,0.7891326966215145,0.7593289969188634,72.61063127089874
23,SDFA_NAP_model,0.1,32,True,32,10,20,0.7601335159192057,0.8504433972740846,0.7959065516996658,0.7601335159192057,113.9623107249965
23,SDFA_NAP_model,0.2,32,True,32,10,20,0.7546730571722013,0.8547967947278635,0.7946306430453942,0.7546730571722013,114.58221782910405
23,SDFA_NAP_model,0.5,32,True,32,10,20,0.7535090722355358,0.8305349645830025,0.7854942825540374,0.7535090722355358,114.49702540849103
23,NAP_model,0,16,False,32,10,10,0.7677850051352276,0.8610322979423758,0.8043323914130522,0.7677850051352276,66.7076902085042
23,NAP_model,0,16,False,32,10,20,0.695703526189661,0.8353555911520885,0.754451620445875,0.695703526189661,116.04924880859907
23,NAP_model,0,32,False,32,10,10,0.772458062307429,0.8489451412491207,0.8010510020007309,0.772458062307429,69.51539876690367
23,NAP_model,0,32,False,32,10,20,0.6537315987675454,0.7435406861287482,0.6830320155260606,0.6537315987675454,112.43071367910598
23,SDFA_NAP_model,0.1,16,True,128,10,10,0.7782437521396782,0.884779274608429,0.8230197178289177,0.7782437521396782,65.58250253739534
23,SDFA_NAP_model,0.2,16,True,128,10,10,0.7621362547072921,0.8576388737705283,0.8002160426739258,0.7621362547072921,68.95065067909891
23,SDFA_NAP_model,0.5,16,True,128,10,10,0.7718247175624786,0.87167390994346,0.810886507854851,0.7718247175624786,68.83775261679548
23,SDFA_NAP_model,0.1,16,True,128,10,20,0.7341492639507018,0.8285123449862342,0.7729887233730206,0.7341492639507018,117.94284398349119
23,SDFA_NAP_model,0.2,16,True,128,10,20,0.7357583019513865,0.8426880578979143,0.7787526553225814,0.7357583019513865,118.14855359990034
23,SDFA_NAP_model,0.5,16,True,128,10,20,0.7397808969530982,0.867160009335918,0.7923796401020906,0.7397808969530982,118.2650822666008
23,SDFA_NAP_model,0.1,32,True,128,10,10,0.7784833960972269,0.8618467765693791,0.8030760433420644,0.7784833960972269,72.15864097520243
23,SDFA_NAP_model,0.2,32,True,128,10,10,0.7625813077713112,0.8378526692792935,0.7905206655263152,0.7625813077713112,72.06519469590857
23,SDFA_NAP_model,0.5,32,True,128,10,10,0.7732968161588497,0.8650287350404079,0.8082127604364967,0.7732968161588497,70.16033722080174
23,SDFA_NAP_model,0.1,32,True,128,10,20,0.7495035946593632,0.8418043795842526,0.7850678678424412,0.7495035946593632,115.45601600409718
23,SDFA_NAP_model,0.2,32,True,128,10,20,0.7470558028072578,0.8429647283922043,0.7825252488275712,0.7470558028072578,114.39879650819348
23,SDFA_NAP_model,0.5,32,True,128,10,20,0.7445737761040739,0.8324424126894503,0.7781343002457075,0.7445737761040739,115.05978268749895
23,NAP_model,0,16,False,128,10,10,0.7797500855871277,0.8620675165040237,0.8143879732064456,0.7797500855871277,66.33037380829337
23,NAP_model,0,16,False,128,10,20,0.6606983909619993,0.8295786351481454,0.7210509685267438,0.6606983909619993,114.74263846671093
23,NAP_model,0,32,False,128,10,10,0.7880862718247176,0.8629021485535505,0.8149927901013888,0.7880862718247176,69.00055815411034
23,NAP_model,0,32,False,128,10,20,0.7175111263266005,0.8390405890009948,0.7670215466355622,0.7175111263266005,112.4465551419009
56,SDFA_NAP_model,0.1,16,True,16,10,10,0.7832591578226634,0.8693800355632608,0.819455637346561,0.7832591578226634,58.25903291669674
56,SDFA_NAP_model,0.2,16,True,16,10,10,0.7724067100308114,0.8693645733700841,0.8095816068296587,0.7724067100308114,59.545277720695594
56,SDFA_NAP_model,0.5,16,True,16,10,10,0.7532351934269086,0.8663983447954064,0.7949024438444126,0.7532351934269086,60.538010475004555
56,SDFA_NAP_model,0.1,16,True,16,10,20,0.7354159534406025,0.8432204301914549,0.779071409889683,0.7354159534406025,101.58819260850433
56,SDFA_NAP_model,0.2,16,True,16,10,20,0.7021567956179391,0.8379647553276589,0.7466584177169959,0.7021567956179391,99.57535748340888
56,SDFA_NAP_model,0.5,16,True,16,10,20,0.6598254022595001,0.8339131246796131,0.7203559606748424,0.6598254022595001,103.26477205008268
56,SDFA_NAP_model,0.1,32,True,16,10,10,0.7913557001027045,0.8800199603594369,0.8255724002355319,0.7913557001027045,64.0391457250109
56,SDFA_NAP_model,0.2,32,True,16,10,10,0.790619650804519,0.8781267114644183,0.8239810926284061,0.790619650804519,68.5662531997892
56,SDFA_NAP_model,0.5,32,True,16,10,10,0.7734166381376241,0.8525507182700761,0.8042579265985429,0.7734166381376241,73.68488274558331
56,SDFA_NAP_model,0.1,32,True,16,10,20,0.7600136939404314,0.8455786238834987,0.7938768320874832,0.7600136939404314,108.3563798083982
56,SDFA_NAP_model,0.2,32,True,16,10,20,0.7527387880862718,0.8378357712495611,0.7854652755245467,0.7527387880862718,97.05274732930702
56,SDFA_NAP_model,0.5,32,True,16,10,20,0.7339780896953099,0.8043292929381407,0.763300780166233,0.7339780896953099,100.86891938310582
56,NAP_model,0,16,False,16,10,10,0.7555802807257789,0.8869935142998284,0.7985527307500091,0.7555802807257789,60.185402720916315
56,NAP_model,0,16,False,16,10,20,0.7146867511126327,0.8439108088290818,0.7567137823983842,0.7146867511126327,97.57982348339866
56,NAP_model,0,32,False,16,10,10,0.7610407394727833,0.8763238196849098,0.7954488905276093,0.7610407394727833,64.19371232929988
56,NAP_model,0,32,False,16,10,20,0.7320609380349196,0.8101733826136354,0.7591528542712929,0.7320609380349196,98.62789284170722
56,SDFA_NAP_model,0.1,16,True,64,10,10,0.7829339267374187,0.8757597684931133,0.8222422835217236,0.7829339267374187,61.83653270400246
56,SDFA_NAP_model,0.2,16,True,64,10,10,0.7610920917494008,0.8570748812069504,0.797351234151051,0.7610920917494008,63.05419654151192
56,SDFA_NAP_model,0.5,16,True,64,10,10,0.7537315987675454,0.8631404049546068,0.7941483821957102,0.7537315987675454,63.15060671670945
56,SDFA_NAP_model,0.1,16,True,64,10,20,0.6845600821636426,0.7963863602295967,0.7214315541100039,0.6845600821636426,102.6692568874918
56,SDFA_NAP_model,0.2,16,True,64,10,20,0.7058712769599452,0.8369902657371111,0.7496099370771326,0.7058712769599452,100.15258902941132
56,SDFA_NAP_model,0.5,16,True,64,10,20,0.6961828141047587,0.8517485138622188,0.7483763398794125,0.6961828141047587,127.6484623790835
56,SDFA_NAP_model,0.1,32,True,64,10,10,0.7886340294419719,0.8775990852496002,0.823077737036188,0.7886340294419719,161.07634440830444
56,SDFA_NAP_model,0.2,32,True,64,10,10,0.7586100650462171,0.8666637822196057,0.790889811372447,0.7586100650462171,172.04635601670014
56,SDFA_NAP_model,0.5,32,True,64,10,10,0.7799897295446765,0.8646280497315221,0.8132790840068558,0.7799897295446765,185.68588026250364
56,SDFA_NAP_model,0.1,32,True,64,10,20,0.7334474495035946,0.8080750751547858,0.7592823035669426,0.7334474495035946,194.4346634624002
56,SDFA_NAP_model,0.2,32,True,64,10,20,0.7369736391646696,0.8388806998498065,0.7738972777793056,0.7369736391646696,99.12029618340311
56,SDFA_NAP_model,0.5,32,True,64,10,20,0.7474323861691201,0.8321725904728088,0.7807534963025363,0.7474323861691201,199.438186803984
56,NAP_model,0,16,False,64,10,10,0.7706264977747347,0.8645734724620215,0.8094590137852946,0.7706264977747347,156.26983908340335
56,NAP_model,0,16,False,64,10,20,0.7339609722697706,0.8447711168287093,0.7776361019849037,0.7339609722697706,279.7195865290938
56,NAP_model,0,32,False,64,10,10,0.793118794933242,0.8782731840592555,0.8270631927976344,0.793118794933242,176.34877569158562
56,NAP_model,0,32,False,64,10,20,0.7390448476549127,0.8118871846142308,0.7677946753373583,0.7390448476549127,272.2420031166286
8,SDFA_NAP_model,0.1,16,True,16,10,10,0.7561622731941116,0.8838307096525629,0.7972246370292794,0.7561622731941116,181.25903018732788
8,SDFA_NAP_model,0.2,16,True,16,10,10,0.7732625813077713,0.8782442953601229,0.8163772013740231,0.7732625813077713,170.1446077417
8,SDFA_NAP_model,0.5,16,True,16,10,10,0.7550325231085244,0.8627792998850844,0.7972188379677541,0.7550325231085244,175.3934335748898
8,SDFA_NAP_model,0.1,16,True,16,10,20,0.6948134200616227,0.8204735152240565,0.7356572885475702,0.6948134200616227,153.22857751682167
8,SDFA_NAP_model,0.2,16,True,16,10,20,0.6646011639849366,0.8230923679686379,0.7163779388495781,0.6646011639849366,96.06456291658105
8,SDFA_NAP_model,0.5,16,True,16,10,20,0.6789284491612462,0.8493120240098431,0.7451674752100693,0.6789284491612462,100.44774112079759
8,SDFA_NAP_model,0.1,32,True,16,10,10,0.802841492639507,0.8812556967036853,0.8341764961877427,0.802841492639507,66.15648182530421
8,SDFA_NAP_model,0.2,32,True,16,10,10,0.7793392673741869,0.8628532035400693,0.8113627148706972,0.7793392673741869,65.31146461250027
8,SDFA_NAP_model,0.5,32,True,16,10,10,0.7837384457377611,0.8624226430598336,0.8136698462162897,0.7837384457377611,62.91010073757498
8,SDFA_NAP_model,0.1,32,True,16,10,20,0.7562992125984253,0.8425722499140735,0.7908815490272066,0.7562992125984253,104.75984133769525
8,SDFA_NAP_model,0.2,32,True,16,10,20,0.7447963026360835,0.8348593129612197,0.7796347409998745,0.7447963026360835,100.54152555422624
8,SDFA_NAP_model,0.5,32,True,16,10,20,0.7431016775077028,0.8353270252915282,0.7778540863757688,0.7431016775077028,101.54511097511276
8,NAP_model,0,16,False,16,10,10,0.7428277986990757,0.8687466579313332,0.7829924251855616,0.7428277986990757,59.239838150003926
8,NAP_model,0,16,False,16,10,20,0.7335330366312907,0.8385128011186979,0.775360305998559,0.7335330366312907,97.87426254173042
8,NAP_model,0,32,False,16,10,10,0.76367682300582,0.8729790395563947,0.7966227888677657,0.76367682300582,61.15356618341757
8,NAP_model,0,32,False,16,10,20,0.7147552208147895,0.8135648372813553,0.7510322337429862,0.7147552208147895,100.34939046249492
8,SDFA_NAP_model,0.1,16,True,64,10,10,0.7434097911674085,0.8719474837871535,0.787557260285217,0.7434097911674085,60.06861031689914
8,SDFA_NAP_model,0.2,16,True,64,10,10,0.7472098596371106,0.8757778060123331,0.7904230882924074,0.7472098596371106,61.314460920798595
8,SDFA_NAP_model,0.5,16,True,64,10,10,0.7444197192742211,0.8474872919455969,0.7892058684966338,0.7444197192742211,60.7566968207946
8,SDFA_NAP_model,0.1,16,True,64,10,20,0.6849024306744266,0.827193391136487,0.7396057995890728,0.6849024306744266,97.45249911249849
8,SDFA_NAP_model,0.2,16,True,64,10,20,0.725042793563848,0.8414100737954366,0.7632186666752642,0.725042793563848,99.72946802070365
8,SDFA_NAP_model,0.5,16,True,64,10,20,0.7012153372132831,0.8373036009888102,0.7467983368583276,0.7012153372132831,98.03300672929035
8,SDFA_NAP_model,0.1,32,True,64,10,10,0.7864772338240329,0.8759045722578982,0.8216702670737852,0.7864772338240329,63.34097896239255
8,SDFA_NAP_model,0.2,32,True,64,10,10,0.7831906881205066,0.8740969634629676,0.8177544055686032,0.7831906881205066,62.654007587290835
8,SDFA_NAP_model,0.5,32,True,64,10,10,0.7732112290311537,0.8711840646416845,0.8104928018832366,0.7732112290311537,65.41168939602794
8,SDFA_NAP_model,0.1,32,True,64,10,20,0.7519685039370079,0.8355743061381076,0.7843806065081211,0.7519685039370079,101.20303386260056
8,SDFA_NAP_model,0.2,32,True,64,10,20,0.7529613146182814,0.8385868023833061,0.7877121011907391,0.7529613146182814,103.62704462081892
8,SDFA_NAP_model,0.5,32,True,64,10,20,0.7631461828141047,0.8634579523296454,0.8024598238551357,0.7631461828141047,100.17791145009687
8,NAP_model,0,16,False,64,10,10,0.7703526189661075,0.8688944474613516,0.8087251510922105,0.7703526189661075,59.89765489581041
8,NAP_model,0,16,False,64,10,20,0.7273707634371791,0.8145964702402445,0.7602270873044481,0.7273707634371791,96.91406175820157
8,NAP_model,0,32,False,64,10,10,0.7952413557001027,0.8831849425131371,0.8305060033662046,0.7952413557001027,61.72089468747144
8,NAP_model,0,32,False,64,10,20,0.7197021567956179,0.841598948990262,0.762635163891237,0.7197021567956179,100.82479637931101
15,SDFA_NAP_model,0.1,16,True,16,10,10,0.7622389592605272,0.851585153112398,0.7980368462476544,0.7622389592605272,62.549384279025254
15,SDFA_NAP_model,0.2,16,True,16,10,10,0.7533721328312222,0.8540439739559484,0.7918044554309293,0.7533721328312222,61.194768445717635
15,SDFA_NAP_model,0.5,16,True,16,10,10,0.7666381376241014,0.8860731943553927,0.8151079474911035,0.7666381376241014,60.44119341670303
15,SDFA_NAP_model,0.1,16,True,16,10,20,0.7384799726121192,0.8634537972779981,0.7872533440894145,0.7384799726121192,99.36458587931702
15,SDFA_NAP_model,0.2,16,True,16,10,20,0.7408421773365286,0.8526563281994528,0.7864530298298659,0.7408421773365286,97.68001278317533
15,SDFA_NAP_model,0.5,16,True,16,10,20,0.7039712427250941,0.8417138204436587,0.7520341122008671,0.7039712427250941,99.54423027078155
15,SDFA_NAP_model,0.1,32,True,16,10,10,0.7942485450188291,0.8787280168444824,0.8282632547140536,0.7942485450188291,62.32916251657298
15,SDFA_NAP_model,0.2,32,True,16,10,10,0.7786888052036973,0.8533288182355209,0.8046803971478335,0.7786888052036973,62.57749165419955
15,SDFA_NAP_model,0.5,32,True,16,10,10,0.7705580280725779,0.8621812671835013,0.8053087548694662,0.7705580280725779,63.99517208319158
15,SDFA_NAP_model,0.1,32,True,16,10,20,0.7472612119137282,0.8116902593151953,0.7718585236045821,0.7472612119137282,99.0999944998999
15,SDFA_NAP_model,0.2,32,True,16,10,20,0.7493666552550496,0.8197683884295985,0.7760571265331941,0.7493666552550496,101.91113863327773
15,SDFA_NAP_model,0.5,32,True,16,10,20,0.7388223211229031,0.8423840099100833,0.7715854525075995,0.7388223211229031,101.66625441260403
15,NAP_model,0,16,False,16,10,10,0.7792365628209518,0.8681703284342773,0.816175380669337,0.7792365628209518,60.482007804315074
15,NAP_model,0,16,False,16,10,20,0.7105272167066073,0.8464336364992499,0.7537913956514057,0.7105272167066073,99.40302243332845
15,NAP_model,0,32,False,16,10,10,0.7786716877781582,0.8525264432768698,0.8083765089198458,0.7786716877781582,61.950780283240604
15,NAP_model,0,32,False,16,10,20,0.7544505306401917,0.8450100916223837,0.789697845198246,0.7544505306401917,101.12579731241567
15,SDFA_NAP_model,0.1,16,True,64,10,10,0.7692057514549812,0.8857439528221843,0.8054246272912982,0.7692057514549812,61.58150272506755
15,SDFA_NAP_model,0.2,16,True,64,10,10,0.7603731598767546,0.8888717002983972,0.804188725575624,0.7603731598767546,60.90567293339409
15,SDFA_NAP_model,0.5,16,True,64,10,10,0.7673570694967476,0.877806821642656,0.811977931873712,0.7673570694967476,62.48284805828007
15,SDFA_NAP_model,0.1,16,True,64,10,20,0.7177678877096885,0.8430502293883632,0.7600831821076416,0.7177678877096885,100.50621651238762
15,SDFA_NAP_model,0.2,16,True,64,10,20,0.7089352961314618,0.8146154119315561,0.7496560743394707,0.7089352961314618,132.637126541615
15,SDFA_NAP_model,0.5,16,True,64,10,20,0.6867853474837384,0.8221615664700593,0.7352307592702878,0.6867853474837384,271.891821616597
15,SDFA_NAP_model,0.1,32,True,64,10,10,0.7846456692913386,0.8822594898266667,0.8195908882370502,0.7846456692913386,184.4780564041226
15,SDFA_NAP_model,0.2,32,True,64,10,10,0.7604929818555289,0.8793707987825699,0.7968296667406709,0.7604929818555289,95.80367327920393
15,SDFA_NAP_model,0.5,32,True,64,10,10,0.777713111947963,0.8711520732464835,0.8135322312370462,0.777713111947963,63.82114054169506
15,SDFA_NAP_model,0.1,32,True,64,10,20,0.7545874700445053,0.8433377886319574,0.7905459971216559,0.7545874700445053,99.97474103749263
15,SDFA_NAP_model,0.2,32,True,64,10,20,0.7668435467305718,0.8612930140301337,0.8039995320330214,0.7668435467305718,101.4891376084066
15,SDFA_NAP_model,0.5,32,True,64,10,20,0.7420575145498117,0.8182938890298003,0.7690328386000096,0.7420575145498117,105.5482666749158
15,NAP_model,0,16,False,64,10,10,0.7691886340294419,0.8794444151563359,0.8106603651365182,0.7691886340294419,66.08764130391646
15,NAP_model,0,16,False,64,10,20,0.6929989729544677,0.8185094268908145,0.7376977112162679,0.6929989729544677,105.34109179589431
15,NAP_model,0,32,False,64,10,10,0.7962341663813762,0.8826938760377113,0.8306386161380548,0.7962341663813762,64.95581449979218
15,NAP_model,0,32,False,64,10,20,0.7586614173228347,0.8307831051206817,0.7872955167883071,0.7586614173228347,109.44468419990736
76,SDFA_NAP_model,0.1,16,True,16,10,10,0.758952413557001,0.8551945094219452,0.7974376761416555,0.758952413557001,66.00947941264603
76,SDFA_NAP_model,0.2,16,True,16,10,10,0.7759157822663472,0.8664060625401419,0.8143970664665434,0.7759157822663472,156.32149111250183
76,SDFA_NAP_model,0.5,16,True,16,10,10,0.7622560766860664,0.8771477242373191,0.8067683357154427,0.7622560766860664,179.69796143320855
76,SDFA_NAP_model,0.1,16,True,16,10,20,0.7316158849709004,0.8492869952694899,0.7772266588964527,0.7316158849709004,316.1162705291878
76,SDFA_NAP_model,0.2,16,True,16,10,20,0.7122903115371448,0.8475623153969142,0.7573141160683309,0.7122903115371448,309.36210737089857
76,SDFA_NAP_model,0.5,16,True,16,10,20,0.7292879150975693,0.8428728601056183,0.7750633156159579,0.7292879150975693,276.7873061207123
76,SDFA_NAP_model,0.1,32,True,16,10,10,0.7987675453611777,0.8905934017471134,0.8354805441875667,0.7987675453611777,178.7527238623705
76,SDFA_NAP_model,0.2,32,True,16,10,10,0.7930332078055461,0.8710374056013056,0.8259853659720786,0.7930332078055461,171.07937222517793
76,SDFA_NAP_model,0.5,32,True,16,10,10,0.7910304690174598,0.8702320854192241,0.8222416601901431,0.7910304690174598,175.70591772500194
76,SDFA_NAP_model,0.1,32,True,16,10,20,0.7600821636425882,0.8438283470391342,0.7937258878554541,0.7600821636425882,264.46424601658947
76,SDFA_NAP_model,0.2,32,True,16,10,20,0.7673913043478261,0.8428815075146411,0.798671155423214,0.7673913043478261,257.3910893581924
76,SDFA_NAP_model,0.5,32,True,16,10,20,0.7425710373159877,0.8131024310133811,0.7694572697747749,0.7425710373159877,263.9222194124944
76,NAP_model,0,16,False,16,10,10,0.748630605956864,0.8819809570252591,0.7904291380698708,0.748630605956864,158.5077185500064
76,NAP_model,0,16,False,16,10,20,0.7475350907223554,0.855035079689379,0.7901656211007552,0.7475350907223554,268.40458260831656
76,NAP_model,0,32,False,16,10,10,0.7825915782266347,0.8798064452795004,0.8106128610209483,0.7825915782266347,163.50165373331401
76,NAP_model,0,32,False,16,10,20,0.7567442656624443,0.8408557940710928,0.7884787470852699,0.7567442656624443,252.55998120829463
76,SDFA_NAP_model,0.1,16,True,64,10,10,0.7735022252653201,0.8657894343414936,0.8116336159353422,0.7735022252653201,161.20801164176083
76,SDFA_NAP_model,0.2,16,True,64,10,10,0.7681958233481684,0.8602265173273159,0.8013614898189411,0.7681958233481684,159.36967471240786
76,SDFA_NAP_model,0.5,16,True,64,10,10,0.7718418349880178,0.8864410143697772,0.8201834082848023,0.7718418349880178,158.1533204501262
76,SDFA_NAP_model,0.1,16,True,64,10,20,0.7290140362889421,0.8392087174456504,0.7747309565683166,0.7290140362889421,270.25118522912965
76,SDFA_NAP_model,0.2,16,True,64,10,20,0.687350222526532,0.8326242286600463,0.7439765596202048,0.687350222526532,270.6387330334284
76,SDFA_NAP_model,0.5,16,True,64,10,20,0.6893871961656967,0.8052099484876079,0.7387090136992011,0.6893871961656967,268.69405980812155
76,SDFA_NAP_model,0.1,32,True,64,10,10,0.7817870592262923,0.8749576136306896,0.8170376995146996,0.7817870592262923,166.56910288339714
76,SDFA_NAP_model,0.2,32,True,64,10,10,0.790705237932215,0.8775144869983114,0.8248845027034849,0.790705237932215,168.39160321669186
76,SDFA_NAP_model,0.5,32,True,64,10,10,0.7595172885997946,0.8619603431849694,0.7919177120154078,0.7595172885997946,168.20728053728817
76,SDFA_NAP_model,0.1,32,True,64,10,20,0.7115200273878809,0.8382789605567977,0.7583328837380364,0.7115200273878809,258.76891887100646
76,SDFA_NAP_model,0.2,32,True,64,10,20,0.7431530297843204,0.815032403940202,0.7699158057100681,0.7431530297843204,257.6034028082853
76,SDFA_NAP_model,0.5,32,True,64,10,20,0.7587298870249914,0.8348355735345896,0.7899974986729846,0.7587298870249914,256.25908362070334
76,NAP_model,0,16,False,64,10,10,0.7650119821978775,0.8924791457077752,0.809073894309593,0.7650119821978775,84.0989206373808
76,NAP_model,0,16,False,64,10,20,0.6742382745635056,0.8293189872781666,0.7269262588806664,0.6742382745635056,99.1766504248022
76,NAP_model,0,32,False,64,10,10,0.7883601506333447,0.8672412922534868,0.8187933818895193,0.7883601506333447,63.12751202090876
76,NAP_model,0,32,False,64,10,20,0.7210373159876755,0.8218249329714632,0.758513773801427,0.7210373159876755,99.5237910126103
