seed,local,quantile,model,lambda,d_model,er_loss,batch_size,no_epochs,rank_loss,sdfa_ce,avg_dl_distance,time,er_pred,er_target
4,FALSE,0.95,SDFA_suffix_model,0.1,16,TRUE,32,20,FALSE,FALSE,0.683485789,46.34915525,0.039100427,0.038875541
4,FALSE,0.95,SDFA_suffix_model,0.1,32,TRUE,32,20,FALSE,FALSE,0.656510778,45.43397983,0.039044804,0.038875541
4,FALSE,0.95,SDFA_suffix_model,0.1,64,TRUE,32,20,FALSE,FALSE,0.654414089,47.07758964,0.039009942,0.038875541
4,FALSE,0.95,SDFA_suffix_model,0.1,16,TRUE,128,20,FALSE,FALSE,0.689555301,12.3910248,0,0
4,FALSE,0.95,SDFA_suffix_model,0.1,32,TRUE,128,20,FALSE,FALSE,0.687499011,12.49547998,0,0
4,FALSE,0.95,SDFA_suffix_model,0.1,64,TRUE,128,20,FALSE,FALSE,0.667019458,12.49699124,0,0
4,FALSE,0.95,SDFA_suffix_model,0.2,16,TRUE,32,20,FALSE,FALSE,0.676228681,46.49247912,0.039021608,0.038875541
4,FALSE,0.95,SDFA_suffix_model,0.2,32,TRUE,32,20,FALSE,FALSE,0.650813313,47.1232449,0.038996748,0.038875541
4,FALSE,0.95,SDFA_suffix_model,0.2,64,TRUE,32,20,FALSE,FALSE,0.642329672,46.89424912,0.039062531,0.038875541
4,FALSE,0.95,SDFA_suffix_model,0.2,16,TRUE,128,20,FALSE,FALSE,0.687987981,12.39619373,0,0
4,FALSE,0.95,SDFA_suffix_model,0.2,32,TRUE,128,20,FALSE,FALSE,0.657400011,12.46441409,0,0
4,FALSE,0.95,SDFA_suffix_model,0.2,64,TRUE,128,20,FALSE,FALSE,0.64516317,12.54343835,0,0
4,FALSE,0.95,SDFA_suffix_model,0.5,16,TRUE,32,20,FALSE,FALSE,0.683208251,46.38076113,0.039076441,0.038875541
4,FALSE,0.95,SDFA_suffix_model,0.5,32,TRUE,32,20,FALSE,FALSE,0.676649094,47.06696984,0.038986041,0.038875541
4,FALSE,0.95,SDFA_suffix_model,0.5,64,TRUE,32,20,FALSE,FALSE,0.663406727,46.28050893,0.038985874,0.038875541
4,FALSE,0.95,SDFA_suffix_model,0.5,16,TRUE,128,20,FALSE,FALSE,0.686681944,12.39075035,0,0
4,FALSE,0.95,SDFA_suffix_model,0.5,32,TRUE,128,20,FALSE,FALSE,0.70990209,12.5357001,0,0
4,FALSE,0.95,SDFA_suffix_model,0.5,64,TRUE,128,20,FALSE,FALSE,0.628717475,12.49093648,0,0
4,FALSE,0.95,suffix_model,0,16,FALSE,32,20,FALSE,FALSE,0.670212741,46.9252348,0,0
4,FALSE,0.95,suffix_model,0,32,FALSE,32,20,FALSE,FALSE,0.648179986,47.21003313,0,0
4,FALSE,0.95,suffix_model,0,64,FALSE,32,20,FALSE,FALSE,0.640132897,47.26989177,0,0
4,FALSE,0.95,suffix_model,0,16,FALSE,128,20,FALSE,FALSE,0.683009208,12.06281344,0,0
4,FALSE,0.95,suffix_model,0,32,FALSE,128,20,FALSE,FALSE,0.687092855,12.09483394,0,0
4,FALSE,0.95,suffix_model,0,64,FALSE,128,20,FALSE,FALSE,0.642038307,12.13372954,0,0
4,TRUE,0.95,SDFA_suffix_model,0.1,16,TRUE,128,20,FALSE,FALSE,0.698166714,30.2936357,0.002594865,0.002592082
4,TRUE,0.95,SDFA_suffix_model,0.1,16,TRUE,64,20,FALSE,FALSE,0.699364034,38.77176348,0.010252097,0.010116105
4,TRUE,0.95,SDFA_suffix_model,0.1,16,TRUE,32,20,FALSE,FALSE,0.672148917,55.24106066,0.039056833,0.038875541
4,TRUE,0.95,SDFA_suffix_model,0.1,16,TRUE,16,20,FALSE,FALSE,0.65998721,89.12942834,0.145787729,0.145109543
4,TRUE,0.95,SDFA_suffix_model,0.1,32,TRUE,128,20,FALSE,FALSE,0.681964827,30.39908638,0.002592254,0.002592082
4,TRUE,0.95,SDFA_suffix_model,0.1,32,TRUE,64,20,FALSE,FALSE,0.656318915,38.81755198,0.010300064,0.010116105
4,TRUE,0.95,SDFA_suffix_model,0.1,32,TRUE,32,20,FALSE,FALSE,0.646484868,54.09760535,0.039108327,0.038875541
4,TRUE,0.95,SDFA_suffix_model,0.1,32,TRUE,16,20,FALSE,FALSE,0.64754218,91.32941979,0.146212055,0.145109543
4,TRUE,0.95,SDFA_suffix_model,0.1,64,TRUE,128,20,FALSE,FALSE,0.642510285,30.36857214,0.002592317,0.002592082
4,TRUE,0.95,SDFA_suffix_model,0.1,64,TRUE,64,20,FALSE,FALSE,0.657111901,37.76990951,0.010196078,0.010116105
4,TRUE,0.95,SDFA_suffix_model,0.1,64,TRUE,32,20,FALSE,FALSE,0.654392009,54.14929533,0.039046857,0.038875541
4,TRUE,0.95,SDFA_suffix_model,0.1,64,TRUE,16,20,FALSE,FALSE,0.627240172,93.59520042,0.145922157,0.145109543
4,TRUE,0.95,SDFA_suffix_model,0.2,16,TRUE,128,20,FALSE,FALSE,0.721241854,30.41575536,0.002592253,0.002592082
4,TRUE,0.95,SDFA_suffix_model,0.2,16,TRUE,64,20,FALSE,FALSE,0.707395689,38.78073516,0.010354538,0.010116105
4,TRUE,0.95,SDFA_suffix_model,0.2,16,TRUE,32,20,FALSE,FALSE,0.667665662,54.01182341,0.039083784,0.038875541
4,TRUE,0.95,SDFA_suffix_model,0.2,16,TRUE,16,20,FALSE,FALSE,0.671865206,91.02972299,0.147166025,0.145109543
4,TRUE,0.95,SDFA_suffix_model,0.2,32,TRUE,128,20,FALSE,FALSE,0.687892933,30.40000233,0.002593627,0.002592082
4,TRUE,0.95,SDFA_suffix_model,0.2,32,TRUE,64,20,FALSE,FALSE,0.66890522,38.78935542,0.010189176,0.010116105
4,TRUE,0.95,SDFA_suffix_model,0.2,32,TRUE,32,20,FALSE,FALSE,0.645892657,54.08797533,0.039122104,0.038875541
4,TRUE,0.95,SDFA_suffix_model,0.2,32,TRUE,16,20,FALSE,FALSE,0.650521886,89.41154507,0.145551509,0.145109543
4,TRUE,0.95,SDFA_suffix_model,0.2,64,TRUE,128,20,FALSE,FALSE,0.63958368,30.19790185,0.002604154,0.002592082
4,TRUE,0.95,SDFA_suffix_model,0.2,64,TRUE,64,20,FALSE,FALSE,0.681644394,38.21637813,0.010211957,0.010116105
4,TRUE,0.95,SDFA_suffix_model,0.2,64,TRUE,32,20,FALSE,FALSE,0.662644267,54.17873252,0.039152185,0.038875541
4,TRUE,0.95,SDFA_suffix_model,0.2,64,TRUE,16,20,FALSE,FALSE,0.640089459,94.29548106,0.1459716,0.145109543
4,TRUE,0.95,SDFA_suffix_model,0.5,16,TRUE,128,20,FALSE,FALSE,0.707258495,30.36076254,0.002597921,0.002592082
4,TRUE,0.95,SDFA_suffix_model,0.5,16,TRUE,64,20,FALSE,FALSE,0.714135924,38.78937323,0.010204676,0.010116105
4,TRUE,0.95,SDFA_suffix_model,0.5,16,TRUE,32,20,FALSE,FALSE,0.693158709,54.36005536,0.039156922,0.038875541
4,TRUE,0.95,SDFA_suffix_model,0.5,16,TRUE,16,20,FALSE,FALSE,0.664176221,90.94208124,0.146050636,0.145109543
4,TRUE,0.95,SDFA_suffix_model,0.5,32,TRUE,128,20,FALSE,FALSE,0.687925183,30.45513847,0.002602168,0.002592082
4,TRUE,0.95,SDFA_suffix_model,0.5,32,TRUE,64,20,FALSE,FALSE,0.65247381,37.64729302,0.010235896,0.010116105
4,TRUE,0.95,SDFA_suffix_model,0.5,32,TRUE,32,20,FALSE,FALSE,0.674527441,54.07398793,0.039071235,0.038875541
4,TRUE,0.95,SDFA_suffix_model,0.5,32,TRUE,16,20,FALSE,FALSE,0.643555447,97.72373701,0.145738174,0.145109543
4,TRUE,0.95,SDFA_suffix_model,0.5,64,TRUE,128,20,FALSE,FALSE,0.664496148,30.16674063,0.002612686,0.002592082
4,TRUE,0.95,SDFA_suffix_model,0.5,64,TRUE,64,20,FALSE,FALSE,0.6550614,37.90979388,0.010223703,0.010116105
4,TRUE,0.95,SDFA_suffix_model,0.5,64,TRUE,32,20,FALSE,FALSE,0.665301963,54.15487933,0.039065739,0.038875541
4,TRUE,0.95,SDFA_suffix_model,0.5,64,TRUE,16,20,FALSE,FALSE,0.637692109,94.08094291,0.146297802,0.145109543
8,FALSE,0.95,SDFA_suffix_model,0.1,16,TRUE,32,20,FALSE,FALSE,0.690063378,41.24212721,0,0
8,FALSE,0.95,SDFA_suffix_model,0.1,32,TRUE,32,20,FALSE,FALSE,0.646285684,41.70612934,0,0
8,FALSE,0.95,SDFA_suffix_model,0.1,64,TRUE,32,20,FALSE,FALSE,0.636795101,43.01477903,0,0
8,FALSE,0.95,SDFA_suffix_model,0.1,16,TRUE,128,20,FALSE,FALSE,0.712486724,12.58208698,0,0
8,FALSE,0.95,SDFA_suffix_model,0.1,32,TRUE,128,20,FALSE,FALSE,0.678980098,12.59709636,0,0
8,FALSE,0.95,SDFA_suffix_model,0.1,64,TRUE,128,20,FALSE,FALSE,0.659984046,12.63745071,0,0
8,FALSE,0.95,SDFA_suffix_model,0.1,16,TRUE,128,20,FALSE,TRUE,0.696347564,22.52442987,0,0
8,FALSE,0.95,SDFA_suffix_model,0.1,32,TRUE,128,20,FALSE,TRUE,0.663960531,22.69269543,0,0
8,FALSE,0.95,SDFA_suffix_model,0.1,64,TRUE,128,20,FALSE,TRUE,0.601091946,22.70863856,0,0
8,FALSE,0.95,SDFA_suffix_model,0.2,16,TRUE,32,20,FALSE,FALSE,0.686439291,41.34357037,0,0
8,FALSE,0.95,SDFA_suffix_model,0.2,32,TRUE,32,20,FALSE,FALSE,0.651670494,41.74835906,0,0
8,FALSE,0.95,SDFA_suffix_model,0.2,64,TRUE,32,20,FALSE,FALSE,0.65439747,43.4873739,0,0
8,FALSE,0.95,SDFA_suffix_model,0.2,16,TRUE,128,20,FALSE,FALSE,0.72439571,12.51215347,0,0
8,FALSE,0.95,SDFA_suffix_model,0.2,32,TRUE,128,20,FALSE,FALSE,0.659258626,12.60888541,0,0
8,FALSE,0.95,SDFA_suffix_model,0.2,64,TRUE,128,20,FALSE,FALSE,0.66799208,12.62362942,0,0
8,FALSE,0.95,SDFA_suffix_model,0.2,16,TRUE,128,20,FALSE,TRUE,0.694277111,22.63428756,0,0
8,FALSE,0.95,SDFA_suffix_model,0.2,32,TRUE,128,20,FALSE,TRUE,0.637296762,22.62256533,0,0
8,FALSE,0.95,SDFA_suffix_model,0.2,64,TRUE,128,20,FALSE,TRUE,0.601299418,22.59614132,0,0
8,FALSE,0.95,SDFA_suffix_model,0.5,16,TRUE,32,20,FALSE,FALSE,0.683480719,41.32958938,0,0
8,FALSE,0.95,SDFA_suffix_model,0.5,32,TRUE,32,20,FALSE,FALSE,0.64750012,42.15589612,0,0
8,FALSE,0.95,SDFA_suffix_model,0.5,64,TRUE,32,20,FALSE,FALSE,0.663721119,43.28875773,0,0
8,FALSE,0.95,SDFA_suffix_model,0.5,16,TRUE,128,20,FALSE,FALSE,0.741671829,12.55496238,0,0
8,FALSE,0.95,SDFA_suffix_model,0.5,32,TRUE,128,20,FALSE,FALSE,0.679950715,12.63649665,0,0
8,FALSE,0.95,SDFA_suffix_model,0.5,64,TRUE,128,20,FALSE,FALSE,0.649693602,12.66147147,0,0
8,FALSE,0.95,SDFA_suffix_model,0.5,16,TRUE,128,20,FALSE,TRUE,0.659522705,22.49100002,0,0
8,FALSE,0.95,SDFA_suffix_model,0.5,32,TRUE,128,20,FALSE,TRUE,0.646009245,22.59612525,0,0
8,FALSE,0.95,SDFA_suffix_model,0.5,64,TRUE,128,20,FALSE,TRUE,0.604644388,22.67061691,0,0
8,FALSE,0.95,suffix_model,0,16,FALSE,32,20,FALSE,FALSE,0.6733772,39.02381634,0,0
8,FALSE,0.95,suffix_model,0,32,FALSE,32,20,FALSE,FALSE,0.661015628,39.26088957,0,0
8,FALSE,0.95,suffix_model,0,64,FALSE,32,20,FALSE,FALSE,0.646470088,39.89776111,0,0
8,FALSE,0.95,suffix_model,0,16,FALSE,128,20,FALSE,FALSE,0.690507323,12.15541108,0,0
8,FALSE,0.95,suffix_model,0,32,FALSE,128,20,FALSE,FALSE,0.676228957,12.18117271,0,0
8,FALSE,0.95,suffix_model,0,64,FALSE,128,20,FALSE,FALSE,0.644855241,12.21622084,0,0
8,TRUE,0.95,SDFA_suffix_model,0.1,16,TRUE,16,20,FALSE,FALSE,0.640133762,79.83244186,0,0
8,TRUE,0.95,SDFA_suffix_model,0.1,32,TRUE,16,20,FALSE,FALSE,0.657598492,79.00720088,0,0
8,TRUE,0.95,SDFA_suffix_model,0.1,64,TRUE,16,20,FALSE,FALSE,0.631958121,80.09010647,0,0
8,TRUE,0.95,SDFA_suffix_model,0.1,16,TRUE,32,20,FALSE,FALSE,0.693980147,50.2822408,0,0
8,TRUE,0.95,SDFA_suffix_model,0.1,32,TRUE,32,20,FALSE,FALSE,0.645808514,51.20161719,0,0
8,TRUE,0.95,SDFA_suffix_model,0.1,64,TRUE,32,20,FALSE,FALSE,0.652211726,53.27184019,0,0
8,TRUE,0.95,SDFA_suffix_model,0.1,16,TRUE,64,20,FALSE,FALSE,0.688608307,37.13520393,0,0
8,TRUE,0.95,SDFA_suffix_model,0.1,32,TRUE,64,20,FALSE,FALSE,0.683977499,40.03277786,0,0
8,TRUE,0.95,SDFA_suffix_model,0.1,64,TRUE,64,20,FALSE,FALSE,0.670695113,40.94047052,0,0
8,TRUE,0.95,SDFA_suffix_model,0.1,16,TRUE,128,20,FALSE,FALSE,0.737731089,32.06478964,0,0
8,TRUE,0.95,SDFA_suffix_model,0.1,32,TRUE,128,20,FALSE,FALSE,0.689007598,32.70332021,0,0
8,TRUE,0.95,SDFA_suffix_model,0.1,64,TRUE,128,20,FALSE,FALSE,0.652804201,35.39767,0,0
8,TRUE,0.95,SDFA_suffix_model,0.1,16,TRUE,32,20,FALSE,TRUE,0.679469434,52.47336572,0,0
8,TRUE,0.95,SDFA_suffix_model,0.1,16,TRUE,64,20,FALSE,TRUE,0.693856615,37.73629253,0,0
8,TRUE,0.95,SDFA_suffix_model,0.1,16,TRUE,128,20,FALSE,TRUE,0.695350932,30.5463429,0,0
8,TRUE,0.95,SDFA_suffix_model,0.1,32,TRUE,32,20,FALSE,TRUE,0.664834485,52.63598339,0,0
8,TRUE,0.95,SDFA_suffix_model,0.1,32,TRUE,64,20,FALSE,TRUE,0.691878954,37.95518934,0,0
8,TRUE,0.95,SDFA_suffix_model,0.1,32,TRUE,128,20,FALSE,TRUE,0.679340739,30.67965872,0,0
8,TRUE,0.95,SDFA_suffix_model,0.1,64,TRUE,32,20,FALSE,TRUE,0.649053503,52.93970381,0,0
8,TRUE,0.95,SDFA_suffix_model,0.1,64,TRUE,64,20,FALSE,TRUE,0.629379482,38.22896688,0,0
8,TRUE,0.95,SDFA_suffix_model,0.1,64,TRUE,128,20,FALSE,TRUE,0.622910268,30.83036164,0,0
8,TRUE,0.95,SDFA_suffix_model,0.2,16,TRUE,16,20,FALSE,FALSE,0.67382172,79.82011095,0,0
8,TRUE,0.95,SDFA_suffix_model,0.2,32,TRUE,16,20,FALSE,FALSE,0.645530545,79.53452091,0,0
8,TRUE,0.95,SDFA_suffix_model,0.2,64,TRUE,16,20,FALSE,FALSE,0.635100957,79.89854667,0,0
8,TRUE,0.95,SDFA_suffix_model,0.2,16,TRUE,32,20,FALSE,FALSE,0.693299439,50.71875098,0,0
8,TRUE,0.95,SDFA_suffix_model,0.2,32,TRUE,32,20,FALSE,FALSE,0.642449584,52.58141422,0,0
8,TRUE,0.95,SDFA_suffix_model,0.2,64,TRUE,32,20,FALSE,FALSE,0.649337265,52.05960479,0,0
8,TRUE,0.95,SDFA_suffix_model,0.2,16,TRUE,64,20,FALSE,FALSE,0.707064191,37.12587507,0,0
8,TRUE,0.95,SDFA_suffix_model,0.2,32,TRUE,64,20,FALSE,FALSE,0.666806038,39.20930876,0,0
8,TRUE,0.95,SDFA_suffix_model,0.2,64,TRUE,64,20,FALSE,FALSE,0.673734058,41.03655332,0,0
8,TRUE,0.95,SDFA_suffix_model,0.2,16,TRUE,128,20,FALSE,FALSE,0.729788606,32.10850356,0,0
8,TRUE,0.95,SDFA_suffix_model,0.2,32,TRUE,128,20,FALSE,FALSE,0.677277174,32.72366386,0,0
8,TRUE,0.95,SDFA_suffix_model,0.2,64,TRUE,128,20,FALSE,FALSE,0.646290969,35.44739851,0,0
8,TRUE,0.95,SDFA_suffix_model,0.2,16,TRUE,32,20,FALSE,TRUE,0.687267856,52.80621084,0,0
8,TRUE,0.95,SDFA_suffix_model,0.2,16,TRUE,64,20,FALSE,TRUE,0.693019414,38.11625077,0,0
8,TRUE,0.95,SDFA_suffix_model,0.2,16,TRUE,128,20,FALSE,TRUE,0.69621348,30.74250676,0,0
8,TRUE,0.95,SDFA_suffix_model,0.2,32,TRUE,32,20,FALSE,TRUE,0.635088177,53.21676001,0,0
8,TRUE,0.95,SDFA_suffix_model,0.2,32,TRUE,64,20,FALSE,TRUE,0.635218809,38.15316424,0,0
8,TRUE,0.95,SDFA_suffix_model,0.2,32,TRUE,128,20,FALSE,TRUE,0.636247109,30.7265708,0,0
8,TRUE,0.95,SDFA_suffix_model,0.2,64,TRUE,32,20,FALSE,TRUE,0.605465633,53.3367537,0,0
8,TRUE,0.95,SDFA_suffix_model,0.2,64,TRUE,64,20,FALSE,TRUE,0.609919993,37.9114996,0,0
8,TRUE,0.95,SDFA_suffix_model,0.2,64,TRUE,128,20,FALSE,TRUE,0.604206878,30.65203466,0,0
8,TRUE,0.95,SDFA_suffix_model,0.5,16,TRUE,16,20,FALSE,FALSE,0.641261772,78.77134569,0,0
8,TRUE,0.95,SDFA_suffix_model,0.5,32,TRUE,16,20,FALSE,FALSE,0.667225632,79.9148387,0,0
8,TRUE,0.95,SDFA_suffix_model,0.5,64,TRUE,16,20,FALSE,FALSE,0.646169023,80.73543427,0,0
8,TRUE,0.95,SDFA_suffix_model,0.5,16,TRUE,32,20,FALSE,FALSE,0.696238351,50.92409382,0,0
8,TRUE,0.95,SDFA_suffix_model,0.5,32,TRUE,32,20,FALSE,FALSE,0.667683324,53.00593987,0,0
8,TRUE,0.95,SDFA_suffix_model,0.5,64,TRUE,32,20,FALSE,FALSE,0.643424188,51.45324715,0,0
8,TRUE,0.95,SDFA_suffix_model,0.5,16,TRUE,64,20,FALSE,FALSE,0.716624509,37.15702416,0,0
8,TRUE,0.95,SDFA_suffix_model,0.5,32,TRUE,64,20,FALSE,FALSE,0.661874839,39.17203119,0,0
8,TRUE,0.95,SDFA_suffix_model,0.5,64,TRUE,64,20,FALSE,FALSE,0.673825459,39.92816308,0,0
8,TRUE,0.95,SDFA_suffix_model,0.5,16,TRUE,128,20,FALSE,FALSE,0.719560507,32.00516617,0,0
8,TRUE,0.95,SDFA_suffix_model,0.5,32,TRUE,128,20,FALSE,FALSE,0.674128745,32.70940982,0,0
8,TRUE,0.95,SDFA_suffix_model,0.5,64,TRUE,128,20,FALSE,FALSE,0.657861203,35.43170934,0,0
8,TRUE,0.95,SDFA_suffix_model,0.5,16,TRUE,32,20,FALSE,TRUE,0.668334814,52.97774703,0,0
8,TRUE,0.95,SDFA_suffix_model,0.5,16,TRUE,64,20,FALSE,TRUE,0.663622227,37.98850504,0,0
8,TRUE,0.95,SDFA_suffix_model,0.5,16,TRUE,128,20,FALSE,TRUE,0.663045186,30.49338105,0,0
8,TRUE,0.95,SDFA_suffix_model,0.5,32,TRUE,32,20,FALSE,TRUE,0.626840875,52.41449406,0,0
8,TRUE,0.95,SDFA_suffix_model,0.5,32,TRUE,64,20,FALSE,TRUE,0.639273528,37.75218292,0,0
8,TRUE,0.95,SDFA_suffix_model,0.5,32,TRUE,128,20,FALSE,TRUE,0.648574188,30.71093306,0,0
8,TRUE,0.95,SDFA_suffix_model,0.5,64,TRUE,32,20,FALSE,TRUE,0.605999782,52.81902847,0,0
8,TRUE,0.95,SDFA_suffix_model,0.5,64,TRUE,64,20,FALSE,TRUE,0.602892942,38.05366949,0,0
8,TRUE,0.95,SDFA_suffix_model,0.5,64,TRUE,128,20,FALSE,TRUE,0.601837058,30.76041375,0,0
15,FALSE,0.95,SDFA_suffix_model,0.1,16,TRUE,32,20,FALSE,FALSE,0.680069868,41.22080087,0,0
15,FALSE,0.95,SDFA_suffix_model,0.1,32,TRUE,32,20,FALSE,FALSE,0.654975529,41.48262927,0,0
15,FALSE,0.95,SDFA_suffix_model,0.1,64,TRUE,32,20,FALSE,FALSE,0.662526725,43.29554884,0,0
15,FALSE,0.95,SDFA_suffix_model,0.1,16,TRUE,128,20,FALSE,FALSE,0.699092318,12.58932882,0,0
15,FALSE,0.95,SDFA_suffix_model,0.1,32,TRUE,128,20,FALSE,FALSE,0.708966481,12.60651433,0,0
15,FALSE,0.95,SDFA_suffix_model,0.1,64,TRUE,128,20,FALSE,FALSE,0.653350173,12.59965113,0,0
15,FALSE,0.95,SDFA_suffix_model,0.1,16,TRUE,128,20,FALSE,TRUE,0.667334078,21.96475199,0,0
15,FALSE,0.95,SDFA_suffix_model,0.1,32,TRUE,128,20,FALSE,TRUE,0.652659321,21.73230712,0,0
15,FALSE,0.95,SDFA_suffix_model,0.1,64,TRUE,128,20,FALSE,TRUE,0.609167265,21.83733635,0,0
15,FALSE,0.95,SDFA_suffix_model,0.2,16,TRUE,32,20,FALSE,FALSE,0.674618613,41.24242649,0,0
15,FALSE,0.95,SDFA_suffix_model,0.2,32,TRUE,32,20,FALSE,FALSE,0.666529851,42.06618384,0,0
15,FALSE,0.95,SDFA_suffix_model,0.2,64,TRUE,32,20,FALSE,FALSE,0.656612022,43.38201784,0,0
15,FALSE,0.95,SDFA_suffix_model,0.2,16,TRUE,128,20,FALSE,FALSE,0.687470388,12.51541068,0,0
15,FALSE,0.95,SDFA_suffix_model,0.2,32,TRUE,128,20,FALSE,FALSE,0.693050582,12.61906098,0,0
15,FALSE,0.95,SDFA_suffix_model,0.2,64,TRUE,128,20,FALSE,FALSE,0.66668683,12.59633932,0,0
15,FALSE,0.95,SDFA_suffix_model,0.2,16,TRUE,128,20,FALSE,TRUE,0.67940139,21.73801031,0,0
15,FALSE,0.95,SDFA_suffix_model,0.2,32,TRUE,128,20,FALSE,TRUE,0.631212606,21.8588806,0,0
15,FALSE,0.95,SDFA_suffix_model,0.2,64,TRUE,128,20,FALSE,TRUE,0.603462414,21.7923328,0,0
15,FALSE,0.95,SDFA_suffix_model,0.5,16,TRUE,32,20,FALSE,FALSE,0.679297978,41.06887779,0,0
15,FALSE,0.95,SDFA_suffix_model,0.5,32,TRUE,32,20,FALSE,FALSE,0.681935291,42.01900416,0,0
15,FALSE,0.95,SDFA_suffix_model,0.5,64,TRUE,32,20,FALSE,FALSE,0.666492588,43.11892959,0,0
15,FALSE,0.95,SDFA_suffix_model,0.5,16,TRUE,128,20,FALSE,FALSE,0.677461161,12.5540122,0,0
15,FALSE,0.95,SDFA_suffix_model,0.5,32,TRUE,128,20,FALSE,FALSE,0.701904837,12.65901913,0,0
15,FALSE,0.95,SDFA_suffix_model,0.5,64,TRUE,128,20,FALSE,FALSE,0.640669363,12.55506994,0,0
15,FALSE,0.95,SDFA_suffix_model,0.5,16,TRUE,128,20,FALSE,TRUE,0.656449408,21.78255918,0,0
15,FALSE,0.95,SDFA_suffix_model,0.5,32,TRUE,128,20,FALSE,TRUE,0.625211626,21.74163021,0,0
15,FALSE,0.95,SDFA_suffix_model,0.5,64,TRUE,128,20,FALSE,TRUE,0.603921588,21.75301053,0,0
15,FALSE,0.95,suffix_model,0,16,FALSE,32,20,FALSE,FALSE,0.666963568,39.13278806,0,0
15,FALSE,0.95,suffix_model,0,32,FALSE,32,20,FALSE,FALSE,0.623960323,39.16431575,0,0
15,FALSE,0.95,suffix_model,0,64,FALSE,32,20,FALSE,FALSE,0.645527158,39.98365438,0,0
15,FALSE,0.95,suffix_model,0,16,FALSE,128,20,FALSE,FALSE,0.690807132,12.05614505,0,0
15,FALSE,0.95,suffix_model,0,32,FALSE,128,20,FALSE,FALSE,0.679682949,12.11289785,0,0
15,FALSE,0.95,suffix_model,0,64,FALSE,128,20,FALSE,FALSE,0.648238841,12.1617289,0,0
15,TRUE,0.95,SDFA_suffix_model,0.1,16,TRUE,16,20,FALSE,FALSE,0.643896154,79.03657608,0,0
15,TRUE,0.95,SDFA_suffix_model,0.1,32,TRUE,16,20,FALSE,FALSE,0.659168856,80.19014207,0,0
15,TRUE,0.95,SDFA_suffix_model,0.1,64,TRUE,16,20,FALSE,FALSE,0.641929436,80.61792398,0,0
15,TRUE,0.95,SDFA_suffix_model,0.1,16,TRUE,32,20,FALSE,FALSE,0.686279492,50.37630037,0,0
15,TRUE,0.95,SDFA_suffix_model,0.1,32,TRUE,32,20,FALSE,FALSE,0.648116698,50.56946879,0,0
15,TRUE,0.95,SDFA_suffix_model,0.1,64,TRUE,32,20,FALSE,FALSE,0.646305674,51.14487551,0,0
15,TRUE,0.95,SDFA_suffix_model,0.1,16,TRUE,64,20,FALSE,FALSE,0.699773161,36.86086795,0,0
15,TRUE,0.95,SDFA_suffix_model,0.1,32,TRUE,64,20,FALSE,FALSE,0.678143787,37.88407878,0,0
15,TRUE,0.95,SDFA_suffix_model,0.1,64,TRUE,64,20,FALSE,FALSE,0.65138354,39.86227146,0,0
15,TRUE,0.95,SDFA_suffix_model,0.1,16,TRUE,128,20,FALSE,FALSE,0.734570412,31.99614455,0,0
15,TRUE,0.95,SDFA_suffix_model,0.1,32,TRUE,128,20,FALSE,FALSE,0.694301082,32.67150134,0,0
15,TRUE,0.95,SDFA_suffix_model,0.1,64,TRUE,128,20,FALSE,FALSE,0.651713981,35.43520281,0,0
15,TRUE,0.95,SDFA_suffix_model,0.1,16,TRUE,32,20,FALSE,TRUE,0.667341234,53.0421903,0,0
15,TRUE,0.95,SDFA_suffix_model,0.1,16,TRUE,64,20,FALSE,TRUE,0.678391538,38.14994404,0,0
15,TRUE,0.95,SDFA_suffix_model,0.1,16,TRUE,128,20,FALSE,TRUE,0.667120314,30.61748196,0,0
15,TRUE,0.95,SDFA_suffix_model,0.1,32,TRUE,32,20,FALSE,TRUE,0.661606107,50.86834332,0,0
15,TRUE,0.95,SDFA_suffix_model,0.1,32,TRUE,64,20,FALSE,TRUE,0.659905533,36.54865129,0,0
15,TRUE,0.95,SDFA_suffix_model,0.1,32,TRUE,128,20,FALSE,TRUE,0.666457163,29.53466631,0,0
15,TRUE,0.95,SDFA_suffix_model,0.1,64,TRUE,32,20,FALSE,TRUE,0.654711463,51.02315295,0,0
15,TRUE,0.95,SDFA_suffix_model,0.1,64,TRUE,64,20,FALSE,TRUE,0.644258543,36.69147754,0,0
15,TRUE,0.95,SDFA_suffix_model,0.1,64,TRUE,128,20,FALSE,TRUE,0.633866677,29.55053489,0,0
15,TRUE,0.95,SDFA_suffix_model,0.2,16,TRUE,16,20,FALSE,FALSE,0.660952561,79.39771617,0,0
15,TRUE,0.95,SDFA_suffix_model,0.2,32,TRUE,16,20,FALSE,FALSE,0.667744162,79.75524307,0,0
15,TRUE,0.95,SDFA_suffix_model,0.2,64,TRUE,16,20,FALSE,FALSE,0.63520388,80.7054141,0,0
15,TRUE,0.95,SDFA_suffix_model,0.2,16,TRUE,32,20,FALSE,FALSE,0.665802759,50.13879391,0,0
15,TRUE,0.95,SDFA_suffix_model,0.2,32,TRUE,32,20,FALSE,FALSE,0.679977528,50.68236427,0,0
15,TRUE,0.95,SDFA_suffix_model,0.2,64,TRUE,32,20,FALSE,FALSE,0.656086679,51.43512067,0,0
15,TRUE,0.95,SDFA_suffix_model,0.2,16,TRUE,64,20,FALSE,FALSE,0.694749625,36.84535526,0,0
15,TRUE,0.95,SDFA_suffix_model,0.2,32,TRUE,64,20,FALSE,FALSE,0.677466367,37.8654711,0,0
15,TRUE,0.95,SDFA_suffix_model,0.2,64,TRUE,64,20,FALSE,FALSE,0.651938819,39.8683791,0,0
15,TRUE,0.95,SDFA_suffix_model,0.2,16,TRUE,128,20,FALSE,FALSE,0.697715419,32.01731132,0,0
15,TRUE,0.95,SDFA_suffix_model,0.2,32,TRUE,128,20,FALSE,FALSE,0.663706174,32.63609952,0,0
15,TRUE,0.95,SDFA_suffix_model,0.2,64,TRUE,128,20,FALSE,FALSE,0.667320097,35.40524961,0,0
15,TRUE,0.95,SDFA_suffix_model,0.2,16,TRUE,32,20,FALSE,TRUE,0.677226127,50.40401974,0,0
15,TRUE,0.95,SDFA_suffix_model,0.2,16,TRUE,64,20,FALSE,TRUE,0.682877662,36.40396126,0,0
15,TRUE,0.95,SDFA_suffix_model,0.2,16,TRUE,128,20,FALSE,TRUE,0.693327711,29.29290385,0,0
15,TRUE,0.95,SDFA_suffix_model,0.2,32,TRUE,32,20,FALSE,TRUE,0.621458411,51.27725019,0,0
15,TRUE,0.95,SDFA_suffix_model,0.2,32,TRUE,64,20,FALSE,TRUE,0.623385438,36.79753518,0,0
15,TRUE,0.95,SDFA_suffix_model,0.2,32,TRUE,128,20,FALSE,TRUE,0.637342512,29.5801054,0,0
15,TRUE,0.95,SDFA_suffix_model,0.2,64,TRUE,32,20,FALSE,TRUE,0.604876449,51.5008793,0,0
15,TRUE,0.95,SDFA_suffix_model,0.2,64,TRUE,64,20,FALSE,TRUE,0.616706559,36.86716591,0,0
15,TRUE,0.95,SDFA_suffix_model,0.2,64,TRUE,128,20,FALSE,TRUE,0.609792758,29.53859229,0,0
15,TRUE,0.95,SDFA_suffix_model,0.5,16,TRUE,16,20,FALSE,FALSE,0.654097227,79.57571852,0,0
15,TRUE,0.95,SDFA_suffix_model,0.5,32,TRUE,16,20,FALSE,FALSE,0.634513002,79.65789847,0,0
15,TRUE,0.95,SDFA_suffix_model,0.5,64,TRUE,16,20,FALSE,FALSE,0.629725319,80.45410821,0,0
15,TRUE,0.95,SDFA_suffix_model,0.5,16,TRUE,32,20,FALSE,FALSE,0.687121265,50.36622812,0,0
15,TRUE,0.95,SDFA_suffix_model,0.5,32,TRUE,32,20,FALSE,FALSE,0.644847062,51.00459706,0,0
15,TRUE,0.95,SDFA_suffix_model,0.5,64,TRUE,32,20,FALSE,FALSE,0.653593933,51.30896182,0,0
15,TRUE,0.95,SDFA_suffix_model,0.5,16,TRUE,64,20,FALSE,FALSE,0.681160973,36.89927648,0,0
15,TRUE,0.95,SDFA_suffix_model,0.5,32,TRUE,64,20,FALSE,FALSE,0.674975988,38.03277899,0,0
15,TRUE,0.95,SDFA_suffix_model,0.5,64,TRUE,64,20,FALSE,FALSE,0.668362946,39.79755506,0,0
15,TRUE,0.95,SDFA_suffix_model,0.5,16,TRUE,128,20,FALSE,FALSE,0.71053291,31.91564529,0,0
15,TRUE,0.95,SDFA_suffix_model,0.5,32,TRUE,128,20,FALSE,FALSE,0.677856844,32.69614927,0,0
15,TRUE,0.95,SDFA_suffix_model,0.5,64,TRUE,128,20,FALSE,FALSE,0.638489175,35.33820243,0,0
15,TRUE,0.95,SDFA_suffix_model,0.5,16,TRUE,32,20,FALSE,TRUE,0.660360678,51.31137775,0,0
15,TRUE,0.95,SDFA_suffix_model,0.5,16,TRUE,64,20,FALSE,TRUE,0.65255598,36.71770459,0,0
15,TRUE,0.95,SDFA_suffix_model,0.5,16,TRUE,128,20,FALSE,TRUE,0.656125666,29.48921389,0,0
15,TRUE,0.95,SDFA_suffix_model,0.5,32,TRUE,32,20,FALSE,TRUE,0.614814572,51.65429113,0,0
15,TRUE,0.95,SDFA_suffix_model,0.5,32,TRUE,64,20,FALSE,TRUE,0.615769632,36.68079967,0,0
15,TRUE,0.95,SDFA_suffix_model,0.5,32,TRUE,128,20,FALSE,TRUE,0.621970641,29.37088887,0,0
15,TRUE,0.95,SDFA_suffix_model,0.5,64,TRUE,32,20,FALSE,TRUE,0.598512094,50.91900419,0,0
15,TRUE,0.95,SDFA_suffix_model,0.5,64,TRUE,64,20,FALSE,TRUE,0.608215659,36.60472287,0,0
15,TRUE,0.95,SDFA_suffix_model,0.5,64,TRUE,128,20,FALSE,TRUE,0.598311593,29.55081353,0,0
16,FALSE,0.95,SDFA_suffix_model,0.1,16,TRUE,32,20,FALSE,FALSE,0.678496071,49.09489111,0.039099218,0.038875541
16,FALSE,0.95,SDFA_suffix_model,0.1,32,TRUE,32,20,FALSE,FALSE,0.652770618,47.26173445,0.039016509,0.038875541
16,FALSE,0.95,SDFA_suffix_model,0.1,64,TRUE,32,20,FALSE,FALSE,0.647127815,47.41305637,0.039068569,0.038875541
16,FALSE,0.95,SDFA_suffix_model,0.1,16,TRUE,128,20,FALSE,FALSE,0.708849734,12.37871575,0,0
16,FALSE,0.95,SDFA_suffix_model,0.1,32,TRUE,128,20,FALSE,FALSE,0.691764174,12.48708005,0,0
16,FALSE,0.95,SDFA_suffix_model,0.1,64,TRUE,128,20,FALSE,FALSE,0.655454976,12.56696556,0,0
16,FALSE,0.95,SDFA_suffix_model,0.2,16,TRUE,32,20,FALSE,FALSE,0.656311424,47.63471297,0.039034928,0.038875541
16,FALSE,0.95,SDFA_suffix_model,0.2,32,TRUE,32,20,FALSE,FALSE,0.643253746,47.37934281,0.039032432,0.038875541
16,FALSE,0.95,SDFA_suffix_model,0.2,64,TRUE,32,20,FALSE,FALSE,0.650793039,47.18529198,0.039021312,0.038875541
16,FALSE,0.95,SDFA_suffix_model,0.2,16,TRUE,128,20,FALSE,FALSE,0.704878986,12.40648901,0,0
16,FALSE,0.95,SDFA_suffix_model,0.2,32,TRUE,128,20,FALSE,FALSE,0.672332338,12.4794851,0,0
16,FALSE,0.95,SDFA_suffix_model,0.2,64,TRUE,128,20,FALSE,FALSE,0.656776134,12.48116944,0,0
16,FALSE,0.95,SDFA_suffix_model,0.5,16,TRUE,32,20,FALSE,FALSE,0.680316117,47.14976169,0.039047533,0.038875541
16,FALSE,0.95,SDFA_suffix_model,0.5,32,TRUE,32,20,FALSE,FALSE,0.676993138,47.39345762,0.039111243,0.038875541
16,FALSE,0.95,SDFA_suffix_model,0.5,64,TRUE,32,20,FALSE,FALSE,0.658144802,49.04558768,0.038996129,0.038875541
16,FALSE,0.95,SDFA_suffix_model,0.5,16,TRUE,128,20,FALSE,FALSE,0.678096364,12.40008178,0,0
16,FALSE,0.95,SDFA_suffix_model,0.5,32,TRUE,128,20,FALSE,FALSE,0.660070072,12.46893688,0,0
16,FALSE,0.95,SDFA_suffix_model,0.5,64,TRUE,128,20,FALSE,FALSE,0.651803881,12.5417762,0,0
16,FALSE,0.95,suffix_model,0,16,FALSE,32,20,FALSE,FALSE,0.652721004,46.09225727,0,0
16,FALSE,0.95,suffix_model,0,32,FALSE,32,20,FALSE,FALSE,0.654008832,46.97596013,0,0
16,FALSE,0.95,suffix_model,0,64,FALSE,32,20,FALSE,FALSE,0.638550453,47.07362208,0,0
16,FALSE,0.95,suffix_model,0,16,FALSE,128,20,FALSE,FALSE,0.692021097,12.06811044,0,0
16,FALSE,0.95,suffix_model,0,32,FALSE,128,20,FALSE,FALSE,0.682632475,12.10768413,0,0
16,FALSE,0.95,suffix_model,0,64,FALSE,128,20,FALSE,FALSE,0.627144837,12.10118354,0,0
16,TRUE,0.95,SDFA_suffix_model,0.1,16,TRUE,128,20,FALSE,FALSE,0.707587389,29.73662535,0.002592165,0.002592082
16,TRUE,0.95,SDFA_suffix_model,0.1,16,TRUE,64,20,FALSE,FALSE,0.704328934,38.08412082,0.010264236,0.010116105
16,TRUE,0.95,SDFA_suffix_model,0.1,16,TRUE,32,20,FALSE,FALSE,0.680145472,53.14423374,0.039098835,0.038875541
16,TRUE,0.95,SDFA_suffix_model,0.1,16,TRUE,16,20,FALSE,FALSE,0.657611231,89.61216927,0.145668267,0.145109543
16,TRUE,0.95,SDFA_suffix_model,0.1,32,TRUE,128,20,FALSE,FALSE,0.67644432,29.74772355,0.002592481,0.002592082
16,TRUE,0.95,SDFA_suffix_model,0.1,32,TRUE,64,20,FALSE,FALSE,0.682469877,36.97523305,0.0101844,0.010116105
16,TRUE,0.95,SDFA_suffix_model,0.1,32,TRUE,32,20,FALSE,FALSE,0.637041127,53.27544607,0.039070347,0.038875541
16,TRUE,0.95,SDFA_suffix_model,0.1,32,TRUE,16,20,FALSE,FALSE,0.640677849,95.97240024,0.145815109,0.145109543
16,TRUE,0.95,SDFA_suffix_model,0.1,64,TRUE,128,20,FALSE,FALSE,0.660419399,29.4913156,0.002597951,0.002592082
16,TRUE,0.95,SDFA_suffix_model,0.1,64,TRUE,64,20,FALSE,FALSE,0.660165449,37.11936233,0.010185503,0.010116105
16,TRUE,0.95,SDFA_suffix_model,0.1,64,TRUE,32,20,FALSE,FALSE,0.649032009,53.31415056,0.039090855,0.038875541
16,TRUE,0.95,SDFA_suffix_model,0.1,64,TRUE,16,20,FALSE,FALSE,0.638619406,92.65546206,0.146188673,0.145109543
16,TRUE,0.95,SDFA_suffix_model,0.2,16,TRUE,128,20,FALSE,FALSE,0.699144034,29.75148381,0.002592474,0.002592082
16,TRUE,0.95,SDFA_suffix_model,0.2,16,TRUE,64,20,FALSE,FALSE,0.680561882,38.0881978,0.010276578,0.010116105
16,TRUE,0.95,SDFA_suffix_model,0.2,16,TRUE,32,20,FALSE,FALSE,0.688971311,53.19770089,0.039043563,0.038875541
16,TRUE,0.95,SDFA_suffix_model,0.2,16,TRUE,16,20,FALSE,FALSE,0.665661651,89.61815567,0.145824828,0.145109543
16,TRUE,0.95,SDFA_suffix_model,0.2,32,TRUE,128,20,FALSE,FALSE,0.702493854,29.58108914,0.002593936,0.002592082
16,TRUE,0.95,SDFA_suffix_model,0.2,32,TRUE,64,20,FALSE,FALSE,0.641156336,37.25414806,0.010180161,0.010116105
16,TRUE,0.95,SDFA_suffix_model,0.2,32,TRUE,32,20,FALSE,FALSE,0.656559884,53.29237536,0.039180826,0.038875541
16,TRUE,0.95,SDFA_suffix_model,0.2,32,TRUE,16,20,FALSE,FALSE,0.636685782,92.14592898,0.145818625,0.145109543
16,TRUE,0.95,SDFA_suffix_model,0.2,64,TRUE,128,20,FALSE,FALSE,0.630211343,27.97921315,0.002613339,0.002592082
16,TRUE,0.95,SDFA_suffix_model,0.2,64,TRUE,64,20,FALSE,FALSE,0.657271942,37.25344656,0.010198191,0.010116105
16,TRUE,0.95,SDFA_suffix_model,0.2,64,TRUE,32,20,FALSE,FALSE,0.666355442,53.33874275,0.039118366,0.038875541
16,TRUE,0.95,SDFA_suffix_model,0.2,64,TRUE,16,20,FALSE,FALSE,0.624615568,87.08563122,0.145860597,0.145109543
16,TRUE,0.95,SDFA_suffix_model,0.5,16,TRUE,128,20,FALSE,FALSE,0.709111817,29.73897204,0.002595737,0.002592082
16,TRUE,0.95,SDFA_suffix_model,0.5,16,TRUE,64,20,FALSE,FALSE,0.683334759,37.44158096,0.010256463,0.010116105
16,TRUE,0.95,SDFA_suffix_model,0.5,16,TRUE,32,20,FALSE,FALSE,0.665538069,53.14345239,0.039134098,0.038875541
16,TRUE,0.95,SDFA_suffix_model,0.5,16,TRUE,16,20,FALSE,FALSE,0.656403419,88.07203597,0.145728453,0.145109543
16,TRUE,0.95,SDFA_suffix_model,0.5,32,TRUE,128,20,FALSE,FALSE,0.682026366,29.57063135,0.00260022,0.002592082
16,TRUE,0.95,SDFA_suffix_model,0.5,32,TRUE,64,20,FALSE,FALSE,0.683005669,37.05162659,0.010301661,0.010116105
16,TRUE,0.95,SDFA_suffix_model,0.5,32,TRUE,32,20,FALSE,FALSE,0.670503354,53.21124443,0.039287888,0.038875541
16,TRUE,0.95,SDFA_suffix_model,0.5,32,TRUE,16,20,FALSE,FALSE,0.652120455,92.54853938,0.145900047,0.145109543
16,TRUE,0.95,SDFA_suffix_model,0.5,64,TRUE,128,20,FALSE,FALSE,0.676260681,28.01204567,0.002616969,0.002592082
16,TRUE,0.95,SDFA_suffix_model,0.5,64,TRUE,64,20,FALSE,FALSE,0.687493537,37.2248479,0.010263136,0.010116105
16,TRUE,0.95,SDFA_suffix_model,0.5,64,TRUE,32,20,FALSE,FALSE,0.666044664,53.26727854,0.039050136,0.038875541
16,TRUE,0.95,SDFA_suffix_model,0.5,64,TRUE,16,20,FALSE,FALSE,0.610679902,83.81553462,0.145815837,0.145109543
23,FALSE,0.95,SDFA_suffix_model,0.1,16,TRUE,32,20,FALSE,FALSE,0.681628743,41.16542647,0,0
23,FALSE,0.95,SDFA_suffix_model,0.1,32,TRUE,32,20,FALSE,FALSE,0.644873136,41.37301198,0,0
23,FALSE,0.95,SDFA_suffix_model,0.1,64,TRUE,32,20,FALSE,FALSE,0.663182216,43.5407363,0,0
23,FALSE,0.95,SDFA_suffix_model,0.1,16,TRUE,128,20,FALSE,FALSE,0.696546601,12.37957417,0,0
23,FALSE,0.95,SDFA_suffix_model,0.1,32,TRUE,128,20,FALSE,FALSE,0.698229736,12.48187333,0,0
23,FALSE,0.95,SDFA_suffix_model,0.1,64,TRUE,128,20,FALSE,FALSE,0.649569994,12.51445807,0,0
23,FALSE,0.95,SDFA_suffix_model,0.1,16,TRUE,128,20,FALSE,TRUE,0.675327734,21.81174117,0,0
23,FALSE,0.95,SDFA_suffix_model,0.1,32,TRUE,128,20,FALSE,TRUE,0.623282198,21.72514127,0,0
23,FALSE,0.95,SDFA_suffix_model,0.1,64,TRUE,128,20,FALSE,TRUE,0.613967427,21.94520881,0,0
23,FALSE,0.95,SDFA_suffix_model,0.2,16,TRUE,32,20,FALSE,FALSE,0.691475663,41.11144035,0,0
23,FALSE,0.95,SDFA_suffix_model,0.2,32,TRUE,32,20,FALSE,FALSE,0.665094443,41.58374589,0,0
23,FALSE,0.95,SDFA_suffix_model,0.2,64,TRUE,32,20,FALSE,FALSE,0.650929521,43.35281728,0,0
23,FALSE,0.95,SDFA_suffix_model,0.2,16,TRUE,128,20,FALSE,FALSE,0.680087744,12.39933066,0,0
23,FALSE,0.95,SDFA_suffix_model,0.2,32,TRUE,128,20,FALSE,FALSE,0.648637757,12.48992037,0,0
23,FALSE,0.95,SDFA_suffix_model,0.2,64,TRUE,128,20,FALSE,FALSE,0.660760866,12.52628085,0,0
23,FALSE,0.95,SDFA_suffix_model,0.2,16,TRUE,128,20,FALSE,TRUE,0.677508968,21.75486199,0,0
23,FALSE,0.95,SDFA_suffix_model,0.2,32,TRUE,128,20,FALSE,TRUE,0.610231253,21.934901,0,0
23,FALSE,0.95,SDFA_suffix_model,0.2,64,TRUE,128,20,FALSE,TRUE,0.601507475,21.87428525,0,0
23,FALSE,0.95,SDFA_suffix_model,0.5,16,TRUE,32,20,FALSE,FALSE,0.680436768,41.20053623,0,0
23,FALSE,0.95,SDFA_suffix_model,0.5,32,TRUE,32,20,FALSE,FALSE,0.662577978,41.7138452,0,0
23,FALSE,0.95,SDFA_suffix_model,0.5,64,TRUE,32,20,FALSE,FALSE,0.651338263,43.49192466,0,0
23,FALSE,0.95,SDFA_suffix_model,0.5,16,TRUE,128,20,FALSE,FALSE,0.698839852,12.39231729,0,0
23,FALSE,0.95,SDFA_suffix_model,0.5,32,TRUE,128,20,FALSE,FALSE,0.672185469,12.47188744,0,0
23,FALSE,0.95,SDFA_suffix_model,0.5,64,TRUE,128,20,FALSE,FALSE,0.645892325,12.5259853,0,0
23,FALSE,0.95,SDFA_suffix_model,0.5,16,TRUE,128,20,FALSE,TRUE,0.682979938,21.80280337,0,0
23,FALSE,0.95,SDFA_suffix_model,0.5,32,TRUE,128,20,FALSE,TRUE,0.600947512,22.20554985,0,0
23,FALSE,0.95,SDFA_suffix_model,0.5,64,TRUE,128,20,FALSE,TRUE,0.606385123,21.76545179,0,0
23,FALSE,0.95,suffix_model,0,16,FALSE,32,20,FALSE,FALSE,0.665138253,39.0990543,0,0
23,FALSE,0.95,suffix_model,0,32,FALSE,32,20,FALSE,FALSE,0.645924413,39.05620203,0,0
23,FALSE,0.95,suffix_model,0,64,FALSE,32,20,FALSE,FALSE,0.661114609,39.52427594,0,0
23,FALSE,0.95,suffix_model,0,16,FALSE,128,20,FALSE,FALSE,0.692587462,12.04139229,0,0
23,FALSE,0.95,suffix_model,0,32,FALSE,128,20,FALSE,FALSE,0.680176383,12.11655688,0,0
23,FALSE,0.95,suffix_model,0,64,FALSE,128,20,FALSE,FALSE,0.645675336,12.14126834,0,0
23,TRUE,0.95,SDFA_suffix_model,0.1,16,TRUE,16,20,FALSE,FALSE,0.661673373,79.53049743,0,0
23,TRUE,0.95,SDFA_suffix_model,0.1,32,TRUE,16,20,FALSE,FALSE,0.630820367,80.21226052,0,0
23,TRUE,0.95,SDFA_suffix_model,0.1,64,TRUE,16,20,FALSE,FALSE,0.630913081,79.55791392,0,0
23,TRUE,0.95,SDFA_suffix_model,0.1,16,TRUE,32,20,FALSE,FALSE,0.677577547,50.30703782,0,0
23,TRUE,0.95,SDFA_suffix_model,0.1,32,TRUE,32,20,FALSE,FALSE,0.649656727,50.66561916,0,0
23,TRUE,0.95,SDFA_suffix_model,0.1,64,TRUE,32,20,FALSE,FALSE,0.656019915,51.1339761,0,0
23,TRUE,0.95,SDFA_suffix_model,0.1,16,TRUE,64,20,FALSE,FALSE,0.670841324,36.90071568,0,0
23,TRUE,0.95,SDFA_suffix_model,0.1,32,TRUE,64,20,FALSE,FALSE,0.682669023,37.48046022,0,0
23,TRUE,0.95,SDFA_suffix_model,0.1,64,TRUE,64,20,FALSE,FALSE,0.676285374,39.59781739,0,0
23,TRUE,0.95,SDFA_suffix_model,0.1,16,TRUE,128,20,FALSE,FALSE,0.69432068,32.06730293,0,0
23,TRUE,0.95,SDFA_suffix_model,0.1,32,TRUE,128,20,FALSE,FALSE,0.681086472,32.68405442,0,0
23,TRUE,0.95,SDFA_suffix_model,0.1,64,TRUE,128,20,FALSE,FALSE,0.651894977,35.43500124,0,0
23,TRUE,0.95,SDFA_suffix_model,0.1,16,TRUE,32,20,FALSE,TRUE,0.660195429,51.35600267,0,0
23,TRUE,0.95,SDFA_suffix_model,0.1,16,TRUE,64,20,FALSE,TRUE,0.674753172,36.79841375,0,0
23,TRUE,0.95,SDFA_suffix_model,0.1,16,TRUE,128,20,FALSE,TRUE,0.687081845,29.55143153,0,0
23,TRUE,0.95,SDFA_suffix_model,0.1,32,TRUE,32,20,FALSE,TRUE,0.659635217,51.4354724,0,0
23,TRUE,0.95,SDFA_suffix_model,0.1,32,TRUE,64,20,FALSE,TRUE,0.665764131,36.56052718,0,0
23,TRUE,0.95,SDFA_suffix_model,0.1,32,TRUE,128,20,FALSE,TRUE,0.659128362,29.37367161,0,0
23,TRUE,0.95,SDFA_suffix_model,0.1,64,TRUE,32,20,FALSE,TRUE,0.65513262,50.87369279,0,0
23,TRUE,0.95,SDFA_suffix_model,0.1,64,TRUE,64,20,FALSE,TRUE,0.644633109,36.71801167,0,0
23,TRUE,0.95,SDFA_suffix_model,0.1,64,TRUE,128,20,FALSE,TRUE,0.624101379,29.58978782,0,0
23,TRUE,0.95,SDFA_suffix_model,0.2,16,TRUE,16,20,FALSE,FALSE,0.644917908,79.12603931,0,0
23,TRUE,0.95,SDFA_suffix_model,0.2,32,TRUE,16,20,FALSE,FALSE,0.650655556,79.76784987,0,0
23,TRUE,0.95,SDFA_suffix_model,0.2,64,TRUE,16,20,FALSE,FALSE,0.632044704,80.54538885,0,0
23,TRUE,0.95,SDFA_suffix_model,0.2,16,TRUE,32,20,FALSE,FALSE,0.67577591,50.26330323,0,0
23,TRUE,0.95,SDFA_suffix_model,0.2,32,TRUE,32,20,FALSE,FALSE,0.654599302,50.60959962,0,0
23,TRUE,0.95,SDFA_suffix_model,0.2,64,TRUE,32,20,FALSE,FALSE,0.652571528,50.95837769,0,0
23,TRUE,0.95,SDFA_suffix_model,0.2,16,TRUE,64,20,FALSE,FALSE,0.695028705,36.8091461,0,0
23,TRUE,0.95,SDFA_suffix_model,0.2,32,TRUE,64,20,FALSE,FALSE,0.637441202,37.70527073,0,0
23,TRUE,0.95,SDFA_suffix_model,0.2,64,TRUE,64,20,FALSE,FALSE,0.679707889,39.81392593,0,0
23,TRUE,0.95,SDFA_suffix_model,0.2,16,TRUE,128,20,FALSE,FALSE,0.708553513,32.03474874,0,0
23,TRUE,0.95,SDFA_suffix_model,0.2,32,TRUE,128,20,FALSE,FALSE,0.697350202,32.71807504,0,0
23,TRUE,0.95,SDFA_suffix_model,0.2,64,TRUE,128,20,FALSE,FALSE,0.665622045,35.38153948,0,0
23,TRUE,0.95,SDFA_suffix_model,0.2,16,TRUE,32,20,FALSE,TRUE,0.665209682,50.98552854,0,0
23,TRUE,0.95,SDFA_suffix_model,0.2,16,TRUE,64,20,FALSE,TRUE,0.672258435,36.39443484,0,0
23,TRUE,0.95,SDFA_suffix_model,0.2,16,TRUE,128,20,FALSE,TRUE,0.6825682,29.43026499,0,0
23,TRUE,0.95,SDFA_suffix_model,0.2,32,TRUE,32,20,FALSE,TRUE,0.606838446,51.10405638,0,0
23,TRUE,0.95,SDFA_suffix_model,0.2,32,TRUE,64,20,FALSE,TRUE,0.6150525,36.57867907,0,0
23,TRUE,0.95,SDFA_suffix_model,0.2,32,TRUE,128,20,FALSE,TRUE,0.609288786,29.48001032,0,0
23,TRUE,0.95,SDFA_suffix_model,0.2,64,TRUE,32,20,FALSE,TRUE,0.604526071,51.439101,0,0
23,TRUE,0.95,SDFA_suffix_model,0.2,64,TRUE,64,20,FALSE,TRUE,0.60873107,36.97900087,0,0
23,TRUE,0.95,SDFA_suffix_model,0.2,64,TRUE,128,20,FALSE,TRUE,0.611775165,29.68223171,0,0
23,TRUE,0.95,SDFA_suffix_model,0.5,16,TRUE,16,20,FALSE,FALSE,0.669758061,79.36425133,0,0
23,TRUE,0.95,SDFA_suffix_model,0.5,32,TRUE,16,20,FALSE,FALSE,0.663059831,80.0405599,0,0
23,TRUE,0.95,SDFA_suffix_model,0.5,64,TRUE,16,20,FALSE,FALSE,0.636671709,80.50131461,0,0
23,TRUE,0.95,SDFA_suffix_model,0.5,16,TRUE,32,20,FALSE,FALSE,0.70149287,50.28206051,0,0
23,TRUE,0.95,SDFA_suffix_model,0.5,32,TRUE,32,20,FALSE,FALSE,0.671077194,50.67684249,0,0
23,TRUE,0.95,SDFA_suffix_model,0.5,64,TRUE,32,20,FALSE,FALSE,0.650477398,51.5844617,0,0
23,TRUE,0.95,SDFA_suffix_model,0.5,16,TRUE,64,20,FALSE,FALSE,0.702678162,36.73041813,0,0
23,TRUE,0.95,SDFA_suffix_model,0.5,32,TRUE,64,20,FALSE,FALSE,0.684200014,37.64302816,0,0
23,TRUE,0.95,SDFA_suffix_model,0.5,64,TRUE,64,20,FALSE,FALSE,0.652410204,39.84422951,0,0
23,TRUE,0.95,SDFA_suffix_model,0.5,16,TRUE,128,20,FALSE,FALSE,0.708781248,32.05824399,0,0
23,TRUE,0.95,SDFA_suffix_model,0.5,32,TRUE,128,20,FALSE,FALSE,0.667755338,32.74353707,0,0
23,TRUE,0.95,SDFA_suffix_model,0.5,64,TRUE,128,20,FALSE,FALSE,0.684670629,35.40324622,0,0
23,TRUE,0.95,SDFA_suffix_model,0.5,16,TRUE,32,20,FALSE,TRUE,0.66515903,51.14582618,0,0
23,TRUE,0.95,SDFA_suffix_model,0.5,16,TRUE,64,20,FALSE,TRUE,0.669213816,36.76926006,0,0
23,TRUE,0.95,SDFA_suffix_model,0.5,16,TRUE,128,20,FALSE,TRUE,0.678446864,29.5184396,0,0
23,TRUE,0.95,SDFA_suffix_model,0.5,32,TRUE,32,20,FALSE,TRUE,0.607316741,51.54540764,0,0
23,TRUE,0.95,SDFA_suffix_model,0.5,32,TRUE,64,20,FALSE,TRUE,0.604646755,36.74740747,0,0
23,TRUE,0.95,SDFA_suffix_model,0.5,32,TRUE,128,20,FALSE,TRUE,0.603963785,29.77648855,0,0
23,TRUE,0.95,SDFA_suffix_model,0.5,64,TRUE,32,20,FALSE,TRUE,0.59525071,51.49298221,0,0
23,TRUE,0.95,SDFA_suffix_model,0.5,64,TRUE,64,20,FALSE,TRUE,0.602067125,36.82636021,0,0
23,TRUE,0.95,SDFA_suffix_model,0.5,64,TRUE,128,20,FALSE,TRUE,0.608564902,29.43552752,0,0
42,FALSE,0.95,SDFA_suffix_model,0.1,16,TRUE,32,20,FALSE,FALSE,0.674191438,45.65525374,0.039006652,0.038875541
42,FALSE,0.95,SDFA_suffix_model,0.1,32,TRUE,32,20,FALSE,FALSE,0.666556497,44.59028364,0.039065105,0.038875541
42,FALSE,0.95,SDFA_suffix_model,0.1,64,TRUE,32,20,FALSE,FALSE,0.650429654,44.88872315,0.039101488,0.038875541
42,FALSE,0.95,SDFA_suffix_model,0.1,16,TRUE,128,20,FALSE,FALSE,0.705835985,12.4187217,0,0
42,FALSE,0.95,SDFA_suffix_model,0.1,32,TRUE,128,20,FALSE,FALSE,0.663833501,12.47040549,0,0
42,FALSE,0.95,SDFA_suffix_model,0.1,64,TRUE,128,20,FALSE,FALSE,0.662873577,12.51176422,0,0
42,FALSE,0.95,SDFA_suffix_model,0.2,16,TRUE,32,20,FALSE,FALSE,0.709288403,44.64256326,0.039056578,0.038875541
42,FALSE,0.95,SDFA_suffix_model,0.2,32,TRUE,32,20,FALSE,FALSE,0.657685708,44.9477385,0.038995774,0.038875541
42,FALSE,0.95,SDFA_suffix_model,0.2,64,TRUE,32,20,FALSE,FALSE,0.63717355,44.82711348,0.038999469,0.038875541
42,FALSE,0.95,SDFA_suffix_model,0.2,16,TRUE,128,20,FALSE,FALSE,0.695158655,12.37794217,0,0
42,FALSE,0.95,SDFA_suffix_model,0.2,32,TRUE,128,20,FALSE,FALSE,0.666715851,12.49256273,0,0
42,FALSE,0.95,SDFA_suffix_model,0.2,64,TRUE,128,20,FALSE,FALSE,0.663718323,12.50576402,0,0
42,FALSE,0.95,SDFA_suffix_model,0.5,16,TRUE,32,20,FALSE,FALSE,0.670316994,44.63251686,0.039031335,0.038875541
42,FALSE,0.95,SDFA_suffix_model,0.5,32,TRUE,32,20,FALSE,FALSE,0.685001512,44.93276501,0.039015265,0.038875541
42,FALSE,0.95,SDFA_suffix_model,0.5,64,TRUE,32,20,FALSE,FALSE,0.639532309,44.47965875,0.038980558,0.038875541
42,FALSE,0.95,SDFA_suffix_model,0.5,16,TRUE,128,20,FALSE,FALSE,0.665263118,12.38872846,0,0
42,FALSE,0.95,SDFA_suffix_model,0.5,32,TRUE,128,20,FALSE,FALSE,0.698000145,12.50435217,0,0
42,FALSE,0.95,SDFA_suffix_model,0.5,64,TRUE,128,20,FALSE,FALSE,0.646787939,12.5019354,0,0
42,FALSE,0.95,suffix_model,0,16,FALSE,32,20,FALSE,FALSE,0.662178692,43.16886989,0,0
42,FALSE,0.95,suffix_model,0,32,FALSE,32,20,FALSE,FALSE,0.656281266,44.1381931,0,0
42,FALSE,0.95,suffix_model,0,64,FALSE,32,20,FALSE,FALSE,0.640999093,44.12894413,0,0
42,FALSE,0.95,suffix_model,0,16,FALSE,128,20,FALSE,FALSE,0.700373164,12.08296589,0,0
42,FALSE,0.95,suffix_model,0,32,FALSE,128,20,FALSE,FALSE,0.684504526,12.09226828,0,0
42,FALSE,0.95,suffix_model,0,64,FALSE,128,20,FALSE,FALSE,0.652573147,12.10870704,0,0
42,TRUE,0.95,SDFA_suffix_model,0.1,16,TRUE,128,20,FALSE,FALSE,0.699351195,32.24670556,0.002592125,0.002592082
42,TRUE,0.95,SDFA_suffix_model,0.1,16,TRUE,64,20,FALSE,FALSE,0.683108225,40.17042127,0.010194681,0.010116105
42,TRUE,0.95,SDFA_suffix_model,0.1,16,TRUE,32,20,FALSE,FALSE,0.702795572,53.60973821,0.039264488,0.038875541
42,TRUE,0.95,SDFA_suffix_model,0.1,16,TRUE,16,20,FALSE,FALSE,0.670417416,83.1550194,0.147242278,0.145109543
42,TRUE,0.95,SDFA_suffix_model,0.1,32,TRUE,128,20,FALSE,FALSE,0.689096375,32.10940051,0.002592128,0.002592082
42,TRUE,0.95,SDFA_suffix_model,0.1,32,TRUE,64,20,FALSE,FALSE,0.666367587,40.06005377,0.010272541,0.010116105
42,TRUE,0.95,SDFA_suffix_model,0.1,32,TRUE,32,20,FALSE,FALSE,0.658172305,55.27810431,0.039041297,0.038875541
42,TRUE,0.95,SDFA_suffix_model,0.1,32,TRUE,16,20,FALSE,FALSE,0.662626995,83.15203847,0.145853311,0.145109543
42,TRUE,0.95,SDFA_suffix_model,0.1,64,TRUE,128,20,FALSE,FALSE,0.657135855,31.88351591,0.00259227,0.002592082
42,TRUE,0.95,SDFA_suffix_model,0.1,64,TRUE,64,20,FALSE,FALSE,0.68390622,40.33731479,0.01021473,0.010116105
42,TRUE,0.95,SDFA_suffix_model,0.1,64,TRUE,32,20,FALSE,FALSE,0.645834333,55.83427771,0.03910253,0.038875541
42,TRUE,0.95,SDFA_suffix_model,0.1,64,TRUE,16,20,FALSE,FALSE,0.626717773,83.44063018,0.145771675,0.145109543
42,TRUE,0.95,SDFA_suffix_model,0.2,16,TRUE,128,20,FALSE,FALSE,0.697266012,32.28208201,0.002593401,0.002592082
42,TRUE,0.95,SDFA_suffix_model,0.2,16,TRUE,64,20,FALSE,FALSE,0.672498158,40.03087526,0.010222823,0.010116105
42,TRUE,0.95,SDFA_suffix_model,0.2,16,TRUE,32,20,FALSE,FALSE,0.674464192,55.98834129,0.039095134,0.038875541
42,TRUE,0.95,SDFA_suffix_model,0.2,16,TRUE,16,20,FALSE,FALSE,0.650581613,82.78157837,0.145946744,0.145109543
42,TRUE,0.95,SDFA_suffix_model,0.2,32,TRUE,128,20,FALSE,FALSE,0.686956408,32.13532492,0.002596082,0.002592082
42,TRUE,0.95,SDFA_suffix_model,0.2,32,TRUE,64,20,FALSE,FALSE,0.66914458,40.18759989,0.01023635,0.010116105
42,TRUE,0.95,SDFA_suffix_model,0.2,32,TRUE,32,20,FALSE,FALSE,0.661540204,55.07485793,0.039268091,0.038875541
42,TRUE,0.95,SDFA_suffix_model,0.2,32,TRUE,16,20,FALSE,FALSE,0.657039862,83.21213811,0.145795693,0.145109543
42,TRUE,0.95,SDFA_suffix_model,0.2,64,TRUE,128,20,FALSE,FALSE,0.672782244,31.72000567,0.002597665,0.002592082
42,TRUE,0.95,SDFA_suffix_model,0.2,64,TRUE,64,20,FALSE,FALSE,0.669014044,40.19040897,0.010203076,0.010116105
42,TRUE,0.95,SDFA_suffix_model,0.2,64,TRUE,32,20,FALSE,FALSE,0.655940995,56.10669995,0.039037252,0.038875541
42,TRUE,0.95,SDFA_suffix_model,0.2,64,TRUE,16,20,FALSE,FALSE,0.629929547,83.37418788,0.146929272,0.145109543
42,TRUE,0.95,SDFA_suffix_model,0.5,16,TRUE,128,20,FALSE,FALSE,0.726537397,32.21880295,0.002600835,0.002592082
42,TRUE,0.95,SDFA_suffix_model,0.5,16,TRUE,64,20,FALSE,FALSE,0.689851037,40.24779042,0.010245357,0.010116105
42,TRUE,0.95,SDFA_suffix_model,0.5,16,TRUE,32,20,FALSE,FALSE,0.690571795,55.19036687,0.039085224,0.038875541
42,TRUE,0.95,SDFA_suffix_model,0.5,16,TRUE,16,20,FALSE,FALSE,0.653483278,82.84751293,0.145533971,0.145109543
42,TRUE,0.95,SDFA_suffix_model,0.5,32,TRUE,128,20,FALSE,FALSE,0.687213668,32.07017091,0.002607649,0.002592082
42,TRUE,0.95,SDFA_suffix_model,0.5,32,TRUE,64,20,FALSE,FALSE,0.690235234,39.98408897,0.01019567,0.010116105
42,TRUE,0.95,SDFA_suffix_model,0.5,32,TRUE,32,20,FALSE,FALSE,0.653218524,55.47933953,0.039024042,0.038875541
42,TRUE,0.95,SDFA_suffix_model,0.5,32,TRUE,16,20,FALSE,FALSE,0.659750902,83.26195891,0.145698953,0.145109543
42,TRUE,0.95,SDFA_suffix_model,0.5,64,TRUE,128,20,FALSE,FALSE,0.660000014,31.76059856,0.002611577,0.002592082
42,TRUE,0.95,SDFA_suffix_model,0.5,64,TRUE,64,20,FALSE,FALSE,0.649974484,40.50920818,0.010222603,0.010116105
42,TRUE,0.95,SDFA_suffix_model,0.5,64,TRUE,32,20,FALSE,FALSE,0.658159954,56.30306606,0.039066228,0.038875541
42,TRUE,0.95,SDFA_suffix_model,0.5,64,TRUE,16,20,FALSE,FALSE,0.620708022,83.32134359,0.145877457,0.145109543
56,FALSE,0.95,SDFA_suffix_model,0.1,16,TRUE,32,20,FALSE,FALSE,0.677928802,45.59421167,0,0
56,FALSE,0.95,SDFA_suffix_model,0.1,32,TRUE,32,20,FALSE,FALSE,0.658113055,44.55469758,0,0
56,FALSE,0.95,SDFA_suffix_model,0.1,64,TRUE,32,20,FALSE,FALSE,0.652471944,45.36294245,0,0
56,FALSE,0.95,SDFA_suffix_model,0.1,16,TRUE,128,20,FALSE,FALSE,0.710059857,12.66063994,0,0
56,FALSE,0.95,SDFA_suffix_model,0.1,32,TRUE,128,20,FALSE,FALSE,0.673927928,12.59545562,0,0
56,FALSE,0.95,SDFA_suffix_model,0.1,64,TRUE,128,20,FALSE,FALSE,0.654260386,12.60946771,0,0
56,FALSE,0.95,SDFA_suffix_model,0.1,16,TRUE,128,20,FALSE,TRUE,0.700286657,22.8014727,0,0
56,FALSE,0.95,SDFA_suffix_model,0.1,32,TRUE,128,20,FALSE,TRUE,0.64248771,22.53255812,0,0
56,FALSE,0.95,SDFA_suffix_model,0.1,64,TRUE,128,20,FALSE,TRUE,0.624190432,22.34133312,0,0
56,FALSE,0.95,SDFA_suffix_model,0.2,16,TRUE,32,20,FALSE,FALSE,0.687892274,45.63223023,0,0
56,FALSE,0.95,SDFA_suffix_model,0.2,32,TRUE,32,20,FALSE,FALSE,0.653326814,44.46785428,0,0
56,FALSE,0.95,SDFA_suffix_model,0.2,64,TRUE,32,20,FALSE,FALSE,0.631529699,45.3646955,0,0
56,FALSE,0.95,SDFA_suffix_model,0.2,16,TRUE,128,20,FALSE,FALSE,0.714275743,12.4795803,0,0
56,FALSE,0.95,SDFA_suffix_model,0.2,32,TRUE,128,20,FALSE,FALSE,0.671144158,12.58275547,0,0
56,FALSE,0.95,SDFA_suffix_model,0.2,64,TRUE,128,20,FALSE,FALSE,0.664344532,12.64990366,0,0
56,FALSE,0.95,SDFA_suffix_model,0.2,16,TRUE,128,20,FALSE,TRUE,0.686754286,22.62260769,0,0
56,FALSE,0.95,SDFA_suffix_model,0.2,32,TRUE,128,20,FALSE,TRUE,0.624714083,22.62286216,0,0
56,FALSE,0.95,SDFA_suffix_model,0.2,64,TRUE,128,20,FALSE,TRUE,0.618706722,22.36084205,0,0
56,FALSE,0.95,SDFA_suffix_model,0.5,16,TRUE,32,20,FALSE,FALSE,0.679155314,44.23589945,0,0
56,FALSE,0.95,SDFA_suffix_model,0.5,32,TRUE,32,20,FALSE,FALSE,0.665916383,44.36462082,0,0
56,FALSE,0.95,SDFA_suffix_model,0.5,64,TRUE,32,20,FALSE,FALSE,0.663461686,45.35795854,0,0
56,FALSE,0.95,SDFA_suffix_model,0.5,16,TRUE,128,20,FALSE,FALSE,0.717047652,12.55270605,0,0
56,FALSE,0.95,SDFA_suffix_model,0.5,32,TRUE,128,20,FALSE,FALSE,0.690354176,12.61684986,0,0
56,FALSE,0.95,SDFA_suffix_model,0.5,64,TRUE,128,20,FALSE,FALSE,0.639871953,12.66359378,0,0
56,FALSE,0.95,SDFA_suffix_model,0.5,16,TRUE,128,20,FALSE,TRUE,0.656538522,22.53785753,0,0
56,FALSE,0.95,SDFA_suffix_model,0.5,32,TRUE,128,20,FALSE,TRUE,0.623087282,22.14210683,0,0
56,FALSE,0.95,SDFA_suffix_model,0.5,64,TRUE,128,20,FALSE,TRUE,0.614216463,22.34094697,0,0
56,FALSE,0.95,suffix_model,0,16,FALSE,32,20,FALSE,FALSE,0.661029973,42.81153368,0,0
56,FALSE,0.95,suffix_model,0,32,FALSE,32,20,FALSE,FALSE,0.649467389,43.16479724,0,0
56,FALSE,0.95,suffix_model,0,64,FALSE,32,20,FALSE,FALSE,0.629988126,44.3045807,0,0
56,FALSE,0.95,suffix_model,0,16,FALSE,128,20,FALSE,FALSE,0.684610111,12.15850774,0,0
56,FALSE,0.95,suffix_model,0,32,FALSE,128,20,FALSE,FALSE,0.68418402,12.19037378,0,0
56,FALSE,0.95,suffix_model,0,64,FALSE,128,20,FALSE,FALSE,0.636873617,12.22583071,0,0
56,TRUE,0.95,SDFA_suffix_model,0.1,16,TRUE,16,20,FALSE,FALSE,0.616534375,82.92228279,0,0
56,TRUE,0.95,SDFA_suffix_model,0.1,32,TRUE,16,20,FALSE,FALSE,0.65476615,83.78883963,0,0
56,TRUE,0.95,SDFA_suffix_model,0.1,64,TRUE,16,20,FALSE,FALSE,0.619017995,84.0203368,0,0
56,TRUE,0.95,SDFA_suffix_model,0.1,16,TRUE,32,20,FALSE,FALSE,0.65507436,52.73747091,0,0
56,TRUE,0.95,SDFA_suffix_model,0.1,32,TRUE,32,20,FALSE,FALSE,0.655014755,53.13244533,0,0
56,TRUE,0.95,SDFA_suffix_model,0.1,64,TRUE,32,20,FALSE,FALSE,0.654812605,53.36888074,0,0
56,TRUE,0.95,SDFA_suffix_model,0.1,16,TRUE,64,20,FALSE,FALSE,0.705345069,38.31631914,0,0
56,TRUE,0.95,SDFA_suffix_model,0.1,32,TRUE,64,20,FALSE,FALSE,0.679910428,39.04679647,0,0
56,TRUE,0.95,SDFA_suffix_model,0.1,64,TRUE,64,20,FALSE,FALSE,0.657776175,40.93041325,0,0
56,TRUE,0.95,SDFA_suffix_model,0.1,16,TRUE,128,20,FALSE,FALSE,0.688924781,32.8257347,0,0
56,TRUE,0.95,SDFA_suffix_model,0.1,32,TRUE,128,20,FALSE,FALSE,0.697602678,33.423403,0,0
56,TRUE,0.95,SDFA_suffix_model,0.1,64,TRUE,128,20,FALSE,FALSE,0.663652336,35.76793485,0,0
56,TRUE,0.95,SDFA_suffix_model,0.1,16,TRUE,32,20,FALSE,TRUE,0.674026381,53.50585072,0,0
56,TRUE,0.95,SDFA_suffix_model,0.1,16,TRUE,64,20,FALSE,TRUE,0.70021506,38.42236752,0,0
56,TRUE,0.95,SDFA_suffix_model,0.1,16,TRUE,128,20,FALSE,TRUE,0.69664729,31.03788179,0,0
56,TRUE,0.95,SDFA_suffix_model,0.1,32,TRUE,32,20,FALSE,TRUE,0.651910319,52.35913698,0,0
56,TRUE,0.95,SDFA_suffix_model,0.1,32,TRUE,64,20,FALSE,TRUE,0.676161822,37.97230209,0,0
56,TRUE,0.95,SDFA_suffix_model,0.1,32,TRUE,128,20,FALSE,TRUE,0.646783247,30.59120716,0,0
56,TRUE,0.95,SDFA_suffix_model,0.1,64,TRUE,32,20,FALSE,TRUE,0.64804707,52.00666359,0,0
56,TRUE,0.95,SDFA_suffix_model,0.1,64,TRUE,64,20,FALSE,TRUE,0.661928902,37.663129,0,0
56,TRUE,0.95,SDFA_suffix_model,0.1,64,TRUE,128,20,FALSE,TRUE,0.630117486,30.45479137,0,0
56,TRUE,0.95,SDFA_suffix_model,0.2,16,TRUE,16,20,FALSE,FALSE,0.650783662,82.92091041,0,0
56,TRUE,0.95,SDFA_suffix_model,0.2,32,TRUE,16,20,FALSE,FALSE,0.649155574,83.76761298,0,0
56,TRUE,0.95,SDFA_suffix_model,0.2,64,TRUE,16,20,FALSE,FALSE,0.629122525,84.03702638,0,0
56,TRUE,0.95,SDFA_suffix_model,0.2,16,TRUE,32,20,FALSE,FALSE,0.67157072,52.76371714,0,0
56,TRUE,0.95,SDFA_suffix_model,0.2,32,TRUE,32,20,FALSE,FALSE,0.64528624,53.11815532,0,0
56,TRUE,0.95,SDFA_suffix_model,0.2,64,TRUE,32,20,FALSE,FALSE,0.651653924,53.51089026,0,0
56,TRUE,0.95,SDFA_suffix_model,0.2,16,TRUE,64,20,FALSE,FALSE,0.704420894,38.33801811,0,0
56,TRUE,0.95,SDFA_suffix_model,0.2,32,TRUE,64,20,FALSE,FALSE,0.67984746,39.03301536,0,0
56,TRUE,0.95,SDFA_suffix_model,0.2,64,TRUE,64,20,FALSE,FALSE,0.676406963,40.91504048,0,0
56,TRUE,0.95,SDFA_suffix_model,0.2,16,TRUE,128,20,FALSE,FALSE,0.697234545,32.80959646,0,0
56,TRUE,0.95,SDFA_suffix_model,0.2,32,TRUE,128,20,FALSE,FALSE,0.693450555,33.36305739,0,0
56,TRUE,0.95,SDFA_suffix_model,0.2,64,TRUE,128,20,FALSE,FALSE,0.640664169,35.81525746,0,0
56,TRUE,0.95,SDFA_suffix_model,0.2,16,TRUE,32,20,FALSE,TRUE,0.686568091,52.97970849,0,0
56,TRUE,0.95,SDFA_suffix_model,0.2,16,TRUE,64,20,FALSE,TRUE,0.698513965,38.03640121,0,0
56,TRUE,0.95,SDFA_suffix_model,0.2,16,TRUE,128,20,FALSE,TRUE,0.699689004,30.65670271,0,0
56,TRUE,0.95,SDFA_suffix_model,0.2,32,TRUE,32,20,FALSE,TRUE,0.625230004,53.12023865,0,0
56,TRUE,0.95,SDFA_suffix_model,0.2,32,TRUE,64,20,FALSE,TRUE,0.636176515,38.1095044,0,0
56,TRUE,0.95,SDFA_suffix_model,0.2,32,TRUE,128,20,FALSE,TRUE,0.63040063,30.70708844,0,0
56,TRUE,0.95,SDFA_suffix_model,0.2,64,TRUE,32,20,FALSE,TRUE,0.620238726,52.00155494,0,0
56,TRUE,0.95,SDFA_suffix_model,0.2,64,TRUE,64,20,FALSE,TRUE,0.625654424,37.56989606,0,0
56,TRUE,0.95,SDFA_suffix_model,0.2,64,TRUE,128,20,FALSE,TRUE,0.613841614,30.50391696,0,0
56,TRUE,0.95,SDFA_suffix_model,0.5,16,TRUE,16,20,FALSE,FALSE,0.660700946,82.89137735,0,0
56,TRUE,0.95,SDFA_suffix_model,0.5,32,TRUE,16,20,FALSE,FALSE,0.655238005,83.72006495,0,0
56,TRUE,0.95,SDFA_suffix_model,0.5,64,TRUE,16,20,FALSE,FALSE,0.625599339,83.99271517,0,0
56,TRUE,0.95,SDFA_suffix_model,0.5,16,TRUE,32,20,FALSE,FALSE,0.707741739,52.86011578,0,0
56,TRUE,0.95,SDFA_suffix_model,0.5,32,TRUE,32,20,FALSE,FALSE,0.674923518,53.10188643,0,0
56,TRUE,0.95,SDFA_suffix_model,0.5,64,TRUE,32,20,FALSE,FALSE,0.659845249,53.56237543,0,0
56,TRUE,0.95,SDFA_suffix_model,0.5,16,TRUE,64,20,FALSE,FALSE,0.720140619,38.36472462,0,0
56,TRUE,0.95,SDFA_suffix_model,0.5,32,TRUE,64,20,FALSE,FALSE,0.664645179,39.09606614,0,0
56,TRUE,0.95,SDFA_suffix_model,0.5,64,TRUE,64,20,FALSE,FALSE,0.65853867,40.87844523,0,0
56,TRUE,0.95,SDFA_suffix_model,0.5,16,TRUE,128,20,FALSE,FALSE,0.733479566,32.83644998,0,0
56,TRUE,0.95,SDFA_suffix_model,0.5,32,TRUE,128,20,FALSE,FALSE,0.699469857,33.18691598,0,0
56,TRUE,0.95,SDFA_suffix_model,0.5,64,TRUE,128,20,FALSE,FALSE,0.655359621,35.43961914,0,0
56,TRUE,0.95,SDFA_suffix_model,0.5,16,TRUE,32,20,FALSE,TRUE,0.674659858,53.08124263,0,0
56,TRUE,0.95,SDFA_suffix_model,0.5,16,TRUE,64,20,FALSE,TRUE,0.674634856,38.08494453,0,0
56,TRUE,0.95,SDFA_suffix_model,0.5,16,TRUE,128,20,FALSE,TRUE,0.664169477,30.49525943,0,0
56,TRUE,0.95,SDFA_suffix_model,0.5,32,TRUE,32,20,FALSE,TRUE,0.615913257,52.28246286,0,0
56,TRUE,0.95,SDFA_suffix_model,0.5,32,TRUE,64,20,FALSE,TRUE,0.621470345,37.47798987,0,0
56,TRUE,0.95,SDFA_suffix_model,0.5,32,TRUE,128,20,FALSE,TRUE,0.628167364,30.44524927,0,0
56,TRUE,0.95,SDFA_suffix_model,0.5,64,TRUE,32,20,FALSE,TRUE,0.604292151,51.86992721,0,0
56,TRUE,0.95,SDFA_suffix_model,0.5,64,TRUE,64,20,FALSE,TRUE,0.614023485,37.55528169,0,0
56,TRUE,0.95,SDFA_suffix_model,0.5,64,TRUE,128,20,FALSE,TRUE,0.611895353,30.47033473,0,0
76,FALSE,0.95,SDFA_suffix_model,0.1,16,TRUE,32,20,FALSE,FALSE,0.693473373,41.58664465,0,0
76,FALSE,0.95,SDFA_suffix_model,0.1,32,TRUE,32,20,FALSE,FALSE,0.629059272,41.62808081,0,0
76,FALSE,0.95,SDFA_suffix_model,0.1,64,TRUE,32,20,FALSE,FALSE,0.654299066,43.41712982,0,0
76,FALSE,0.95,SDFA_suffix_model,0.1,16,TRUE,128,20,FALSE,FALSE,0.720443247,12.41513072,0,0
76,FALSE,0.95,SDFA_suffix_model,0.1,32,TRUE,128,20,FALSE,FALSE,0.682847513,12.47714087,0,0
76,FALSE,0.95,SDFA_suffix_model,0.1,64,TRUE,128,20,FALSE,FALSE,0.648008233,12.51551265,0,0
76,FALSE,0.95,SDFA_suffix_model,0.1,16,TRUE,128,20,FALSE,TRUE,0.681464525,21.80117872,0,0
76,FALSE,0.95,SDFA_suffix_model,0.1,32,TRUE,128,20,FALSE,TRUE,0.666106649,21.48275575,0,0
76,FALSE,0.95,SDFA_suffix_model,0.1,64,TRUE,128,20,FALSE,TRUE,0.606930721,21.58760782,0,0
76,FALSE,0.95,SDFA_suffix_model,0.2,16,TRUE,32,20,FALSE,FALSE,0.686400112,41.60407073,0,0
76,FALSE,0.95,SDFA_suffix_model,0.2,32,TRUE,32,20,FALSE,FALSE,0.651669139,42.33603653,0,0
76,FALSE,0.95,SDFA_suffix_model,0.2,64,TRUE,32,20,FALSE,FALSE,0.644742199,43.42219866,0,0
76,FALSE,0.95,SDFA_suffix_model,0.2,16,TRUE,128,20,FALSE,FALSE,0.74240304,12.39387551,0,0
76,FALSE,0.95,SDFA_suffix_model,0.2,32,TRUE,128,20,FALSE,FALSE,0.654375051,12.50771315,0,0
76,FALSE,0.95,SDFA_suffix_model,0.2,64,TRUE,128,20,FALSE,FALSE,0.668377306,12.51211739,0,0
76,FALSE,0.95,SDFA_suffix_model,0.2,16,TRUE,128,20,FALSE,TRUE,0.688204561,21.69414855,0,0
76,FALSE,0.95,SDFA_suffix_model,0.2,32,TRUE,128,20,FALSE,TRUE,0.646554534,21.42929537,0,0
76,FALSE,0.95,SDFA_suffix_model,0.2,64,TRUE,128,20,FALSE,TRUE,0.611367179,21.7648688,0,0
76,FALSE,0.95,SDFA_suffix_model,0.5,16,TRUE,32,20,FALSE,FALSE,0.697517238,41.44932309,0,0
76,FALSE,0.95,SDFA_suffix_model,0.5,32,TRUE,32,20,FALSE,FALSE,0.653389996,42.30592071,0,0
76,FALSE,0.95,SDFA_suffix_model,0.5,64,TRUE,32,20,FALSE,FALSE,0.663564403,43.34431199,0,0
76,FALSE,0.95,SDFA_suffix_model,0.5,16,TRUE,128,20,FALSE,FALSE,0.743922571,12.41572816,0,0
76,FALSE,0.95,SDFA_suffix_model,0.5,32,TRUE,128,20,FALSE,FALSE,0.673719791,12.47383341,0,0
76,FALSE,0.95,SDFA_suffix_model,0.5,64,TRUE,128,20,FALSE,FALSE,0.650221546,12.5529993,0,0
76,FALSE,0.95,SDFA_suffix_model,0.5,16,TRUE,128,20,FALSE,TRUE,0.646742802,21.83931571,0,0
76,FALSE,0.95,SDFA_suffix_model,0.5,32,TRUE,128,20,FALSE,TRUE,0.645901351,21.60007051,0,0
76,FALSE,0.95,SDFA_suffix_model,0.5,64,TRUE,128,20,FALSE,TRUE,0.610393294,21.81134899,0,0
76,FALSE,0.95,suffix_model,0,16,FALSE,32,20,FALSE,FALSE,0.675199542,38.98014676,0,0
76,FALSE,0.95,suffix_model,0,32,FALSE,32,20,FALSE,FALSE,0.659212737,39.40703165,0,0
76,FALSE,0.95,suffix_model,0,64,FALSE,32,20,FALSE,FALSE,0.629959351,39.67023092,0,0
76,FALSE,0.95,suffix_model,0,16,FALSE,128,20,FALSE,FALSE,0.684293803,12.08849702,0,0
76,FALSE,0.95,suffix_model,0,32,FALSE,128,20,FALSE,FALSE,0.677512279,12.10839084,0,0
76,FALSE,0.95,suffix_model,0,64,FALSE,128,20,FALSE,FALSE,0.658189183,12.11565788,0,0
76,TRUE,0.95,SDFA_suffix_model,0.1,16,TRUE,16,20,FALSE,FALSE,0.652269093,80.09220911,0,0
76,TRUE,0.95,SDFA_suffix_model,0.1,32,TRUE,16,20,FALSE,FALSE,0.647015025,80.32524603,0,0
76,TRUE,0.95,SDFA_suffix_model,0.1,64,TRUE,16,20,FALSE,FALSE,0.626419028,80.44794664,0,0
76,TRUE,0.95,SDFA_suffix_model,0.1,16,TRUE,32,20,FALSE,FALSE,0.66471131,50.4787501,0,0
76,TRUE,0.95,SDFA_suffix_model,0.1,32,TRUE,32,20,FALSE,FALSE,0.629896869,50.77117953,0,0
76,TRUE,0.95,SDFA_suffix_model,0.1,64,TRUE,32,20,FALSE,FALSE,0.648387042,50.76310374,0,0
76,TRUE,0.95,SDFA_suffix_model,0.1,16,TRUE,64,20,FALSE,FALSE,0.707669245,36.87377185,0,0
76,TRUE,0.95,SDFA_suffix_model,0.1,32,TRUE,64,20,FALSE,FALSE,0.662172615,37.51859463,0,0
76,TRUE,0.95,SDFA_suffix_model,0.1,64,TRUE,64,20,FALSE,FALSE,0.645866154,39.54450051,0,0
76,TRUE,0.95,SDFA_suffix_model,0.1,16,TRUE,128,20,FALSE,FALSE,0.701873068,31.94338899,0,0
76,TRUE,0.95,SDFA_suffix_model,0.1,32,TRUE,128,20,FALSE,FALSE,0.695419186,32.56113589,0,0
76,TRUE,0.95,SDFA_suffix_model,0.1,64,TRUE,128,20,FALSE,FALSE,0.678393671,35.31127056,0,0
76,TRUE,0.95,SDFA_suffix_model,0.1,16,TRUE,32,20,FALSE,TRUE,0.681558394,51.24765213,0,0
76,TRUE,0.95,SDFA_suffix_model,0.1,16,TRUE,64,20,FALSE,TRUE,0.693712633,36.69381254,0,0
76,TRUE,0.95,SDFA_suffix_model,0.1,16,TRUE,128,20,FALSE,TRUE,0.697230292,29.51743062,0,0
76,TRUE,0.95,SDFA_suffix_model,0.1,32,TRUE,32,20,FALSE,TRUE,0.643081969,51.32232194,0,0
76,TRUE,0.95,SDFA_suffix_model,0.1,32,TRUE,64,20,FALSE,TRUE,0.662386042,36.88630511,0,0
76,TRUE,0.95,SDFA_suffix_model,0.1,32,TRUE,128,20,FALSE,TRUE,0.679421285,29.41037098,0,0
76,TRUE,0.95,SDFA_suffix_model,0.1,64,TRUE,32,20,FALSE,TRUE,0.645916118,50.52526842,0,0
76,TRUE,0.95,SDFA_suffix_model,0.1,64,TRUE,64,20,FALSE,TRUE,0.64418539,36.23050612,0,0
76,TRUE,0.95,SDFA_suffix_model,0.1,64,TRUE,128,20,FALSE,TRUE,0.617623669,29.1919755,0,0
76,TRUE,0.95,SDFA_suffix_model,0.2,16,TRUE,16,20,FALSE,FALSE,0.684783242,80.11195531,0,0
76,TRUE,0.95,SDFA_suffix_model,0.2,32,TRUE,16,20,FALSE,FALSE,0.651444282,80.11202,0,0
76,TRUE,0.95,SDFA_suffix_model,0.2,64,TRUE,16,20,FALSE,FALSE,0.618270449,81.17504842,0,0
76,TRUE,0.95,SDFA_suffix_model,0.2,16,TRUE,32,20,FALSE,FALSE,0.663066174,50.76164731,0,0
76,TRUE,0.95,SDFA_suffix_model,0.2,32,TRUE,32,20,FALSE,FALSE,0.664024906,50.98863015,0,0
76,TRUE,0.95,SDFA_suffix_model,0.2,64,TRUE,32,20,FALSE,FALSE,0.647541038,50.80485232,0,0
76,TRUE,0.95,SDFA_suffix_model,0.2,16,TRUE,64,20,FALSE,FALSE,0.68191568,36.62278404,0,0
76,TRUE,0.95,SDFA_suffix_model,0.2,32,TRUE,64,20,FALSE,FALSE,0.679925234,37.48628574,0,0
76,TRUE,0.95,SDFA_suffix_model,0.2,64,TRUE,64,20,FALSE,FALSE,0.658129884,39.44849321,0,0
76,TRUE,0.95,SDFA_suffix_model,0.2,16,TRUE,128,20,FALSE,FALSE,0.714976589,31.84570319,0,0
76,TRUE,0.95,SDFA_suffix_model,0.2,32,TRUE,128,20,FALSE,FALSE,0.697661287,32.62444323,0,0
76,TRUE,0.95,SDFA_suffix_model,0.2,64,TRUE,128,20,FALSE,FALSE,0.64469108,35.27826014,0,0
76,TRUE,0.95,SDFA_suffix_model,0.2,16,TRUE,32,20,FALSE,TRUE,0.673801357,51.35355064,0,0
76,TRUE,0.95,SDFA_suffix_model,0.2,16,TRUE,64,20,FALSE,TRUE,0.674313887,36.46612128,0,0
76,TRUE,0.95,SDFA_suffix_model,0.2,16,TRUE,128,20,FALSE,TRUE,0.694971628,29.34316866,0,0
76,TRUE,0.95,SDFA_suffix_model,0.2,32,TRUE,32,20,FALSE,TRUE,0.642820219,50.25421367,0,0
76,TRUE,0.95,SDFA_suffix_model,0.2,32,TRUE,64,20,FALSE,TRUE,0.631702318,35.93175156,0,0
76,TRUE,0.95,SDFA_suffix_model,0.2,32,TRUE,128,20,FALSE,TRUE,0.647814342,29.24834904,0,0
76,TRUE,0.95,SDFA_suffix_model,0.2,64,TRUE,32,20,FALSE,TRUE,0.610477097,50.41337981,0,0
76,TRUE,0.95,SDFA_suffix_model,0.2,64,TRUE,64,20,FALSE,TRUE,0.614319063,36.23247635,0,0
76,TRUE,0.95,SDFA_suffix_model,0.2,64,TRUE,128,20,FALSE,TRUE,0.611444264,29.54209738,0,0
76,TRUE,0.95,SDFA_suffix_model,0.5,16,TRUE,16,20,FALSE,FALSE,0.665130018,79.67408301,0,0
76,TRUE,0.95,SDFA_suffix_model,0.5,32,TRUE,16,20,FALSE,FALSE,0.652581599,80.37842752,0,0
76,TRUE,0.95,SDFA_suffix_model,0.5,64,TRUE,16,20,FALSE,FALSE,0.646579938,80.63235213,0,0
76,TRUE,0.95,SDFA_suffix_model,0.5,16,TRUE,32,20,FALSE,FALSE,0.670176342,50.54295928,0,0
76,TRUE,0.95,SDFA_suffix_model,0.5,32,TRUE,32,20,FALSE,FALSE,0.675002382,50.36842203,0,0
76,TRUE,0.95,SDFA_suffix_model,0.5,64,TRUE,32,20,FALSE,FALSE,0.654481135,50.86043643,0,0
76,TRUE,0.95,SDFA_suffix_model,0.5,16,TRUE,64,20,FALSE,FALSE,0.685083196,36.67796723,0,0
76,TRUE,0.95,SDFA_suffix_model,0.5,32,TRUE,64,20,FALSE,FALSE,0.661630368,37.50410529,0,0
76,TRUE,0.95,SDFA_suffix_model,0.5,64,TRUE,64,20,FALSE,FALSE,0.688156247,39.5153431,0,0
76,TRUE,0.95,SDFA_suffix_model,0.5,16,TRUE,128,20,FALSE,FALSE,0.721832697,31.93724796,0,0
76,TRUE,0.95,SDFA_suffix_model,0.5,32,TRUE,128,20,FALSE,FALSE,0.688657581,32.61770663,0,0
76,TRUE,0.95,SDFA_suffix_model,0.5,64,TRUE,128,20,FALSE,FALSE,0.64756766,35.23180438,0,0
76,TRUE,0.95,SDFA_suffix_model,0.5,16,TRUE,32,20,FALSE,TRUE,0.668200124,50.84535054,0,0
76,TRUE,0.95,SDFA_suffix_model,0.5,16,TRUE,64,20,FALSE,TRUE,0.655031419,36.68431175,0,0
76,TRUE,0.95,SDFA_suffix_model,0.5,16,TRUE,128,20,FALSE,TRUE,0.646473684,29.51051635,0,0
76,TRUE,0.95,SDFA_suffix_model,0.5,32,TRUE,32,20,FALSE,TRUE,0.632137843,50.31325419,0,0
76,TRUE,0.95,SDFA_suffix_model,0.5,32,TRUE,64,20,FALSE,TRUE,0.634770661,38.31713577,0,0
76,TRUE,0.95,SDFA_suffix_model,0.5,32,TRUE,128,20,FALSE,TRUE,0.635215452,29.67934218,0,0
76,TRUE,0.95,SDFA_suffix_model,0.5,64,TRUE,32,20,FALSE,TRUE,0.601232867,51.0283677,0,0
76,TRUE,0.95,SDFA_suffix_model,0.5,64,TRUE,64,20,FALSE,TRUE,0.613544998,36.82903659,0,0
76,TRUE,0.95,SDFA_suffix_model,0.5,64,TRUE,128,20,FALSE,TRUE,0.612480039,29.60514473,0,0
108,FALSE,0.95,SDFA_suffix_model,0.1,16,TRUE,32,20,FALSE,FALSE,0.677382404,48.85825521,0.039063935,0.038875541
108,FALSE,0.95,SDFA_suffix_model,0.1,32,TRUE,32,20,FALSE,FALSE,0.647287363,47.75197125,0.039016387,0.038875541
108,FALSE,0.95,SDFA_suffix_model,0.1,64,TRUE,32,20,FALSE,FALSE,0.659401556,49.59841118,0.039010344,0.038875541
108,FALSE,0.95,SDFA_suffix_model,0.1,16,TRUE,128,20,FALSE,FALSE,0.707501809,12.379919,0,0
108,FALSE,0.95,SDFA_suffix_model,0.1,32,TRUE,128,20,FALSE,FALSE,0.690632249,12.48062504,0,0
108,FALSE,0.95,SDFA_suffix_model,0.1,64,TRUE,128,20,FALSE,FALSE,0.684201544,12.50457469,0,0
108,FALSE,0.95,SDFA_suffix_model,0.2,16,TRUE,32,20,FALSE,FALSE,0.690243697,48.81751034,0.039149204,0.038875541
108,FALSE,0.95,SDFA_suffix_model,0.2,32,TRUE,32,20,FALSE,FALSE,0.671435095,47.72964894,0.039042024,0.038875541
108,FALSE,0.95,SDFA_suffix_model,0.2,64,TRUE,32,20,FALSE,FALSE,0.64876724,49.35389574,0.038975871,0.038875541
108,FALSE,0.95,SDFA_suffix_model,0.2,16,TRUE,128,20,FALSE,FALSE,0.705370933,12.38628638,0,0
108,FALSE,0.95,SDFA_suffix_model,0.2,32,TRUE,128,20,FALSE,FALSE,0.688795337,12.49811156,0,0
108,FALSE,0.95,SDFA_suffix_model,0.2,64,TRUE,128,20,FALSE,FALSE,0.67448151,12.493954,0,0
108,FALSE,0.95,SDFA_suffix_model,0.5,16,TRUE,32,20,FALSE,FALSE,0.688578886,47.6031709,0.039030011,0.038875541
108,FALSE,0.95,SDFA_suffix_model,0.5,32,TRUE,32,20,FALSE,FALSE,0.660700806,49.37741123,0.038993279,0.038875541
108,FALSE,0.95,SDFA_suffix_model,0.5,64,TRUE,32,20,FALSE,FALSE,0.629309145,47.72103449,0.039028314,0.038875541
108,FALSE,0.95,SDFA_suffix_model,0.5,16,TRUE,128,20,FALSE,FALSE,0.693241723,12.4048484,0,0
108,FALSE,0.95,SDFA_suffix_model,0.5,32,TRUE,128,20,FALSE,FALSE,0.700889394,12.50653234,0,0
108,FALSE,0.95,SDFA_suffix_model,0.5,64,TRUE,128,20,FALSE,FALSE,0.668964924,12.49760616,0,0
108,FALSE,0.95,suffix_model,0,16,FALSE,32,20,FALSE,FALSE,0.690426818,46.59758905,0,0
108,FALSE,0.95,suffix_model,0,32,FALSE,32,20,FALSE,FALSE,0.634071383,46.84610443,0,0
108,FALSE,0.95,suffix_model,0,64,FALSE,32,20,FALSE,FALSE,0.639821784,47.05298648,0,0
108,FALSE,0.95,suffix_model,0,16,FALSE,128,20,FALSE,FALSE,0.675931073,12.08453545,0,0
108,FALSE,0.95,suffix_model,0,32,FALSE,128,20,FALSE,FALSE,0.675931182,12.09048934,0,0
108,FALSE,0.95,suffix_model,0,64,FALSE,128,20,FALSE,FALSE,0.632397654,12.10491346,0,0
108,TRUE,0.95,SDFA_suffix_model,0.1,16,TRUE,128,20,FALSE,FALSE,0.71036562,31.89814764,0.002592125,0.002592082
108,TRUE,0.95,SDFA_suffix_model,0.1,16,TRUE,64,20,FALSE,FALSE,0.68153205,35.21860718,0.010205529,0.010116105
108,TRUE,0.95,SDFA_suffix_model,0.1,16,TRUE,32,20,FALSE,FALSE,0.700728189,51.56411637,0.039100528,0.038875541
108,TRUE,0.95,SDFA_suffix_model,0.1,16,TRUE,16,20,FALSE,FALSE,0.656557517,88.76332117,0.145897774,0.145109543
108,TRUE,0.95,SDFA_suffix_model,0.1,32,TRUE,128,20,FALSE,FALSE,0.741083,31.96361211,0.002592125,0.002592082
108,TRUE,0.95,SDFA_suffix_model,0.1,32,TRUE,64,20,FALSE,FALSE,0.661987744,40.12642387,0.010296071,0.010116105
108,TRUE,0.95,SDFA_suffix_model,0.1,32,TRUE,32,20,FALSE,FALSE,0.63720835,51.17385341,0.039159632,0.038875541
108,TRUE,0.95,SDFA_suffix_model,0.1,32,TRUE,16,20,FALSE,FALSE,0.657569012,90.62005994,0.145792699,0.145109543
108,TRUE,0.95,SDFA_suffix_model,0.1,64,TRUE,128,20,FALSE,FALSE,0.674052721,28.29829937,0.002592125,0.002592082
108,TRUE,0.95,SDFA_suffix_model,0.1,64,TRUE,64,20,FALSE,FALSE,0.659140405,40.25785477,0.010183053,0.010116105
108,TRUE,0.95,SDFA_suffix_model,0.1,64,TRUE,32,20,FALSE,FALSE,0.656966087,51.43678311,0.039075447,0.038875541
108,TRUE,0.95,SDFA_suffix_model,0.1,64,TRUE,16,20,FALSE,FALSE,0.622204818,80.69657036,0.146192952,0.145109543
108,TRUE,0.95,SDFA_suffix_model,0.2,16,TRUE,128,20,FALSE,FALSE,0.7066065,31.91389132,0.002592125,0.002592082
108,TRUE,0.95,SDFA_suffix_model,0.2,16,TRUE,64,20,FALSE,FALSE,0.677630331,35.22139575,0.010242945,0.010116105
108,TRUE,0.95,SDFA_suffix_model,0.2,16,TRUE,32,20,FALSE,FALSE,0.679570484,51.18982732,0.0391457,0.038875541
108,TRUE,0.95,SDFA_suffix_model,0.2,16,TRUE,16,20,FALSE,FALSE,0.653448481,88.91297913,0.14592219,0.145109543
108,TRUE,0.95,SDFA_suffix_model,0.2,32,TRUE,128,20,FALSE,FALSE,0.683271618,32.00694935,0.002592139,0.002592082
108,TRUE,0.95,SDFA_suffix_model,0.2,32,TRUE,64,20,FALSE,FALSE,0.686203414,40.15662683,0.010195408,0.010116105
108,TRUE,0.95,SDFA_suffix_model,0.2,32,TRUE,32,20,FALSE,FALSE,0.652662323,51.22522639,0.039069062,0.038875541
108,TRUE,0.95,SDFA_suffix_model,0.2,32,TRUE,16,20,FALSE,FALSE,0.637728982,90.65678652,0.145763247,0.145109543
108,TRUE,0.95,SDFA_suffix_model,0.2,64,TRUE,128,20,FALSE,FALSE,0.679701139,28.37692392,0.002608197,0.002592082
108,TRUE,0.95,SDFA_suffix_model,0.2,64,TRUE,64,20,FALSE,FALSE,0.672657639,40.21771498,0.010192197,0.010116105
108,TRUE,0.95,SDFA_suffix_model,0.2,64,TRUE,32,20,FALSE,FALSE,0.64579689,51.70228741,0.039031182,0.038875541
108,TRUE,0.95,SDFA_suffix_model,0.2,64,TRUE,16,20,FALSE,FALSE,0.624482978,80.38841869,0.146235271,0.145109543
108,TRUE,0.95,SDFA_suffix_model,0.5,16,TRUE,128,20,FALSE,FALSE,0.707097421,31.89883314,0.002594629,0.002592082
108,TRUE,0.95,SDFA_suffix_model,0.5,16,TRUE,64,20,FALSE,FALSE,0.705510157,40.09462815,0.01022913,0.010116105
108,TRUE,0.95,SDFA_suffix_model,0.5,16,TRUE,32,20,FALSE,FALSE,0.693206172,51.48529347,0.039064758,0.038875541
108,TRUE,0.95,SDFA_suffix_model,0.5,16,TRUE,16,20,FALSE,FALSE,0.654826358,90.41277872,0.145907223,0.145109543
108,TRUE,0.95,SDFA_suffix_model,0.5,32,TRUE,128,20,FALSE,FALSE,0.667987923,31.98660946,0.002605576,0.002592082
108,TRUE,0.95,SDFA_suffix_model,0.5,32,TRUE,64,20,FALSE,FALSE,0.704589933,40.17629562,0.010221025,0.010116105
108,TRUE,0.95,SDFA_suffix_model,0.5,32,TRUE,32,20,FALSE,FALSE,0.661013461,51.38833762,0.039053546,0.038875541
108,TRUE,0.95,SDFA_suffix_model,0.5,32,TRUE,16,20,FALSE,FALSE,0.660229998,87.019497,0.145733806,0.145109543
108,TRUE,0.95,SDFA_suffix_model,0.5,64,TRUE,128,20,FALSE,FALSE,0.669343489,28.46878227,0.002614927,0.002592082
108,TRUE,0.95,SDFA_suffix_model,0.5,64,TRUE,64,20,FALSE,FALSE,0.663157831,40.1553382,0.010219922,0.010116105
108,TRUE,0.95,SDFA_suffix_model,0.5,64,TRUE,32,20,FALSE,FALSE,0.640214296,51.09860472,0.039109157,0.038875541
108,TRUE,0.95,SDFA_suffix_model,0.5,64,TRUE,16,20,FALSE,FALSE,0.630370929,80.5112073,0.145820763,0.145109543
1089,FALSE,0.95,SDFA_suffix_model,0.1,16,TRUE,32,20,FALSE,FALSE,0.699506549,45.18578971,0.039040451,0.038875541
1089,FALSE,0.95,SDFA_suffix_model,0.1,32,TRUE,32,20,FALSE,FALSE,0.66922306,45.04500624,0.039090895,0.038875541
1089,FALSE,0.95,SDFA_suffix_model,0.1,64,TRUE,32,20,FALSE,FALSE,0.656390087,45.10419494,0.039006259,0.038875541
1089,FALSE,0.95,SDFA_suffix_model,0.1,16,TRUE,128,20,FALSE,FALSE,0.684638987,12.373319,0,0
1089,FALSE,0.95,SDFA_suffix_model,0.1,32,TRUE,128,20,FALSE,FALSE,0.692795124,12.54990973,0,0
1089,FALSE,0.95,SDFA_suffix_model,0.1,64,TRUE,128,20,FALSE,FALSE,0.666119985,12.49438345,0,0
1089,FALSE,0.95,SDFA_suffix_model,0.2,16,TRUE,32,20,FALSE,FALSE,0.675123738,45.06187857,0.03907187,0.038875541
1089,FALSE,0.95,SDFA_suffix_model,0.2,32,TRUE,32,20,FALSE,FALSE,0.637908182,45.13501652,0.039073137,0.038875541
1089,FALSE,0.95,SDFA_suffix_model,0.2,64,TRUE,32,20,FALSE,FALSE,0.640058598,45.29387547,0.039002652,0.038875541
1089,FALSE,0.95,SDFA_suffix_model,0.2,16,TRUE,128,20,FALSE,FALSE,0.695086757,12.37925346,0,0
1089,FALSE,0.95,SDFA_suffix_model,0.2,32,TRUE,128,20,FALSE,FALSE,0.674303531,12.467904,0,0
1089,FALSE,0.95,SDFA_suffix_model,0.2,64,TRUE,128,20,FALSE,FALSE,0.667228091,12.53893474,0,0
1089,FALSE,0.95,SDFA_suffix_model,0.5,16,TRUE,32,20,FALSE,FALSE,0.711198995,45.11644624,0.039003965,0.038875541
1089,FALSE,0.95,SDFA_suffix_model,0.5,32,TRUE,32,20,FALSE,FALSE,0.667853968,45.16604818,0.039034759,0.038875541
1089,FALSE,0.95,SDFA_suffix_model,0.5,64,TRUE,32,20,FALSE,FALSE,0.666987346,45.17090327,0.039006979,0.038875541
1089,FALSE,0.95,SDFA_suffix_model,0.5,16,TRUE,128,20,FALSE,FALSE,0.689136539,12.38377769,0,0
1089,FALSE,0.95,SDFA_suffix_model,0.5,32,TRUE,128,20,FALSE,FALSE,0.683342428,12.51425416,0,0
1089,FALSE,0.95,SDFA_suffix_model,0.5,64,TRUE,128,20,FALSE,FALSE,0.653975894,12.5100797,0,0
1089,FALSE,0.95,suffix_model,0,16,FALSE,32,20,FALSE,FALSE,0.671522543,44.37373686,0,0
1089,FALSE,0.95,suffix_model,0,32,FALSE,32,20,FALSE,FALSE,0.6271235,44.46489957,0,0
1089,FALSE,0.95,suffix_model,0,64,FALSE,32,20,FALSE,FALSE,0.655292132,43.74335756,0,0
1089,FALSE,0.95,suffix_model,0,16,FALSE,128,20,FALSE,FALSE,0.699955407,12.08712961,0,0
1089,FALSE,0.95,suffix_model,0,32,FALSE,128,20,FALSE,FALSE,0.67917937,12.08724246,0,0
1089,FALSE,0.95,suffix_model,0,64,FALSE,128,20,FALSE,FALSE,0.638138526,12.0923148,0,0
1089,TRUE,0.95,SDFA_suffix_model,0.1,16,TRUE,128,20,FALSE,FALSE,0.700751032,30.41942816,0.002592125,0.002592082
1089,TRUE,0.95,SDFA_suffix_model,0.1,16,TRUE,64,20,FALSE,FALSE,0.689355418,38.18652356,0.010179734,0.010116105
1089,TRUE,0.95,SDFA_suffix_model,0.1,16,TRUE,32,20,FALSE,FALSE,0.677559375,53.27960811,0.039100348,0.038875541
1089,TRUE,0.95,SDFA_suffix_model,0.1,16,TRUE,16,20,FALSE,FALSE,0.65384383,83.71487851,0.145968847,0.145109543
1089,TRUE,0.95,SDFA_suffix_model,0.1,32,TRUE,128,20,FALSE,FALSE,0.683682618,30.49787898,0.002592125,0.002592082
1089,TRUE,0.95,SDFA_suffix_model,0.1,32,TRUE,64,20,FALSE,FALSE,0.682526732,37.96325651,0.0102226,0.010116105
1089,TRUE,0.95,SDFA_suffix_model,0.1,32,TRUE,32,20,FALSE,FALSE,0.649922687,53.49120921,0.039078554,0.038875541
1089,TRUE,0.95,SDFA_suffix_model,0.1,32,TRUE,16,20,FALSE,FALSE,0.643715908,83.94267618,0.145897016,0.145109543
1089,TRUE,0.95,SDFA_suffix_model,0.1,64,TRUE,128,20,FALSE,FALSE,0.676883211,30.56310398,0.002592424,0.002592082
1089,TRUE,0.95,SDFA_suffix_model,0.1,64,TRUE,64,20,FALSE,FALSE,0.665992685,38.11348523,0.010199797,0.010116105
1089,TRUE,0.95,SDFA_suffix_model,0.1,64,TRUE,32,20,FALSE,FALSE,0.654523256,53.3930573,0.039075913,0.038875541
1089,TRUE,0.95,SDFA_suffix_model,0.1,64,TRUE,16,20,FALSE,FALSE,0.620302509,84.23444785,0.147157899,0.145109543
1089,TRUE,0.95,SDFA_suffix_model,0.2,16,TRUE,128,20,FALSE,FALSE,0.691024489,30.45187365,0.002592934,0.002592082
1089,TRUE,0.95,SDFA_suffix_model,0.2,16,TRUE,64,20,FALSE,FALSE,0.702096489,38.0208001,0.010250412,0.010116105
1089,TRUE,0.95,SDFA_suffix_model,0.2,16,TRUE,32,20,FALSE,FALSE,0.661437661,53.3418198,0.039135378,0.038875541
1089,TRUE,0.95,SDFA_suffix_model,0.2,16,TRUE,16,20,FALSE,FALSE,0.666574252,83.73968284,0.145668767,0.145109543
1089,TRUE,0.95,SDFA_suffix_model,0.2,32,TRUE,128,20,FALSE,FALSE,0.695426858,30.51693322,0.002595261,0.002592082
1089,TRUE,0.95,SDFA_suffix_model,0.2,32,TRUE,64,20,FALSE,FALSE,0.68978198,38.0869914,0.010189483,0.010116105
1089,TRUE,0.95,SDFA_suffix_model,0.2,32,TRUE,32,20,FALSE,FALSE,0.657300709,53.3917099,0.039108831,0.038875541
1089,TRUE,0.95,SDFA_suffix_model,0.2,32,TRUE,16,20,FALSE,FALSE,0.639459169,83.84723452,0.145764215,0.145109543
1089,TRUE,0.95,SDFA_suffix_model,0.2,64,TRUE,128,20,FALSE,FALSE,0.666740602,30.623128,0.002595214,0.002592082
1089,TRUE,0.95,SDFA_suffix_model,0.2,64,TRUE,64,20,FALSE,FALSE,0.671571456,38.08026622,0.010202996,0.010116105
1089,TRUE,0.95,SDFA_suffix_model,0.2,64,TRUE,32,20,FALSE,FALSE,0.645651424,53.59259677,0.03921751,0.038875541
1089,TRUE,0.95,SDFA_suffix_model,0.2,64,TRUE,16,20,FALSE,FALSE,0.625217504,84.23979042,0.145779054,0.145109543
1089,TRUE,0.95,SDFA_suffix_model,0.5,16,TRUE,128,20,FALSE,FALSE,0.727265702,30.56859865,0.002596714,0.002592082
1089,TRUE,0.95,SDFA_suffix_model,0.5,16,TRUE,64,20,FALSE,FALSE,0.701948353,38.17468978,0.010244369,0.010116105
1089,TRUE,0.95,SDFA_suffix_model,0.5,16,TRUE,32,20,FALSE,FALSE,0.693384691,53.23391924,0.039193562,0.038875541
1089,TRUE,0.95,SDFA_suffix_model,0.5,16,TRUE,16,20,FALSE,FALSE,0.659337494,83.77200162,0.145891594,0.145109543
1089,TRUE,0.95,SDFA_suffix_model,0.5,32,TRUE,128,20,FALSE,FALSE,0.701936481,30.38915957,0.002610421,0.002592082
1089,TRUE,0.95,SDFA_suffix_model,0.5,32,TRUE,64,20,FALSE,FALSE,0.699672239,38.00494442,0.010206292,0.010116105
1089,TRUE,0.95,SDFA_suffix_model,0.5,32,TRUE,32,20,FALSE,FALSE,0.632600645,53.48020754,0.03918029,0.038875541
1089,TRUE,0.95,SDFA_suffix_model,0.5,32,TRUE,16,20,FALSE,FALSE,0.640346308,83.88209466,0.146009876,0.145109543
1089,TRUE,0.95,SDFA_suffix_model,0.5,64,TRUE,128,20,FALSE,FALSE,0.675295444,30.5331075,0.002626141,0.002592082
1089,TRUE,0.95,SDFA_suffix_model,0.5,64,TRUE,64,20,FALSE,FALSE,0.665036111,38.09486569,0.010317422,0.010116105
1089,TRUE,0.95,SDFA_suffix_model,0.5,64,TRUE,32,20,FALSE,FALSE,0.644517049,53.33222759,0.039116767,0.038875541
1089,TRUE,0.95,SDFA_suffix_model,0.5,64,TRUE,16,20,FALSE,FALSE,0.626433465,83.98934761,0.145714868,0.145109543