seed,local,quantile,model,lambda,d_model,er_loss,batch_size,no_epochs,rank_loss,sdfa_ce,avg_dl_distance,time,,
56,FALSE,0.95,suffix_model,0,16,FALSE,32,20,FALSE,FALSE,0.318794131,13.92290654,,
56,FALSE,0.95,suffix_model,0,32,FALSE,32,20,FALSE,FALSE,0.31884405,13.89026085,,
56,FALSE,0.95,suffix_model,0,64,FALSE,32,20,FALSE,FALSE,0.318597541,13.61993217,,
56,FALSE,0.95,SDFA_suffix_model,0.1,16,TRUE,32,20,FALSE,FALSE,0.323797687,14.94820071,,
56,FALSE,0.95,SDFA_suffix_model,0.2,16,TRUE,32,20,FALSE,FALSE,0.324017046,14.20090685,,
56,FALSE,0.95,SDFA_suffix_model,0.5,16,TRUE,32,20,FALSE,FALSE,0.319050933,14.36697326,,
56,FALSE,0.95,SDFA_suffix_model,0.1,32,TRUE,32,20,FALSE,FALSE,0.338726756,15.11009999,,
56,FALSE,0.95,SDFA_suffix_model,0.2,32,TRUE,32,20,FALSE,FALSE,0.330672919,15.2525367,,
56,FALSE,0.95,SDFA_suffix_model,0.5,32,TRUE,32,20,FALSE,FALSE,0.338487997,14.80623492,,
56,FALSE,0.95,SDFA_suffix_model,0.1,64,TRUE,32,20,FALSE,FALSE,0.331270159,14.98001561,,
56,FALSE,0.95,SDFA_suffix_model,0.2,64,TRUE,32,20,FALSE,FALSE,0.338833488,14.58237689,,
56,FALSE,0.95,SDFA_suffix_model,0.5,64,TRUE,32,20,FALSE,FALSE,0.318543847,14.32310984,,
56,TRUE,0.95,SDFA_suffix_model,0.1,16,TRUE,16,20,FALSE,FALSE,0.31993958,27.05442117,,
56,TRUE,0.95,SDFA_suffix_model,0.2,16,TRUE,16,20,FALSE,FALSE,0.322306724,27.60129018,,
56,TRUE,0.95,SDFA_suffix_model,0.5,16,TRUE,16,20,FALSE,FALSE,0.333884412,26.38928794,,
56,TRUE,0.95,SDFA_suffix_model,0.1,32,TRUE,16,20,FALSE,FALSE,0.32827723,27.34819557,,
56,TRUE,0.95,SDFA_suffix_model,0.2,32,TRUE,16,20,FALSE,FALSE,0.320214348,26.22546154,,
56,TRUE,0.95,SDFA_suffix_model,0.5,32,TRUE,16,20,FALSE,FALSE,0.320020035,26.3827991,,
56,TRUE,0.95,SDFA_suffix_model,0.1,64,TRUE,16,20,FALSE,FALSE,0.320376364,27.74711057,,
56,TRUE,0.95,SDFA_suffix_model,0.2,64,TRUE,16,20,FALSE,FALSE,0.327094235,26.35967393,,
56,TRUE,0.95,SDFA_suffix_model,0.5,64,TRUE,16,20,FALSE,FALSE,0.320378641,27.04347872,,
56,TRUE,0.95,SDFA_suffix_model,0.1,16,TRUE,32,20,FALSE,FALSE,0.332710377,16.51645034,,
56,TRUE,0.95,SDFA_suffix_model,0.2,16,TRUE,32,20,FALSE,FALSE,0.336373843,16.33776674,,
56,TRUE,0.95,SDFA_suffix_model,0.5,16,TRUE,32,20,FALSE,FALSE,0.334499337,15.61406628,,
56,TRUE,0.95,SDFA_suffix_model,0.1,32,TRUE,32,20,FALSE,FALSE,0.33331104,16.3513931,,
56,TRUE,0.95,SDFA_suffix_model,0.2,32,TRUE,32,20,FALSE,FALSE,0.323420289,15.64343912,,
56,TRUE,0.95,SDFA_suffix_model,0.5,32,TRUE,32,20,FALSE,FALSE,0.320347545,16.40509316,,
56,TRUE,0.95,SDFA_suffix_model,0.1,64,TRUE,32,20,FALSE,FALSE,0.318659125,15.96230001,,
56,TRUE,0.95,SDFA_suffix_model,0.2,64,TRUE,32,20,FALSE,FALSE,0.330907078,15.62105903,,
56,TRUE,0.95,SDFA_suffix_model,0.5,64,TRUE,32,20,FALSE,FALSE,0.318838904,16.55884867,,
56,TRUE,0.95,SDFA_suffix_model,0.1,16,TRUE,64,20,FALSE,FALSE,0.337013899,9.941912666,,
56,TRUE,0.95,SDFA_suffix_model,0.2,16,TRUE,64,20,FALSE,FALSE,0.40917412,10.01279084,,
56,TRUE,0.95,SDFA_suffix_model,0.5,16,TRUE,64,20,FALSE,FALSE,0.353334674,9.827550187,,
56,TRUE,0.95,SDFA_suffix_model,0.1,32,TRUE,64,20,FALSE,FALSE,0.360726883,10.23043069,,
56,TRUE,0.95,SDFA_suffix_model,0.2,32,TRUE,64,20,FALSE,FALSE,0.33504219,10.69226409,,
56,TRUE,0.95,SDFA_suffix_model,0.5,32,TRUE,64,20,FALSE,FALSE,0.338464215,10.77029222,,
56,TRUE,0.95,SDFA_suffix_model,0.1,64,TRUE,64,20,FALSE,FALSE,0.33381765,10.29551063,,
56,TRUE,0.95,SDFA_suffix_model,0.2,64,TRUE,64,20,FALSE,FALSE,0.322684005,10.35198807,,
56,TRUE,0.95,SDFA_suffix_model,0.5,64,TRUE,64,20,FALSE,FALSE,0.335086503,9.964013391,,
56,TRUE,0.95,SDFA_suffix_model,0.1,16,TRUE,128,20,FALSE,FALSE,0.3383975,6.940963352,,
56,TRUE,0.95,SDFA_suffix_model,0.2,16,TRUE,128,20,FALSE,FALSE,0.446053146,6.898983099,,
56,TRUE,0.95,SDFA_suffix_model,0.5,16,TRUE,128,20,FALSE,FALSE,0.345684197,7.949001757,,
56,TRUE,0.95,SDFA_suffix_model,0.1,32,TRUE,128,20,FALSE,FALSE,0.327233888,7.724981408,,
56,TRUE,0.95,SDFA_suffix_model,0.2,32,TRUE,128,20,FALSE,FALSE,0.337883724,7.803281777,,
56,TRUE,0.95,SDFA_suffix_model,0.5,32,TRUE,128,20,FALSE,FALSE,0.348742961,8.089549987,,
56,TRUE,0.95,SDFA_suffix_model,0.1,64,TRUE,128,20,FALSE,FALSE,0.340474358,7.790166956,,
56,TRUE,0.95,SDFA_suffix_model,0.2,64,TRUE,128,20,FALSE,FALSE,0.323446738,7.992741243,,
56,TRUE,0.95,SDFA_suffix_model,0.5,64,TRUE,128,20,FALSE,FALSE,0.349518428,7.184228652,,
8,FALSE,0.95,suffix_model,0,16,FALSE,32,20,FALSE,FALSE,0.318880246,13.81285996,,
8,FALSE,0.95,suffix_model,0,32,FALSE,32,20,FALSE,FALSE,0.318838904,12.60914293,,
8,FALSE,0.95,suffix_model,0,64,FALSE,32,20,FALSE,FALSE,0.318549851,14.03901674,,
8,FALSE,0.95,SDFA_suffix_model,0.1,16,TRUE,32,20,FALSE,FALSE,0.344974954,13.14251339,,
8,FALSE,0.95,SDFA_suffix_model,0.2,16,TRUE,32,20,FALSE,FALSE,0.318610492,13.92096092,,
8,FALSE,0.95,SDFA_suffix_model,0.5,16,TRUE,32,20,FALSE,FALSE,0.32744987,13.84166651,,
8,FALSE,0.95,SDFA_suffix_model,0.1,32,TRUE,32,20,FALSE,FALSE,0.323379883,13.20614887,,
8,FALSE,0.95,SDFA_suffix_model,0.2,32,TRUE,32,20,FALSE,FALSE,0.321445804,14.71977752,,
8,FALSE,0.95,SDFA_suffix_model,0.5,32,TRUE,32,20,FALSE,FALSE,0.318594453,14.005895,,
8,FALSE,0.95,SDFA_suffix_model,0.1,64,TRUE,32,20,FALSE,FALSE,0.323434699,14.54277517,,
8,FALSE,0.95,SDFA_suffix_model,0.2,64,TRUE,32,20,FALSE,FALSE,0.317605577,14.91780269,,
8,FALSE,0.95,SDFA_suffix_model,0.5,64,TRUE,32,20,FALSE,FALSE,0.318538701,13.98590805,,
8,TRUE,0.95,SDFA_suffix_model,0.1,16,TRUE,16,20,FALSE,FALSE,0.331580374,24.29571019,,
8,TRUE,0.95,SDFA_suffix_model,0.2,16,TRUE,16,20,FALSE,FALSE,0.336730952,25.24105375,,
8,TRUE,0.95,SDFA_suffix_model,0.5,16,TRUE,16,20,FALSE,FALSE,0.335725038,25.11435662,,
8,TRUE,0.95,SDFA_suffix_model,0.1,32,TRUE,16,20,FALSE,FALSE,0.320371218,24.26979317,,
8,TRUE,0.95,SDFA_suffix_model,0.2,32,TRUE,16,20,FALSE,FALSE,0.334721511,25.21161579,,
8,TRUE,0.95,SDFA_suffix_model,0.5,32,TRUE,16,20,FALSE,FALSE,0.320156927,27.35714783,,
8,TRUE,0.95,SDFA_suffix_model,0.1,64,TRUE,16,20,FALSE,FALSE,0.319966341,26.04090906,,
8,TRUE,0.95,SDFA_suffix_model,0.2,64,TRUE,16,20,FALSE,FALSE,0.333750241,25.10379426,,
8,TRUE,0.95,SDFA_suffix_model,0.5,64,TRUE,16,20,FALSE,FALSE,0.339003917,25.32257804,,
8,TRUE,0.95,SDFA_suffix_model,0.1,16,TRUE,32,20,FALSE,FALSE,0.326517308,14.12281628,,
8,TRUE,0.95,SDFA_suffix_model,0.2,16,TRUE,32,20,FALSE,FALSE,0.341542082,14.07029198,,
8,TRUE,0.95,SDFA_suffix_model,0.5,16,TRUE,32,20,FALSE,FALSE,0.408786585,15.01411053,,
8,TRUE,0.95,SDFA_suffix_model,0.1,32,TRUE,32,20,FALSE,FALSE,0.337802989,15.99562084,,
8,TRUE,0.95,SDFA_suffix_model,0.2,32,TRUE,32,20,FALSE,FALSE,0.344233226,15.97135881,,
8,TRUE,0.95,SDFA_suffix_model,0.5,32,TRUE,32,20,FALSE,FALSE,0.326195615,16.11839036,,
8,TRUE,0.95,SDFA_suffix_model,0.1,64,TRUE,32,20,FALSE,FALSE,0.31776987,14.31283299,,
8,TRUE,0.95,SDFA_suffix_model,0.2,64,TRUE,32,20,FALSE,FALSE,0.318609892,15.96661735,,
8,TRUE,0.95,SDFA_suffix_model,0.5,64,TRUE,32,20,FALSE,FALSE,0.318609892,15.37275026,,
8,TRUE,0.95,SDFA_suffix_model,0.1,16,TRUE,64,20,FALSE,FALSE,0.407436085,10.30213136,,
8,TRUE,0.95,SDFA_suffix_model,0.2,16,TRUE,64,20,FALSE,FALSE,0.350228657,9.679431929,,
8,TRUE,0.95,SDFA_suffix_model,0.5,16,TRUE,64,20,FALSE,FALSE,0.361830725,8.996725004,,
8,TRUE,0.95,SDFA_suffix_model,0.1,32,TRUE,64,20,FALSE,FALSE,0.3227624,9.191150015,,
8,TRUE,0.95,SDFA_suffix_model,0.2,32,TRUE,64,20,FALSE,FALSE,0.318097036,8.981385659,,
8,TRUE,0.95,SDFA_suffix_model,0.5,32,TRUE,64,20,FALSE,FALSE,0.322365844,9.031657173,,
8,TRUE,0.95,SDFA_suffix_model,0.1,64,TRUE,64,20,FALSE,FALSE,0.322467484,9.013994565,,
8,TRUE,0.95,SDFA_suffix_model,0.2,64,TRUE,64,20,FALSE,FALSE,0.337294499,10.34311498,,
8,TRUE,0.95,SDFA_suffix_model,0.5,64,TRUE,64,20,FALSE,FALSE,0.319107574,10.35352355,,
8,TRUE,0.95,SDFA_suffix_model,0.1,16,TRUE,128,20,FALSE,FALSE,0.334968262,6.684475304,,
8,TRUE,0.95,SDFA_suffix_model,0.2,16,TRUE,128,20,FALSE,FALSE,0.340898868,6.671885267,,
8,TRUE,0.95,SDFA_suffix_model,0.5,16,TRUE,128,20,FALSE,FALSE,0.449611151,6.667377256,,
8,TRUE,0.95,SDFA_suffix_model,0.1,32,TRUE,128,20,FALSE,FALSE,0.339435484,6.7062378,,
8,TRUE,0.95,SDFA_suffix_model,0.2,32,TRUE,128,20,FALSE,FALSE,0.322877242,6.854111289,,
8,TRUE,0.95,SDFA_suffix_model,0.5,32,TRUE,128,20,FALSE,FALSE,0.329685259,6.713576793,,
8,TRUE,0.95,SDFA_suffix_model,0.1,64,TRUE,128,20,FALSE,FALSE,0.335237228,6.91926222,,
8,TRUE,0.95,SDFA_suffix_model,0.2,64,TRUE,128,20,FALSE,FALSE,0.359780526,6.939068732,,
8,TRUE,0.95,SDFA_suffix_model,0.5,64,TRUE,128,20,FALSE,FALSE,0.395375346,6.957809821,,
15,FALSE,0.95,suffix_model,0,16,FALSE,32,20,FALSE,FALSE,0.322312961,13.24478711,,
15,FALSE,0.95,suffix_model,0,32,FALSE,32,20,FALSE,FALSE,0.333145539,13.2884155,,
15,FALSE,0.95,suffix_model,0,64,FALSE,32,20,FALSE,FALSE,0.318544705,12.52610342,,
15,FALSE,0.95,SDFA_suffix_model,0.1,16,TRUE,32,20,FALSE,FALSE,0.323199769,12.83196963,,
15,FALSE,0.95,SDFA_suffix_model,0.2,16,TRUE,32,20,FALSE,FALSE,0.366212421,14.47370533,,
15,FALSE,0.95,SDFA_suffix_model,0.5,16,TRUE,32,20,FALSE,FALSE,0.334799782,14.40018461,,
15,FALSE,0.95,SDFA_suffix_model,0.1,32,TRUE,32,20,FALSE,FALSE,0.332038539,13.85671833,,
15,FALSE,0.95,SDFA_suffix_model,0.2,32,TRUE,32,20,FALSE,FALSE,0.326822548,13.42559943,,
15,FALSE,0.95,SDFA_suffix_model,0.5,32,TRUE,32,20,FALSE,FALSE,0.318904949,13.38754343,,
15,FALSE,0.95,SDFA_suffix_model,0.1,64,TRUE,32,20,FALSE,FALSE,0.31697172,14.66849762,,
15,FALSE,0.95,SDFA_suffix_model,0.2,64,TRUE,32,20,FALSE,FALSE,0.318699953,14.53796554,,
15,FALSE,0.95,SDFA_suffix_model,0.5,64,TRUE,32,20,FALSE,FALSE,0.318543847,14.85093031,,
15,TRUE,0.95,SDFA_suffix_model,0.1,16,TRUE,16,20,FALSE,FALSE,0.332651654,25.99256184,,
15,TRUE,0.95,SDFA_suffix_model,0.2,16,TRUE,16,20,FALSE,FALSE,0.344532213,25.22150453,,
15,TRUE,0.95,SDFA_suffix_model,0.5,16,TRUE,16,20,FALSE,FALSE,0.31875151,26.25182401,,
15,TRUE,0.95,SDFA_suffix_model,0.1,32,TRUE,16,20,FALSE,FALSE,0.320376364,24.98902531,,
15,TRUE,0.95,SDFA_suffix_model,0.2,32,TRUE,16,20,FALSE,FALSE,0.3295742,26.889204,,
15,TRUE,0.95,SDFA_suffix_model,0.5,32,TRUE,16,20,FALSE,FALSE,0.319966341,26.02854331,,
15,TRUE,0.95,SDFA_suffix_model,0.1,64,TRUE,16,20,FALSE,FALSE,0.32325223,26.96039516,,
15,TRUE,0.95,SDFA_suffix_model,0.2,64,TRUE,16,20,FALSE,FALSE,0.324981781,26.27054486,,
15,TRUE,0.95,SDFA_suffix_model,0.5,64,TRUE,16,20,FALSE,FALSE,0.319115293,25.77350325,,
15,TRUE,0.95,SDFA_suffix_model,0.1,16,TRUE,32,20,FALSE,FALSE,0.339844384,14.38686874,,
15,TRUE,0.95,SDFA_suffix_model,0.2,16,TRUE,32,20,FALSE,FALSE,0.339737621,15.67424528,,
15,TRUE,0.95,SDFA_suffix_model,0.5,16,TRUE,32,20,FALSE,FALSE,0.318954353,15.66770003,,
15,TRUE,0.95,SDFA_suffix_model,0.1,32,TRUE,32,20,FALSE,FALSE,0.317781098,14.78916588,,
15,TRUE,0.95,SDFA_suffix_model,0.2,32,TRUE,32,20,FALSE,FALSE,0.318543847,14.6551921,,
15,TRUE,0.95,SDFA_suffix_model,0.5,32,TRUE,32,20,FALSE,FALSE,0.330507379,15.89944806,,
15,TRUE,0.95,SDFA_suffix_model,0.1,64,TRUE,32,20,FALSE,FALSE,0.31884405,15.17431153,,
15,TRUE,0.95,SDFA_suffix_model,0.2,64,TRUE,32,20,FALSE,FALSE,0.327224476,14.38801737,,
15,TRUE,0.95,SDFA_suffix_model,0.5,64,TRUE,32,20,FALSE,FALSE,0.334014139,14.67263888,,
15,TRUE,0.95,SDFA_suffix_model,0.1,16,TRUE,64,20,FALSE,FALSE,0.339926086,9.160003919,,
15,TRUE,0.95,SDFA_suffix_model,0.2,16,TRUE,64,20,FALSE,FALSE,0.325395726,9.006118329,,
15,TRUE,0.95,SDFA_suffix_model,0.5,16,TRUE,64,20,FALSE,FALSE,0.320345564,8.977092307,,
15,TRUE,0.95,SDFA_suffix_model,0.1,32,TRUE,64,20,FALSE,FALSE,0.327560423,9.359331601,,
15,TRUE,0.95,SDFA_suffix_model,0.2,32,TRUE,64,20,FALSE,FALSE,0.337506217,10.3415025,,
15,TRUE,0.95,SDFA_suffix_model,0.5,32,TRUE,64,20,FALSE,FALSE,0.334951918,9.408235372,,
15,TRUE,0.95,SDFA_suffix_model,0.1,64,TRUE,64,20,FALSE,FALSE,0.334398984,9.067972868,,
15,TRUE,0.95,SDFA_suffix_model,0.2,64,TRUE,64,20,FALSE,FALSE,0.32443758,9.324755555,,
15,TRUE,0.95,SDFA_suffix_model,0.5,64,TRUE,64,20,FALSE,FALSE,0.337999703,10.04421444,,
15,TRUE,0.95,SDFA_suffix_model,0.1,16,TRUE,128,20,FALSE,FALSE,0.326269348,7.974395765,,
15,TRUE,0.95,SDFA_suffix_model,0.2,16,TRUE,128,20,FALSE,FALSE,0.364359018,7.41271442,,
15,TRUE,0.95,SDFA_suffix_model,0.5,16,TRUE,128,20,FALSE,FALSE,0.421614397,7.748020251,,
15,TRUE,0.95,SDFA_suffix_model,0.1,32,TRUE,128,20,FALSE,FALSE,0.340505766,7.591784403,,
15,TRUE,0.95,SDFA_suffix_model,0.2,32,TRUE,128,20,FALSE,FALSE,0.323346884,7.694060744,,
15,TRUE,0.95,SDFA_suffix_model,0.5,32,TRUE,128,20,FALSE,FALSE,0.418882901,7.537603254,,
15,TRUE,0.95,SDFA_suffix_model,0.1,64,TRUE,128,20,FALSE,FALSE,0.329069953,7.73222909,,
15,TRUE,0.95,SDFA_suffix_model,0.2,64,TRUE,128,20,FALSE,FALSE,0.338280459,8.04655874,,
15,TRUE,0.95,SDFA_suffix_model,0.5,64,TRUE,128,20,FALSE,FALSE,0.396992575,7.757858546,,
76,FALSE,0.95,suffix_model,0,16,FALSE,32,20,FALSE,FALSE,0.31897288,12.76978806,,
76,FALSE,0.95,suffix_model,0,32,FALSE,32,20,FALSE,FALSE,0.329858161,13.01398091,,
76,FALSE,0.95,suffix_model,0,64,FALSE,32,20,FALSE,FALSE,0.318543847,13.31030541,,
76,FALSE,0.95,SDFA_suffix_model,0.1,16,TRUE,32,20,FALSE,FALSE,0.323937262,13.30634586,,
76,FALSE,0.95,SDFA_suffix_model,0.2,16,TRUE,32,20,FALSE,FALSE,0.322920666,12.84316841,,
76,FALSE,0.95,SDFA_suffix_model,0.5,16,TRUE,32,20,FALSE,FALSE,0.319287867,12.79392898,,
76,FALSE,0.95,SDFA_suffix_model,0.1,32,TRUE,32,20,FALSE,FALSE,0.317752715,13.42138997,,
76,FALSE,0.95,SDFA_suffix_model,0.2,32,TRUE,32,20,FALSE,FALSE,0.326750499,14.34757999,,
76,FALSE,0.95,SDFA_suffix_model,0.5,32,TRUE,32,20,FALSE,FALSE,0.33313778,14.74522081,,
76,FALSE,0.95,SDFA_suffix_model,0.1,64,TRUE,32,20,FALSE,FALSE,0.325240751,13.23292773,,
76,FALSE,0.95,SDFA_suffix_model,0.2,64,TRUE,32,20,FALSE,FALSE,0.330672919,13.2141747,,
76,FALSE,0.95,SDFA_suffix_model,0.5,64,TRUE,32,20,FALSE,FALSE,0.318595482,14.29901293,,
76,TRUE,0.95,SDFA_suffix_model,0.1,16,TRUE,16,20,FALSE,FALSE,0.320199642,26.17562394,,
76,TRUE,0.95,SDFA_suffix_model,0.2,16,TRUE,16,20,FALSE,FALSE,0.33488716,27.35371508,,
76,TRUE,0.95,SDFA_suffix_model,0.5,16,TRUE,16,20,FALSE,FALSE,0.320395374,26.7182364,,
76,TRUE,0.95,SDFA_suffix_model,0.1,32,TRUE,16,20,FALSE,FALSE,0.337126191,26.84912351,,
76,TRUE,0.95,SDFA_suffix_model,0.2,32,TRUE,16,20,FALSE,FALSE,0.332305992,26.3525447,,
76,TRUE,0.95,SDFA_suffix_model,0.5,32,TRUE,16,20,FALSE,FALSE,0.369287415,26.93771566,,
76,TRUE,0.95,SDFA_suffix_model,0.1,64,TRUE,16,20,FALSE,FALSE,0.327976738,27.0422841,,
76,TRUE,0.95,SDFA_suffix_model,0.2,64,TRUE,16,20,FALSE,FALSE,0.319966341,26.58178847,,
76,TRUE,0.95,SDFA_suffix_model,0.5,64,TRUE,16,20,FALSE,FALSE,0.320279301,25.74903437,,
76,TRUE,0.95,SDFA_suffix_model,0.1,16,TRUE,32,20,FALSE,FALSE,0.379402273,15.56073614,,
76,TRUE,0.95,SDFA_suffix_model,0.2,16,TRUE,32,20,FALSE,FALSE,0.364284677,15.82675105,,
76,TRUE,0.95,SDFA_suffix_model,0.5,16,TRUE,32,20,FALSE,FALSE,0.345284112,15.12957107,,
76,TRUE,0.95,SDFA_suffix_model,0.1,32,TRUE,32,20,FALSE,FALSE,0.33076298,15.31780063,,
76,TRUE,0.95,SDFA_suffix_model,0.2,32,TRUE,32,20,FALSE,FALSE,0.328116235,15.92334118,,
76,TRUE,0.95,SDFA_suffix_model,0.5,32,TRUE,32,20,FALSE,FALSE,0.337394058,15.49776828,,
76,TRUE,0.95,SDFA_suffix_model,0.1,64,TRUE,32,20,FALSE,FALSE,0.318538701,15.50198631,,
76,TRUE,0.95,SDFA_suffix_model,0.2,64,TRUE,32,20,FALSE,FALSE,0.31864077,15.47734237,,
76,TRUE,0.95,SDFA_suffix_model,0.5,64,TRUE,32,20,FALSE,FALSE,0.33072181,15.38297656,,
76,TRUE,0.95,SDFA_suffix_model,0.1,16,TRUE,64,20,FALSE,FALSE,0.365967763,9.735727461,,
76,TRUE,0.95,SDFA_suffix_model,0.2,16,TRUE,64,20,FALSE,FALSE,0.364887071,10.19275246,,
76,TRUE,0.95,SDFA_suffix_model,0.5,16,TRUE,64,20,FALSE,FALSE,0.334978625,10.43871714,,
76,TRUE,0.95,SDFA_suffix_model,0.1,32,TRUE,64,20,FALSE,FALSE,0.322696356,10.56637095,,
76,TRUE,0.95,SDFA_suffix_model,0.2,32,TRUE,64,20,FALSE,FALSE,0.319303306,9.699151816,,
76,TRUE,0.95,SDFA_suffix_model,0.5,32,TRUE,64,20,FALSE,FALSE,0.323512066,9.583592112,,
76,TRUE,0.95,SDFA_suffix_model,0.1,64,TRUE,64,20,FALSE,FALSE,0.325930547,10.57917764,,
76,TRUE,0.95,SDFA_suffix_model,0.2,64,TRUE,64,20,FALSE,FALSE,0.334199524,10.4819223,,
76,TRUE,0.95,SDFA_suffix_model,0.5,64,TRUE,64,20,FALSE,FALSE,0.329586434,10.63466197,,
76,TRUE,0.95,SDFA_suffix_model,0.1,16,TRUE,128,20,FALSE,FALSE,0.350466515,8.409403219,,
76,TRUE,0.95,SDFA_suffix_model,0.2,16,TRUE,128,20,FALSE,FALSE,0.327423952,7.601923806,,
76,TRUE,0.95,SDFA_suffix_model,0.5,16,TRUE,128,20,FALSE,FALSE,0.355848768,7.156607759,,
76,TRUE,0.95,SDFA_suffix_model,0.1,32,TRUE,128,20,FALSE,FALSE,0.334308081,7.000726646,,
76,TRUE,0.95,SDFA_suffix_model,0.2,32,TRUE,128,20,FALSE,FALSE,0.338663316,7.011471187,,
76,TRUE,0.95,SDFA_suffix_model,0.5,32,TRUE,128,20,FALSE,FALSE,0.36560382,7.024286987,,
76,TRUE,0.95,SDFA_suffix_model,0.1,64,TRUE,128,20,FALSE,FALSE,0.338391496,7.211766314,,
76,TRUE,0.95,SDFA_suffix_model,0.2,64,TRUE,128,20,FALSE,FALSE,0.324399044,7.649986832,,
76,TRUE,0.95,SDFA_suffix_model,0.5,64,TRUE,128,20,FALSE,FALSE,0.337596114,7.490173733,,
23,FALSE,0.95,suffix_model,0,16,FALSE,32,20,FALSE,FALSE,0.328543248,13.64586355,,
23,FALSE,0.95,suffix_model,0,32,FALSE,32,20,FALSE,FALSE,0.323464111,13.73597837,,
23,FALSE,0.95,suffix_model,0,64,FALSE,32,20,FALSE,FALSE,0.31884405,13.40150767,,
23,FALSE,0.95,SDFA_suffix_model,0.1,16,TRUE,32,20,FALSE,FALSE,0.326505572,14.36019931,,
23,FALSE,0.95,SDFA_suffix_model,0.2,16,TRUE,32,20,FALSE,FALSE,0.355892126,13.73672063,,
23,FALSE,0.95,SDFA_suffix_model,0.5,16,TRUE,32,20,FALSE,FALSE,0.323498654,14.00114078,,
23,FALSE,0.95,SDFA_suffix_model,0.1,32,TRUE,32,20,FALSE,FALSE,0.330907078,13.76325528,,
23,FALSE,0.95,SDFA_suffix_model,0.2,32,TRUE,32,20,FALSE,FALSE,0.337782232,14.08305176,,
23,FALSE,0.95,SDFA_suffix_model,0.5,32,TRUE,32,20,FALSE,FALSE,0.318973738,14.21824917,,
23,FALSE,0.95,SDFA_suffix_model,0.1,64,TRUE,32,20,FALSE,FALSE,0.318621557,13.37492921,,
23,FALSE,0.95,SDFA_suffix_model,0.2,64,TRUE,32,20,FALSE,FALSE,0.317703825,14.51300777,,
23,FALSE,0.95,SDFA_suffix_model,0.5,64,TRUE,32,20,FALSE,FALSE,0.333767661,14.88448921,,
23,TRUE,0.95,SDFA_suffix_model,0.1,16,TRUE,16,20,FALSE,FALSE,0.336247212,26.47436487,,
23,TRUE,0.95,SDFA_suffix_model,0.2,16,TRUE,16,20,FALSE,FALSE,0.326603228,26.48260978,,
23,TRUE,0.95,SDFA_suffix_model,0.5,16,TRUE,16,20,FALSE,FALSE,0.362871462,25.30059901,,
23,TRUE,0.95,SDFA_suffix_model,0.1,32,TRUE,16,20,FALSE,FALSE,0.325062532,25.2172626,,
23,TRUE,0.95,SDFA_suffix_model,0.2,32,TRUE,16,20,FALSE,FALSE,0.339882358,26.07596443,,
23,TRUE,0.95,SDFA_suffix_model,0.5,32,TRUE,16,20,FALSE,FALSE,0.333710724,26.69323812,,
23,TRUE,0.95,SDFA_suffix_model,0.1,64,TRUE,16,20,FALSE,FALSE,0.3356617,26.69572531,,
23,TRUE,0.95,SDFA_suffix_model,0.2,64,TRUE,16,20,FALSE,FALSE,0.31995399,26.59808566,,
23,TRUE,0.95,SDFA_suffix_model,0.5,64,TRUE,16,20,FALSE,FALSE,0.320478761,25.22350819,,
23,TRUE,0.95,SDFA_suffix_model,0.1,16,TRUE,32,20,FALSE,FALSE,0.338131106,15.98130806,,
23,TRUE,0.95,SDFA_suffix_model,0.2,16,TRUE,32,20,FALSE,FALSE,0.404855205,15.32785379,,
23,TRUE,0.95,SDFA_suffix_model,0.5,16,TRUE,32,20,FALSE,FALSE,0.380637207,15.97916823,,
23,TRUE,0.95,SDFA_suffix_model,0.1,32,TRUE,32,20,FALSE,FALSE,0.317666475,14.89772359,,
23,TRUE,0.95,SDFA_suffix_model,0.2,32,TRUE,32,20,FALSE,FALSE,0.327394547,14.90687711,,
23,TRUE,0.95,SDFA_suffix_model,0.5,32,TRUE,32,20,FALSE,FALSE,0.33114363,16.05209537,,
23,TRUE,0.95,SDFA_suffix_model,0.1,64,TRUE,32,20,FALSE,FALSE,0.318520689,14.88231854,,
23,TRUE,0.95,SDFA_suffix_model,0.2,64,TRUE,32,20,FALSE,FALSE,0.329832897,16.021104,,
23,TRUE,0.95,SDFA_suffix_model,0.5,64,TRUE,32,20,FALSE,FALSE,0.318633908,15.74997497,,
23,TRUE,0.95,SDFA_suffix_model,0.1,16,TRUE,64,20,FALSE,FALSE,0.374543781,9.204295154,,
23,TRUE,0.95,SDFA_suffix_model,0.2,16,TRUE,64,20,FALSE,FALSE,0.323190014,9.155888601,,
23,TRUE,0.95,SDFA_suffix_model,0.5,16,TRUE,64,20,FALSE,FALSE,0.49569702,9.19490933,,
23,TRUE,0.95,SDFA_suffix_model,0.1,32,TRUE,64,20,FALSE,FALSE,0.337902484,9.570461355,,
23,TRUE,0.95,SDFA_suffix_model,0.2,32,TRUE,64,20,FALSE,FALSE,0.351228797,9.319866366,,
23,TRUE,0.95,SDFA_suffix_model,0.5,32,TRUE,64,20,FALSE,FALSE,0.348168341,9.219948731,,
23,TRUE,0.95,SDFA_suffix_model,0.1,64,TRUE,64,20,FALSE,FALSE,0.323204237,9.28764978,,
23,TRUE,0.95,SDFA_suffix_model,0.2,64,TRUE,64,20,FALSE,FALSE,0.347086573,9.241174309,,
23,TRUE,0.95,SDFA_suffix_model,0.5,64,TRUE,64,20,FALSE,FALSE,0.337316114,9.265247412,,
23,TRUE,0.95,SDFA_suffix_model,0.1,16,TRUE,128,20,FALSE,FALSE,0.361715829,6.749625022,,
23,TRUE,0.95,SDFA_suffix_model,0.2,16,TRUE,128,20,FALSE,FALSE,0.325998261,6.753638143,,
23,TRUE,0.95,SDFA_suffix_model,0.5,16,TRUE,128,20,FALSE,FALSE,0.321546423,6.817485199,,
23,TRUE,0.95,SDFA_suffix_model,0.1,32,TRUE,128,20,FALSE,FALSE,0.35255231,6.804900714,,
23,TRUE,0.95,SDFA_suffix_model,0.2,32,TRUE,128,20,FALSE,FALSE,0.339490846,6.778940622,,
23,TRUE,0.95,SDFA_suffix_model,0.5,32,TRUE,128,20,FALSE,FALSE,0.350257523,6.793959488,,
23,TRUE,0.95,SDFA_suffix_model,0.1,64,TRUE,128,20,FALSE,FALSE,0.326267164,7.456414598,,
23,TRUE,0.95,SDFA_suffix_model,0.2,64,TRUE,128,20,FALSE,FALSE,0.317942786,7.612989809,,
23,TRUE,0.95,SDFA_suffix_model,0.5,64,TRUE,128,20,FALSE,FALSE,0.335017059,7.873994974,,
42,FALSE,0.95,suffix_model,0,16,FALSE,32,20,FALSE,FALSE,0.318670104,13.32313627,0,0
42,FALSE,0.95,suffix_model,0,32,FALSE,32,20,FALSE,FALSE,0.322546691,13.41382279,0,0
42,FALSE,0.95,suffix_model,0,64,FALSE,32,20,FALSE,FALSE,0.33076298,13.34704438,0,0
42,FALSE,0.95,SDFA_suffix_model,0.1,16,TRUE,32,20,FALSE,FALSE,0.366188478,14.04241033,0.009456344,0.009440788
42,FALSE,0.95,SDFA_suffix_model,0.2,16,TRUE,32,20,FALSE,FALSE,0.318646946,14.08138702,0.009703341,0.009440788
42,FALSE,0.95,SDFA_suffix_model,0.5,16,TRUE,32,20,FALSE,FALSE,0.334485216,14.08582098,0.009611807,0.009440788
42,FALSE,0.95,SDFA_suffix_model,0.1,32,TRUE,32,20,FALSE,FALSE,0.33076454,13.99278738,0.009608898,0.009440788
42,FALSE,0.95,SDFA_suffix_model,0.2,32,TRUE,32,20,FALSE,FALSE,0.33503164,14.15027436,0.009469378,0.009440788
42,FALSE,0.95,SDFA_suffix_model,0.5,32,TRUE,32,20,FALSE,FALSE,0.319069374,13.99878853,0.009675659,0.009440788
42,FALSE,0.95,SDFA_suffix_model,0.1,64,TRUE,32,20,FALSE,FALSE,0.332152335,14.17121994,0.009625693,0.009440788
42,FALSE,0.95,SDFA_suffix_model,0.2,64,TRUE,32,20,FALSE,FALSE,0.320245819,14.17044119,0.009778916,0.009440788
42,FALSE,0.95,SDFA_suffix_model,0.5,64,TRUE,32,20,FALSE,FALSE,0.330691789,14.18301749,0.009497668,0.009440788
42,TRUE,0.95,SDFA_suffix_model,0.1,16,TRUE,16,20,FALSE,FALSE,0.323213422,25.67737335,0.036325884,0.036312391
42,TRUE,0.95,SDFA_suffix_model,0.2,16,TRUE,16,20,FALSE,FALSE,0.320018834,25.90927226,0.03667383,0.036312391
42,TRUE,0.95,SDFA_suffix_model,0.5,16,TRUE,16,20,FALSE,FALSE,0.351383343,25.86844962,0.036792868,0.036312391
42,TRUE,0.95,SDFA_suffix_model,0.1,32,TRUE,16,20,FALSE,FALSE,0.3185472,25.16137408,0.036377278,0.036312391
42,TRUE,0.95,SDFA_suffix_model,0.2,32,TRUE,16,20,FALSE,FALSE,0.333930129,25.18437047,0.036488953,0.036312391
42,TRUE,0.95,SDFA_suffix_model,0.5,32,TRUE,16,20,FALSE,FALSE,0.319966341,25.18358676,0.036361853,0.036312391
42,TRUE,0.95,SDFA_suffix_model,0.1,64,TRUE,16,20,FALSE,FALSE,0.320009228,25.2429807,0.036330052,0.036312391
42,TRUE,0.95,SDFA_suffix_model,0.2,64,TRUE,16,20,FALSE,FALSE,0.320981526,25.1691916,0.036378045,0.036312391
42,TRUE,0.95,SDFA_suffix_model,0.5,64,TRUE,16,20,FALSE,FALSE,0.319966341,25.40129297,0.036437035,0.036312391
42,TRUE,0.95,SDFA_suffix_model,0.1,16,TRUE,32,20,FALSE,FALSE,0.332436818,14.79199658,0.010106182,0.009440788
42,TRUE,0.95,SDFA_suffix_model,0.2,16,TRUE,32,20,FALSE,FALSE,0.317725658,14.69453811,0.009563421,0.009440788
42,TRUE,0.95,SDFA_suffix_model,0.5,16,TRUE,32,20,FALSE,FALSE,0.362818022,14.60204964,0.009490971,0.009440788
42,TRUE,0.95,SDFA_suffix_model,0.1,32,TRUE,32,20,FALSE,FALSE,0.318649347,14.78765127,0.009450836,0.009440788
42,TRUE,0.95,SDFA_suffix_model,0.2,32,TRUE,32,20,FALSE,FALSE,0.31881626,14.83067803,0.009479523,0.009440788
42,TRUE,0.95,SDFA_suffix_model,0.5,32,TRUE,32,20,FALSE,FALSE,0.344050711,14.80170597,0.009789,0.009440788
42,TRUE,0.95,SDFA_suffix_model,0.1,64,TRUE,32,20,FALSE,FALSE,0.318838904,14.7879951,0.00944432,0.009440788
42,TRUE,0.95,SDFA_suffix_model,0.2,64,TRUE,32,20,FALSE,FALSE,0.330643211,14.6306704,0.009585898,0.009440788
42,TRUE,0.95,SDFA_suffix_model,0.5,64,TRUE,32,20,FALSE,FALSE,0.318820892,14.78457216,0.009584287,0.009440788
42,TRUE,0.95,SDFA_suffix_model,0.1,16,TRUE,64,20,FALSE,FALSE,0.342945379,9.428072314,0.002464366,0.002464366
42,TRUE,0.95,SDFA_suffix_model,0.2,16,TRUE,64,20,FALSE,FALSE,0.330153709,9.452677482,0.002464366,0.002464366
42,TRUE,0.95,SDFA_suffix_model,0.5,16,TRUE,64,20,FALSE,FALSE,0.354501925,9.447331178,0.002464366,0.002464366
42,TRUE,0.95,SDFA_suffix_model,0.1,32,TRUE,64,20,FALSE,FALSE,0.337291318,9.488115058,0.002464366,0.002464366
42,TRUE,0.95,SDFA_suffix_model,0.2,32,TRUE,64,20,FALSE,FALSE,0.339239596,9.452085211,0.002464366,0.002464366
42,TRUE,0.95,SDFA_suffix_model,0.5,32,TRUE,64,20,FALSE,FALSE,0.337766091,9.458989416,0.002465143,0.002464366
42,TRUE,0.95,SDFA_suffix_model,0.1,64,TRUE,64,20,FALSE,FALSE,0.335154185,9.467640577,0.002464366,0.002464366
42,TRUE,0.95,SDFA_suffix_model,0.2,64,TRUE,64,20,FALSE,FALSE,0.324030333,9.464724589,0.002473157,0.002464366
42,TRUE,0.95,SDFA_suffix_model,0.5,64,TRUE,64,20,FALSE,FALSE,0.322754166,9.501069729,0.002464452,0.002464366
42,TRUE,0.95,SDFA_suffix_model,0.1,16,TRUE,128,20,FALSE,FALSE,0.331710943,6.838935932,0.000651715,0.000651715
42,TRUE,0.95,SDFA_suffix_model,0.2,16,TRUE,128,20,FALSE,FALSE,0.39162759,6.843862688,0.000651715,0.000651715
42,TRUE,0.95,SDFA_suffix_model,0.5,16,TRUE,128,20,FALSE,FALSE,0.40707245,6.798391101,0.000651715,0.000651715
42,TRUE,0.95,SDFA_suffix_model,0.1,32,TRUE,128,20,FALSE,FALSE,0.362869747,6.830739989,0.000651715,0.000651715
42,TRUE,0.95,SDFA_suffix_model,0.2,32,TRUE,128,20,FALSE,FALSE,0.327885484,6.842878676,0.000651715,0.000651715
42,TRUE,0.95,SDFA_suffix_model,0.5,32,TRUE,128,20,FALSE,FALSE,0.404198081,6.841718279,0.000651715,0.000651715
42,TRUE,0.95,SDFA_suffix_model,0.1,64,TRUE,128,20,FALSE,FALSE,0.35352032,6.838119811,0.000651715,0.000651715
42,TRUE,0.95,SDFA_suffix_model,0.2,64,TRUE,128,20,FALSE,FALSE,0.34581875,6.842627224,0.000651715,0.000651715
42,TRUE,0.95,SDFA_suffix_model,0.5,64,TRUE,128,20,FALSE,FALSE,0.329475117,6.841968877,0.000651715,0.000651715
4,FALSE,0.95,suffix_model,0,16,FALSE,32,20,FALSE,FALSE,0.317997447,13.11973618,0,0
4,FALSE,0.95,suffix_model,0,32,FALSE,32,20,FALSE,FALSE,0.319324375,13.22102075,0,0
4,FALSE,0.95,suffix_model,0,64,FALSE,32,20,FALSE,FALSE,0.318597541,13.15736132,0,0
4,FALSE,0.95,SDFA_suffix_model,0.1,16,TRUE,32,20,FALSE,FALSE,0.349333678,13.74464896,0.009459328,0.009440788
4,FALSE,0.95,SDFA_suffix_model,0.2,16,TRUE,32,20,FALSE,FALSE,0.324476161,13.52261527,0.00944286,0.009440788
4,FALSE,0.95,SDFA_suffix_model,0.5,16,TRUE,32,20,FALSE,FALSE,0.324091028,13.69571614,0.009545457,0.009440788
4,FALSE,0.95,SDFA_suffix_model,0.1,32,TRUE,32,20,FALSE,FALSE,0.330641355,13.71457238,0.009891598,0.009440788
4,FALSE,0.95,SDFA_suffix_model,0.2,32,TRUE,32,20,FALSE,FALSE,0.339532797,13.91097314,0.009458201,0.009440788
4,FALSE,0.95,SDFA_suffix_model,0.5,32,TRUE,32,20,FALSE,FALSE,0.318633908,13.80436874,0.009549735,0.009440788
4,FALSE,0.95,SDFA_suffix_model,0.1,64,TRUE,32,20,FALSE,FALSE,0.317611581,13.80699475,0.009443182,0.009440788
4,FALSE,0.95,SDFA_suffix_model,0.2,64,TRUE,32,20,FALSE,FALSE,0.320208937,13.74592482,0.010538135,0.009440788
4,FALSE,0.95,SDFA_suffix_model,0.5,64,TRUE,32,20,FALSE,FALSE,0.318604746,13.70059507,0.01046964,0.009440788
4,TRUE,0.95,SDFA_suffix_model,0.1,16,TRUE,16,20,FALSE,FALSE,0.33622573,25.31796341,0.037266719,0.036312391
4,TRUE,0.95,SDFA_suffix_model,0.2,16,TRUE,16,20,FALSE,FALSE,0.401782991,25.30171214,0.036442105,0.036312391
4,TRUE,0.95,SDFA_suffix_model,0.5,16,TRUE,16,20,FALSE,FALSE,0.362759237,25.43504851,0.036564821,0.036312391
4,TRUE,0.95,SDFA_suffix_model,0.1,32,TRUE,16,20,FALSE,FALSE,0.320032386,25.28283342,0.03697325,0.036312391
4,TRUE,0.95,SDFA_suffix_model,0.2,32,TRUE,16,20,FALSE,FALSE,0.320266544,25.36195684,0.036503092,0.036312391
4,TRUE,0.95,SDFA_suffix_model,0.5,32,TRUE,16,20,FALSE,FALSE,0.349749342,25.2849816,0.036461878,0.036312391
4,TRUE,0.95,SDFA_suffix_model,0.1,64,TRUE,16,20,FALSE,FALSE,0.320058975,25.53298762,0.036312391,0.036312391
4,TRUE,0.95,SDFA_suffix_model,0.2,64,TRUE,16,20,FALSE,FALSE,0.332630133,25.41509616,0.03637491,0.036312391
4,TRUE,0.95,SDFA_suffix_model,0.5,64,TRUE,16,20,FALSE,FALSE,0.334855487,25.41162127,0.036317531,0.036312391
4,TRUE,0.95,SDFA_suffix_model,0.1,16,TRUE,32,20,FALSE,FALSE,0.339369783,14.72349327,0.009765071,0.009440788
4,TRUE,0.95,SDFA_suffix_model,0.2,16,TRUE,32,20,FALSE,FALSE,0.325092248,14.75116106,0.00948998,0.009440788
4,TRUE,0.95,SDFA_suffix_model,0.5,16,TRUE,32,20,FALSE,FALSE,0.337094213,14.79340034,0.009467347,0.009440788
4,TRUE,0.95,SDFA_suffix_model,0.1,32,TRUE,32,20,FALSE,FALSE,0.325552962,14.82573487,0.010835166,0.009440788
4,TRUE,0.95,SDFA_suffix_model,0.2,32,TRUE,32,20,FALSE,FALSE,0.331418842,14.88718895,0.009446378,0.009440788
4,TRUE,0.95,SDFA_suffix_model,0.5,32,TRUE,32,20,FALSE,FALSE,0.318604746,14.81919095,0.009547621,0.009440788
4,TRUE,0.95,SDFA_suffix_model,0.1,64,TRUE,32,20,FALSE,FALSE,0.320274981,14.80784173,0.009444579,0.009440788
4,TRUE,0.95,SDFA_suffix_model,0.2,64,TRUE,32,20,FALSE,FALSE,0.31862112,14.81714118,0.010930525,0.009440788
4,TRUE,0.95,SDFA_suffix_model,0.5,64,TRUE,32,20,FALSE,FALSE,0.318628762,14.75973005,0.009647403,0.009440788
4,TRUE,0.95,SDFA_suffix_model,0.1,16,TRUE,64,20,FALSE,FALSE,0.489098645,9.495838561,0.002464366,0.002464366
4,TRUE,0.95,SDFA_suffix_model,0.2,16,TRUE,64,20,FALSE,FALSE,0.323842803,9.449329537,0.002464366,0.002464366
4,TRUE,0.95,SDFA_suffix_model,0.5,16,TRUE,64,20,FALSE,FALSE,0.335270289,9.534166905,0.002464366,0.002464366
4,TRUE,0.95,SDFA_suffix_model,0.1,32,TRUE,64,20,FALSE,FALSE,0.334105736,9.541288315,0.002464366,0.002464366
4,TRUE,0.95,SDFA_suffix_model,0.2,32,TRUE,64,20,FALSE,FALSE,0.323719151,9.465047196,0.002464366,0.002464366
4,TRUE,0.95,SDFA_suffix_model,0.5,32,TRUE,64,20,FALSE,FALSE,0.323008052,9.449638312,0.002528358,0.002464366
4,TRUE,0.95,SDFA_suffix_model,0.1,64,TRUE,64,20,FALSE,FALSE,0.323181983,9.459567996,0.002529556,0.002464366
4,TRUE,0.95,SDFA_suffix_model,0.2,64,TRUE,64,20,FALSE,FALSE,0.351367982,9.416954999,0.002466294,0.002464366
4,TRUE,0.95,SDFA_suffix_model,0.5,64,TRUE,64,20,FALSE,FALSE,0.318272012,9.473139667,0.002469873,0.002464366
4,TRUE,0.95,SDFA_suffix_model,0.1,16,TRUE,128,20,FALSE,FALSE,0.331937366,6.829791683,0.000651715,0.000651715
4,TRUE,0.95,SDFA_suffix_model,0.2,16,TRUE,128,20,FALSE,FALSE,0.413824696,6.825046642,0.000651715,0.000651715
4,TRUE,0.95,SDFA_suffix_model,0.5,16,TRUE,128,20,FALSE,FALSE,0.370840774,6.827390699,0.000651715,0.000651715
4,TRUE,0.95,SDFA_suffix_model,0.1,32,TRUE,128,20,FALSE,FALSE,0.323005471,6.834867611,0.000651715,0.000651715
4,TRUE,0.95,SDFA_suffix_model,0.2,32,TRUE,128,20,FALSE,FALSE,0.323089894,6.812516942,0.000651715,0.000651715
4,TRUE,0.95,SDFA_suffix_model,0.5,32,TRUE,128,20,FALSE,FALSE,0.370765287,6.821392896,0.000651715,0.000651715
4,TRUE,0.95,SDFA_suffix_model,0.1,64,TRUE,128,20,FALSE,FALSE,0.335438122,6.792619623,0.000651715,0.000651715
4,TRUE,0.95,SDFA_suffix_model,0.2,64,TRUE,128,20,FALSE,FALSE,0.325770964,6.81919521,0.000651715,0.000651715
4,TRUE,0.95,SDFA_suffix_model,0.5,64,TRUE,128,20,FALSE,FALSE,0.376141929,6.811219184,0.000651715,0.000651715
108,FALSE,0.95,suffix_model,0,16,FALSE,32,20,FALSE,FALSE,0.334920144,13.20506596,0,0
108,FALSE,0.95,suffix_model,0,32,FALSE,32,20,FALSE,FALSE,0.32420495,12.95851943,0,0
108,FALSE,0.95,suffix_model,0,64,FALSE,32,20,FALSE,FALSE,0.318538701,12.84345568,0,0
108,FALSE,0.95,SDFA_suffix_model,0.1,16,TRUE,32,20,FALSE,FALSE,0.328197805,13.66195268,0.009455542,0.009440788
108,FALSE,0.95,SDFA_suffix_model,0.2,16,TRUE,32,20,FALSE,FALSE,0.360408831,13.87458119,0.010904862,0.009440788
108,FALSE,0.95,SDFA_suffix_model,0.5,16,TRUE,32,20,FALSE,FALSE,0.405054088,13.6972902,0.009610782,0.009440788
108,FALSE,0.95,SDFA_suffix_model,0.1,32,TRUE,32,20,FALSE,FALSE,0.318595482,13.84118351,0.009729337,0.009440788
108,FALSE,0.95,SDFA_suffix_model,0.2,32,TRUE,32,20,FALSE,FALSE,0.324283174,13.77333353,0.009682838,0.009440788
108,FALSE,0.95,SDFA_suffix_model,0.5,32,TRUE,32,20,FALSE,FALSE,0.333744752,13.78339328,0.009949307,0.009440788
108,FALSE,0.95,SDFA_suffix_model,0.1,64,TRUE,32,20,FALSE,FALSE,0.318609892,13.66814565,0.009820103,0.009440788
108,FALSE,0.95,SDFA_suffix_model,0.2,64,TRUE,32,20,FALSE,FALSE,0.330631983,13.80435481,0.009675756,0.009440788
108,FALSE,0.95,SDFA_suffix_model,0.5,64,TRUE,32,20,FALSE,FALSE,0.330612426,13.86894684,0.009459459,0.009440788
108,TRUE,0.95,SDFA_suffix_model,0.1,16,TRUE,16,20,FALSE,FALSE,0.338309419,25.44247854,0.036845011,0.036312391
108,TRUE,0.95,SDFA_suffix_model,0.2,16,TRUE,16,20,FALSE,FALSE,0.320691749,25.28615773,0.036461275,0.036312391
108,TRUE,0.95,SDFA_suffix_model,0.5,16,TRUE,16,20,FALSE,FALSE,0.32032933,25.28703148,0.036485082,0.036312391
108,TRUE,0.95,SDFA_suffix_model,0.1,32,TRUE,16,20,FALSE,FALSE,0.333815194,25.3587404,0.036458761,0.036312391
108,TRUE,0.95,SDFA_suffix_model,0.2,32,TRUE,16,20,FALSE,FALSE,0.334875371,25.62225707,0.036336652,0.036312391
108,TRUE,0.95,SDFA_suffix_model,0.5,32,TRUE,16,20,FALSE,FALSE,0.321004685,25.32281831,0.036375228,0.036312391
108,TRUE,0.95,SDFA_suffix_model,0.1,64,TRUE,16,20,FALSE,FALSE,0.324996487,25.59996812,0.036830227,0.036312391
108,TRUE,0.95,SDFA_suffix_model,0.2,64,TRUE,16,20,FALSE,FALSE,0.319966341,25.48672825,0.037248146,0.036312391
108,TRUE,0.95,SDFA_suffix_model,0.5,64,TRUE,16,20,FALSE,FALSE,0.333750241,25.56750265,0.036485361,0.036312391
108,TRUE,0.95,SDFA_suffix_model,0.1,16,TRUE,32,20,FALSE,FALSE,0.367750259,15.31351341,0.010643889,0.009440788
108,TRUE,0.95,SDFA_suffix_model,0.2,16,TRUE,32,20,FALSE,FALSE,0.337063725,15.43870885,0.011548551,0.009440788
108,TRUE,0.95,SDFA_suffix_model,0.5,16,TRUE,32,20,FALSE,FALSE,0.36008623,15.31438244,0.010935537,0.009440788
108,TRUE,0.95,SDFA_suffix_model,0.1,32,TRUE,32,20,FALSE,FALSE,0.318609892,15.32020099,0.009681398,0.009440788
108,TRUE,0.95,SDFA_suffix_model,0.2,32,TRUE,32,20,FALSE,FALSE,0.329937851,15.2717923,0.009837219,0.009440788
108,TRUE,0.95,SDFA_suffix_model,0.5,32,TRUE,32,20,FALSE,FALSE,0.317856811,15.16710385,0.009440788,0.009440788
108,TRUE,0.95,SDFA_suffix_model,0.1,64,TRUE,32,20,FALSE,FALSE,0.319252108,15.1961239,0.009590897,0.009440788
108,TRUE,0.95,SDFA_suffix_model,0.2,64,TRUE,32,20,FALSE,FALSE,0.318531496,15.2357951,0.009468669,0.009440788
108,TRUE,0.95,SDFA_suffix_model,0.5,64,TRUE,32,20,FALSE,FALSE,0.318538701,15.17858492,0.009447475,0.009440788
108,TRUE,0.95,SDFA_suffix_model,0.1,16,TRUE,64,20,FALSE,FALSE,0.390904428,9.687640007,0.002464366,0.002464366
108,TRUE,0.95,SDFA_suffix_model,0.2,16,TRUE,64,20,FALSE,FALSE,0.323674432,9.652533438,0.002464366,0.002464366
108,TRUE,0.95,SDFA_suffix_model,0.5,16,TRUE,64,20,FALSE,FALSE,0.41037823,9.688521987,0.002464366,0.002464366
108,TRUE,0.95,SDFA_suffix_model,0.1,32,TRUE,64,20,FALSE,FALSE,0.334425121,9.722304665,0.002464366,0.002464366
108,TRUE,0.95,SDFA_suffix_model,0.2,32,TRUE,64,20,FALSE,FALSE,0.323184829,9.772347297,0.002464366,0.002464366
108,TRUE,0.95,SDFA_suffix_model,0.5,32,TRUE,64,20,FALSE,FALSE,0.326377499,9.733487626,0.002677329,0.002464366
108,TRUE,0.95,SDFA_suffix_model,0.1,64,TRUE,64,20,FALSE,FALSE,0.326410529,9.730312777,0.002541772,0.002464366
108,TRUE,0.95,SDFA_suffix_model,0.2,64,TRUE,64,20,FALSE,FALSE,0.322659302,9.700694858,0.002466523,0.002464366
108,TRUE,0.95,SDFA_suffix_model,0.5,64,TRUE,64,20,FALSE,FALSE,0.338018043,9.701803519,0.002492946,0.002464366
108,TRUE,0.95,SDFA_suffix_model,0.1,16,TRUE,128,20,FALSE,FALSE,0.338824653,6.972050792,0.000651715,0.000651715
108,TRUE,0.95,SDFA_suffix_model,0.2,16,TRUE,128,20,FALSE,FALSE,0.437512716,6.968356647,0.000651715,0.000651715
108,TRUE,0.95,SDFA_suffix_model,0.5,16,TRUE,128,20,FALSE,FALSE,0.343449486,6.966017317,0.000651715,0.000651715
108,TRUE,0.95,SDFA_suffix_model,0.1,32,TRUE,128,20,FALSE,FALSE,0.339690711,6.974020666,0.000651715,0.000651715
108,TRUE,0.95,SDFA_suffix_model,0.2,32,TRUE,128,20,FALSE,FALSE,0.334218215,6.983998372,0.000651715,0.000651715
108,TRUE,0.95,SDFA_suffix_model,0.5,32,TRUE,128,20,FALSE,FALSE,0.335655859,6.96102623,0.000651715,0.000651715
108,TRUE,0.95,SDFA_suffix_model,0.1,64,TRUE,128,20,FALSE,FALSE,0.337920434,6.990827298,0.000651715,0.000651715
108,TRUE,0.95,SDFA_suffix_model,0.2,64,TRUE,128,20,FALSE,FALSE,0.339035723,6.975724918,0.000651715,0.000651715
108,TRUE,0.95,SDFA_suffix_model,0.5,64,TRUE,128,20,FALSE,FALSE,0.337979789,7.012566635,0.000651715,0.000651715
16,FALSE,0.95,suffix_model,0,16,FALSE,32,20,FALSE,FALSE,0.340915072,13.36236596,0,0
16,FALSE,0.95,suffix_model,0,32,FALSE,32,20,FALSE,FALSE,0.324982982,13.56181253,0,0
16,FALSE,0.95,suffix_model,0,64,FALSE,32,20,FALSE,FALSE,0.31884405,13.28035802,0,0
16,FALSE,0.95,SDFA_suffix_model,0.1,16,TRUE,32,20,FALSE,FALSE,0.331570479,14.12768733,0.010541756,0.009440788
16,FALSE,0.95,SDFA_suffix_model,0.2,16,TRUE,32,20,FALSE,FALSE,0.328658511,14.0931728,0.009608724,0.009440788
16,FALSE,0.95,SDFA_suffix_model,0.5,16,TRUE,32,20,FALSE,FALSE,0.318035467,14.0650336,0.009815092,0.009440788
16,FALSE,0.95,SDFA_suffix_model,0.1,32,TRUE,32,20,FALSE,FALSE,0.335416726,14.16802384,0.010589186,0.009440788
16,FALSE,0.95,SDFA_suffix_model,0.2,32,TRUE,32,20,FALSE,FALSE,0.338822571,14.42288377,0.009766874,0.009440788
16,FALSE,0.95,SDFA_suffix_model,0.5,32,TRUE,32,20,FALSE,FALSE,0.33320487,14.35664817,0.009544874,0.009440788
16,FALSE,0.95,SDFA_suffix_model,0.1,64,TRUE,32,20,FALSE,FALSE,0.335768938,14.34185246,0.009613815,0.009440788
16,FALSE,0.95,SDFA_suffix_model,0.2,64,TRUE,32,20,FALSE,FALSE,0.320208937,14.31850697,0.009481724,0.009440788
16,FALSE,0.95,SDFA_suffix_model,0.5,64,TRUE,32,20,FALSE,FALSE,0.31884405,14.40053391,0.009569268,0.009440788
16,TRUE,0.95,SDFA_suffix_model,0.1,16,TRUE,16,20,FALSE,FALSE,0.32039709,26.44046732,0.03734648,0.036312391
16,TRUE,0.95,SDFA_suffix_model,0.2,16,TRUE,16,20,FALSE,FALSE,0.323756918,26.18008715,0.036384356,0.036312391
16,TRUE,0.95,SDFA_suffix_model,0.5,16,TRUE,16,20,FALSE,FALSE,0.326466437,26.17889327,0.036478239,0.036312391
16,TRUE,0.95,SDFA_suffix_model,0.1,32,TRUE,16,20,FALSE,FALSE,0.322579666,26.45155406,0.036391414,0.036312391
16,TRUE,0.95,SDFA_suffix_model,0.2,32,TRUE,16,20,FALSE,FALSE,0.331218415,26.32482284,0.036798233,0.036312391
16,TRUE,0.95,SDFA_suffix_model,0.5,32,TRUE,16,20,FALSE,FALSE,0.319951932,26.2146561,0.03638894,0.036312391
16,TRUE,0.95,SDFA_suffix_model,0.1,64,TRUE,16,20,FALSE,FALSE,0.337706386,26.37256525,0.036607649,0.036312391
16,TRUE,0.95,SDFA_suffix_model,0.2,64,TRUE,16,20,FALSE,FALSE,0.31848716,26.34367273,0.037203918,0.036312391
16,TRUE,0.95,SDFA_suffix_model,0.5,64,TRUE,16,20,FALSE,FALSE,0.320592495,26.29677263,0.036666634,0.036312391
16,TRUE,0.95,SDFA_suffix_model,0.1,16,TRUE,32,20,FALSE,FALSE,0.340856341,15.31241246,0.009452515,0.009440788
16,TRUE,0.95,SDFA_suffix_model,0.2,16,TRUE,32,20,FALSE,FALSE,0.364677187,15.39776415,0.009456566,0.009440788
16,TRUE,0.95,SDFA_suffix_model,0.5,16,TRUE,32,20,FALSE,FALSE,0.403973291,15.29182325,0.010915901,0.009440788
16,TRUE,0.95,SDFA_suffix_model,0.1,32,TRUE,32,20,FALSE,FALSE,0.318591537,15.32078712,0.009696697,0.009440788
16,TRUE,0.95,SDFA_suffix_model,0.2,32,TRUE,32,20,FALSE,FALSE,0.329119817,15.29680206,0.009771022,0.009440788
16,TRUE,0.95,SDFA_suffix_model,0.5,32,TRUE,32,20,FALSE,FALSE,0.318590336,15.40177828,0.009516519,0.009440788
16,TRUE,0.95,SDFA_suffix_model,0.1,64,TRUE,32,20,FALSE,FALSE,0.323363508,15.4685816,0.009440788,0.009440788
16,TRUE,0.95,SDFA_suffix_model,0.2,64,TRUE,32,20,FALSE,FALSE,0.32643938,15.33425541,0.009447275,0.009440788
16,TRUE,0.95,SDFA_suffix_model,0.5,64,TRUE,32,20,FALSE,FALSE,0.323829969,15.29643757,0.009446806,0.009440788
16,TRUE,0.95,SDFA_suffix_model,0.1,16,TRUE,64,20,FALSE,FALSE,0.338162608,9.781355074,0.002464366,0.002464366
16,TRUE,0.95,SDFA_suffix_model,0.2,16,TRUE,64,20,FALSE,FALSE,0.318068825,9.824058914,0.002464366,0.002464366
16,TRUE,0.95,SDFA_suffix_model,0.5,16,TRUE,64,20,FALSE,FALSE,0.366444579,9.8711673,0.002464366,0.002464366
16,TRUE,0.95,SDFA_suffix_model,0.1,32,TRUE,64,20,FALSE,FALSE,0.337157279,9.801258084,0.002464366,0.002464366
16,TRUE,0.95,SDFA_suffix_model,0.2,32,TRUE,64,20,FALSE,FALSE,0.322749722,9.786557955,0.002464366,0.002464366
16,TRUE,0.95,SDFA_suffix_model,0.5,32,TRUE,64,20,FALSE,FALSE,0.365426439,9.787592857,0.002464366,0.002464366
16,TRUE,0.95,SDFA_suffix_model,0.1,64,TRUE,64,20,FALSE,FALSE,0.334087864,9.785740634,0.002639533,0.002464366
16,TRUE,0.95,SDFA_suffix_model,0.2,64,TRUE,64,20,FALSE,FALSE,0.323701045,9.878822871,0.002532918,0.002464366
16,TRUE,0.95,SDFA_suffix_model,0.5,64,TRUE,64,20,FALSE,FALSE,0.325680061,9.868150206,0.002466423,0.002464366
16,TRUE,0.95,SDFA_suffix_model,0.1,16,TRUE,128,20,FALSE,FALSE,0.395310448,7.048198992,0.000651715,0.000651715
16,TRUE,0.95,SDFA_suffix_model,0.2,16,TRUE,128,20,FALSE,FALSE,0.41124593,7.035106944,0.000651715,0.000651715
16,TRUE,0.95,SDFA_suffix_model,0.5,16,TRUE,128,20,FALSE,FALSE,0.367786123,7.037543377,0.000651715,0.000651715
16,TRUE,0.95,SDFA_suffix_model,0.1,32,TRUE,128,20,FALSE,FALSE,0.33733291,7.054937918,0.000651715,0.000651715
16,TRUE,0.95,SDFA_suffix_model,0.2,32,TRUE,128,20,FALSE,FALSE,0.326164456,7.063868191,0.000651715,0.000651715
16,TRUE,0.95,SDFA_suffix_model,0.5,32,TRUE,128,20,FALSE,FALSE,0.32753753,7.100656916,0.000651715,0.000651715
16,TRUE,0.95,SDFA_suffix_model,0.1,64,TRUE,128,20,FALSE,FALSE,0.334169301,7.118091753,0.000651715,0.000651715
16,TRUE,0.95,SDFA_suffix_model,0.2,64,TRUE,128,20,FALSE,FALSE,0.369141009,7.046318125,0.000651715,0.000651715
16,TRUE,0.95,SDFA_suffix_model,0.5,64,TRUE,128,20,FALSE,FALSE,0.335163339,7.036769631,0.000651715,0.000651715
1089,FALSE,0.95,suffix_model,0,16,FALSE,32,20,FALSE,FALSE,0.330654299,13.66908947,0,0
1089,FALSE,0.95,suffix_model,0,32,FALSE,32,20,FALSE,FALSE,0.317757518,13.65446348,0,0
1089,FALSE,0.95,suffix_model,0,64,FALSE,32,20,FALSE,FALSE,0.317575213,13.79739328,0,0
1089,FALSE,0.95,SDFA_suffix_model,0.1,16,TRUE,32,20,FALSE,FALSE,0.34811492,14.33540841,0.0095234,0.009440788
1089,FALSE,0.95,SDFA_suffix_model,0.2,16,TRUE,32,20,FALSE,FALSE,0.375803639,14.31014,0.009448663,0.009440788
1089,FALSE,0.95,SDFA_suffix_model,0.5,16,TRUE,32,20,FALSE,FALSE,0.325863052,14.22974321,0.009827353,0.009440788
1089,FALSE,0.95,SDFA_suffix_model,0.1,32,TRUE,32,20,FALSE,FALSE,0.339093846,14.28105284,0.009512183,0.009440788
1089,FALSE,0.95,SDFA_suffix_model,0.2,32,TRUE,32,20,FALSE,FALSE,0.335738918,14.38603509,0.009489926,0.009440788
1089,FALSE,0.95,SDFA_suffix_model,0.5,32,TRUE,32,20,FALSE,FALSE,0.318535442,14.41006232,0.009920547,0.009440788
1089,FALSE,0.95,SDFA_suffix_model,0.1,64,TRUE,32,20,FALSE,FALSE,0.333778889,14.31746937,0.01005711,0.009440788
1089,FALSE,0.95,SDFA_suffix_model,0.2,64,TRUE,32,20,FALSE,FALSE,0.335497726,14.31914684,0.009451468,0.009440788
1089,FALSE,0.95,SDFA_suffix_model,0.5,64,TRUE,32,20,FALSE,FALSE,0.323915024,14.34455501,0.009694087,0.009440788
1089,TRUE,0.95,SDFA_suffix_model,0.1,16,TRUE,16,20,FALSE,FALSE,0.336643114,26.3317255,0.039776676,0.036312391
1089,TRUE,0.95,SDFA_suffix_model,0.2,16,TRUE,16,20,FALSE,FALSE,0.35596391,26.23423381,0.037383195,0.036312391
1089,TRUE,0.95,SDFA_suffix_model,0.5,16,TRUE,16,20,FALSE,FALSE,0.336362116,26.25778503,0.038162131,0.036312391
1089,TRUE,0.95,SDFA_suffix_model,0.1,32,TRUE,16,20,FALSE,FALSE,0.319966341,26.23443362,0.036312971,0.036312391
1089,TRUE,0.95,SDFA_suffix_model,0.2,32,TRUE,16,20,FALSE,FALSE,0.320518801,26.22581659,0.041517238,0.036312391
1089,TRUE,0.95,SDFA_suffix_model,0.5,32,TRUE,16,20,FALSE,FALSE,0.336105399,26.20334311,0.036446408,0.036312391
1089,TRUE,0.95,SDFA_suffix_model,0.1,64,TRUE,16,20,FALSE,FALSE,0.319972345,26.36824738,0.036399912,0.036312391
1089,TRUE,0.95,SDFA_suffix_model,0.2,64,TRUE,16,20,FALSE,FALSE,0.319025232,26.35294148,0.036326787,0.036312391
1089,TRUE,0.95,SDFA_suffix_model,0.5,64,TRUE,16,20,FALSE,FALSE,0.319320289,26.30157597,0.036336741,0.036312391
1089,TRUE,0.95,SDFA_suffix_model,0.1,16,TRUE,32,20,FALSE,FALSE,0.332521312,15.27499562,0.009441697,0.009440788
1089,TRUE,0.95,SDFA_suffix_model,0.2,16,TRUE,32,20,FALSE,FALSE,0.331131115,15.26585377,0.009973766,0.009440788
1089,TRUE,0.95,SDFA_suffix_model,0.5,16,TRUE,32,20,FALSE,FALSE,0.348875225,15.3274933,0.011352518,0.009440788
1089,TRUE,0.95,SDFA_suffix_model,0.1,32,TRUE,32,20,FALSE,FALSE,0.318090112,15.36425034,0.009441804,0.009440788
1089,TRUE,0.95,SDFA_suffix_model,0.2,32,TRUE,32,20,FALSE,FALSE,0.333803997,15.30313303,0.010122473,0.009440788
1089,TRUE,0.95,SDFA_suffix_model,0.5,32,TRUE,32,20,FALSE,FALSE,0.32218134,15.32458425,0.009702867,0.009440788
1089,TRUE,0.95,SDFA_suffix_model,0.1,64,TRUE,32,20,FALSE,FALSE,0.319078411,15.34546725,0.009443037,0.009440788
1089,TRUE,0.95,SDFA_suffix_model,0.2,64,TRUE,32,20,FALSE,FALSE,0.320208937,15.43294483,0.009512277,0.009440788
1089,TRUE,0.95,SDFA_suffix_model,0.5,64,TRUE,32,20,FALSE,FALSE,0.318609892,15.37149927,0.009512742,0.009440788
1089,TRUE,0.95,SDFA_suffix_model,0.1,16,TRUE,64,20,FALSE,FALSE,0.335312864,9.803856195,0.002464366,0.002464366
1089,TRUE,0.95,SDFA_suffix_model,0.2,16,TRUE,64,20,FALSE,FALSE,0.347365867,9.797587894,0.002464366,0.002464366
1089,TRUE,0.95,SDFA_suffix_model,0.5,16,TRUE,64,20,FALSE,FALSE,0.393860207,9.757470316,0.002464366,0.002464366
1089,TRUE,0.95,SDFA_suffix_model,0.1,32,TRUE,64,20,FALSE,FALSE,0.337869579,9.790514758,0.002464366,0.002464366
1089,TRUE,0.95,SDFA_suffix_model,0.2,32,TRUE,64,20,FALSE,FALSE,0.329757901,9.834045906,0.002464366,0.002464366
1089,TRUE,0.95,SDFA_suffix_model,0.5,32,TRUE,64,20,FALSE,FALSE,0.338521448,9.853905794,0.002469847,0.002464366
1089,TRUE,0.95,SDFA_suffix_model,0.1,64,TRUE,64,20,FALSE,FALSE,0.337641643,9.82832743,0.002511621,0.002464366
1089,TRUE,0.95,SDFA_suffix_model,0.2,64,TRUE,64,20,FALSE,FALSE,0.326686903,9.809171866,0.002465411,0.002464366
1089,TRUE,0.95,SDFA_suffix_model,0.5,64,TRUE,64,20,FALSE,FALSE,0.322710937,9.825914304,0.002469635,0.002464366
1089,TRUE,0.95,SDFA_suffix_model,0.1,16,TRUE,128,20,FALSE,FALSE,0.322146657,7.027418417,0.000651715,0.000651715
1089,TRUE,0.95,SDFA_suffix_model,0.2,16,TRUE,128,20,FALSE,FALSE,0.370532626,7.01872544,0.000651715,0.000651715
1089,TRUE,0.95,SDFA_suffix_model,0.5,16,TRUE,128,20,FALSE,FALSE,0.342593007,7.034798201,0.000651715,0.000651715
1089,TRUE,0.95,SDFA_suffix_model,0.1,32,TRUE,128,20,FALSE,FALSE,0.339829624,7.092054653,0.000651715,0.000651715
1089,TRUE,0.95,SDFA_suffix_model,0.2,32,TRUE,128,20,FALSE,FALSE,0.337478723,7.040721778,0.000651715,0.000651715
1089,TRUE,0.95,SDFA_suffix_model,0.5,32,TRUE,128,20,FALSE,FALSE,0.33814954,7.063677088,0.000651715,0.000651715
1089,TRUE,0.95,SDFA_suffix_model,0.1,64,TRUE,128,20,FALSE,FALSE,0.32286921,7.037773136,0.000651715,0.000651715
1089,TRUE,0.95,SDFA_suffix_model,0.2,64,TRUE,128,20,FALSE,FALSE,0.322918022,7.068705806,0.000651715,0.000651715
1089,TRUE,0.95,SDFA_suffix_model,0.5,64,TRUE,128,20,FALSE,FALSE,0.339091085,7.039098128,0.000651715,0.000651715
56,TRUE,0.95,SDFA_suffix_model,0.1,16,TRUE,32,20,FALSE,TRUE,0.339354882,14.62475067,0,0
56,TRUE,0.95,SDFA_suffix_model,0.1,16,TRUE,64,20,FALSE,TRUE,0.323217032,9.455714688,0,0
56,TRUE,0.95,SDFA_suffix_model,0.1,16,TRUE,128,20,FALSE,TRUE,0.32554097,6.904634739,0,0
56,FALSE,0.95,SDFA_suffix_model,0.1,16,TRUE,128,20,FALSE,TRUE,0.33176618,6.000864303,0,0
56,TRUE,0.95,SDFA_suffix_model,0.2,16,TRUE,32,20,FALSE,TRUE,0.320260571,14.59770451,0,0
56,TRUE,0.95,SDFA_suffix_model,0.2,16,TRUE,64,20,FALSE,TRUE,0.330347468,9.605533018,0,0
56,TRUE,0.95,SDFA_suffix_model,0.2,16,TRUE,128,20,FALSE,TRUE,0.32993849,6.899662485,0,0
56,FALSE,0.95,SDFA_suffix_model,0.2,16,TRUE,128,20,FALSE,TRUE,0.329666436,6.00788937,0,0
56,TRUE,0.95,SDFA_suffix_model,0.5,16,TRUE,32,20,FALSE,TRUE,0.328979541,14.81494264,0,0
56,TRUE,0.95,SDFA_suffix_model,0.5,16,TRUE,64,20,FALSE,TRUE,0.329347972,9.537310291,0,0
56,TRUE,0.95,SDFA_suffix_model,0.5,16,TRUE,128,20,FALSE,TRUE,0.329026357,6.953949926,0,0
56,FALSE,0.95,SDFA_suffix_model,0.5,16,TRUE,128,20,FALSE,TRUE,0.329133572,6.022945474,0,0
56,TRUE,0.95,SDFA_suffix_model,0.1,32,TRUE,32,20,FALSE,TRUE,0.328206811,14.80178813,0,0
56,TRUE,0.95,SDFA_suffix_model,0.1,32,TRUE,64,20,FALSE,TRUE,0.31791941,9.575736599,0,0
56,TRUE,0.95,SDFA_suffix_model,0.1,32,TRUE,128,20,FALSE,TRUE,0.317943644,6.937762976,0,0
56,FALSE,0.95,SDFA_suffix_model,0.1,32,TRUE,128,20,FALSE,TRUE,0.317876742,6.015845804,0,0
56,TRUE,0.95,SDFA_suffix_model,0.2,32,TRUE,32,20,FALSE,TRUE,0.318543847,14.72928539,0,0
56,TRUE,0.95,SDFA_suffix_model,0.2,32,TRUE,64,20,FALSE,TRUE,0.31803829,9.368921457,0,0
56,TRUE,0.95,SDFA_suffix_model,0.2,32,TRUE,128,20,FALSE,TRUE,0.317876742,6.854261617,0,0
56,FALSE,0.95,SDFA_suffix_model,0.2,32,TRUE,128,20,FALSE,TRUE,0.317853583,5.960876299,0,0
56,TRUE,0.95,SDFA_suffix_model,0.5,32,TRUE,32,20,FALSE,TRUE,0.318543847,14.51294477,0,0
56,TRUE,0.95,SDFA_suffix_model,0.5,32,TRUE,64,20,FALSE,TRUE,0.318008613,9.403148363,0,0
56,TRUE,0.95,SDFA_suffix_model,0.5,32,TRUE,128,20,FALSE,TRUE,0.320958968,6.867773718,0,0
56,FALSE,0.95,SDFA_suffix_model,0.5,32,TRUE,128,20,FALSE,TRUE,0.317876742,5.929461099,0,0
56,TRUE,0.95,SDFA_suffix_model,0.1,64,TRUE,32,20,FALSE,TRUE,0.318609892,14.68500364,0,0
56,TRUE,0.95,SDFA_suffix_model,0.1,64,TRUE,64,20,FALSE,TRUE,0.31787367,9.520481201,0,0
56,TRUE,0.95,SDFA_suffix_model,0.1,64,TRUE,128,20,FALSE,TRUE,0.331830689,6.874185178,0,0
56,FALSE,0.95,SDFA_suffix_model,0.1,64,TRUE,128,20,FALSE,TRUE,0.317893974,5.981805729,0,0
56,TRUE,0.95,SDFA_suffix_model,0.2,64,TRUE,32,20,FALSE,TRUE,0.318543847,14.75866881,0,0
56,TRUE,0.95,SDFA_suffix_model,0.2,64,TRUE,64,20,FALSE,TRUE,0.317942568,9.47880369,0,0
56,TRUE,0.95,SDFA_suffix_model,0.2,64,TRUE,128,20,FALSE,TRUE,0.317876742,6.904537304,0,0
56,FALSE,0.95,SDFA_suffix_model,0.2,64,TRUE,128,20,FALSE,TRUE,0.31788797,6.031302423,0,0
56,TRUE,0.95,SDFA_suffix_model,0.5,64,TRUE,32,20,FALSE,TRUE,0.318624302,14.84914254,0,0
56,TRUE,0.95,SDFA_suffix_model,0.5,64,TRUE,64,20,FALSE,TRUE,0.317942568,9.535617085,0,0
56,TRUE,0.95,SDFA_suffix_model,0.5,64,TRUE,128,20,FALSE,TRUE,0.317876742,6.908215445,0,0
56,FALSE,0.95,SDFA_suffix_model,0.5,64,TRUE,128,20,FALSE,TRUE,0.31788797,6.010923044,0,0
8,TRUE,0.95,SDFA_suffix_model,0.1,16,TRUE,32,20,FALSE,TRUE,0.335853712,14.78216362,0,0
8,TRUE,0.95,SDFA_suffix_model,0.1,16,TRUE,64,20,FALSE,TRUE,0.336447116,9.542108168,0,0
8,TRUE,0.95,SDFA_suffix_model,0.1,16,TRUE,128,20,FALSE,TRUE,0.332968801,6.919981409,0,0
8,FALSE,0.95,SDFA_suffix_model,0.1,16,TRUE,128,20,FALSE,TRUE,0.409630467,6.01206314,0,0
8,TRUE,0.95,SDFA_suffix_model,0.2,16,TRUE,32,20,FALSE,TRUE,0.332710354,14.7928051,0,0
8,TRUE,0.95,SDFA_suffix_model,0.2,16,TRUE,64,20,FALSE,TRUE,0.403875749,9.401915243,0,0
8,TRUE,0.95,SDFA_suffix_model,0.2,16,TRUE,128,20,FALSE,TRUE,0.357057214,6.77198075,0,0
8,FALSE,0.95,SDFA_suffix_model,0.2,16,TRUE,128,20,FALSE,TRUE,0.404632751,5.943032143,0,0
8,TRUE,0.95,SDFA_suffix_model,0.5,16,TRUE,32,20,FALSE,TRUE,0.370076243,14.3016274,0,0
8,TRUE,0.95,SDFA_suffix_model,0.5,16,TRUE,64,20,FALSE,TRUE,0.35712304,9.268919067,0,0
8,TRUE,0.95,SDFA_suffix_model,0.5,16,TRUE,128,20,FALSE,TRUE,0.401469322,6.812824687,0,0
8,FALSE,0.95,SDFA_suffix_model,0.5,16,TRUE,128,20,FALSE,TRUE,0.403812106,5.842666535,0,0
8,TRUE,0.95,SDFA_suffix_model,0.1,32,TRUE,32,20,FALSE,TRUE,0.335439105,14.32761011,0,0
8,TRUE,0.95,SDFA_suffix_model,0.1,32,TRUE,64,20,FALSE,TRUE,0.317942568,9.370183362,0,0
8,TRUE,0.95,SDFA_suffix_model,0.1,32,TRUE,128,20,FALSE,TRUE,0.317912766,6.793764458,0,0
8,FALSE,0.95,SDFA_suffix_model,0.1,32,TRUE,128,20,FALSE,TRUE,0.317894754,5.93644655,0,0
8,TRUE,0.95,SDFA_suffix_model,0.2,32,TRUE,32,20,FALSE,TRUE,0.318543847,14.30478197,0,0
8,TRUE,0.95,SDFA_suffix_model,0.2,32,TRUE,64,20,FALSE,TRUE,0.317942568,9.305617245,0,0
8,TRUE,0.95,SDFA_suffix_model,0.2,32,TRUE,128,20,FALSE,TRUE,0.317876742,6.816274463,0,0
8,FALSE,0.95,SDFA_suffix_model,0.2,32,TRUE,128,20,FALSE,TRUE,0.317876742,5.846670591,0,0
8,TRUE,0.95,SDFA_suffix_model,0.5,32,TRUE,32,20,FALSE,TRUE,0.318543847,14.32018457,0,0
8,TRUE,0.95,SDFA_suffix_model,0.5,32,TRUE,64,20,FALSE,TRUE,0.317942568,9.556471154,0,0
8,TRUE,0.95,SDFA_suffix_model,0.5,32,TRUE,128,20,FALSE,TRUE,0.317876742,6.765279062,0,0
8,FALSE,0.95,SDFA_suffix_model,0.5,32,TRUE,128,20,FALSE,TRUE,0.317876742,5.988442483,0,0
8,TRUE,0.95,SDFA_suffix_model,0.1,64,TRUE,32,20,FALSE,TRUE,0.329925531,14.42645417,0,0
8,TRUE,0.95,SDFA_suffix_model,0.1,64,TRUE,64,20,FALSE,TRUE,0.318008613,9.21204836,0,0
8,TRUE,0.95,SDFA_suffix_model,0.1,64,TRUE,128,20,FALSE,TRUE,0.317876742,6.865611896,0,0
8,FALSE,0.95,SDFA_suffix_model,0.1,64,TRUE,128,20,FALSE,TRUE,0.317876742,5.851923868,0,0
8,TRUE,0.95,SDFA_suffix_model,0.2,64,TRUE,32,20,FALSE,TRUE,0.318543847,14.36747629,0,0
8,TRUE,0.95,SDFA_suffix_model,0.2,64,TRUE,64,20,FALSE,TRUE,0.317942568,9.384805708,0,0
8,TRUE,0.95,SDFA_suffix_model,0.2,64,TRUE,128,20,FALSE,TRUE,0.317876742,6.776678571,0,0
8,FALSE,0.95,SDFA_suffix_model,0.2,64,TRUE,128,20,FALSE,TRUE,0.317876742,5.970958727,0,0
8,TRUE,0.95,SDFA_suffix_model,0.5,64,TRUE,32,20,FALSE,TRUE,0.318543847,14.3627579,0,0
8,TRUE,0.95,SDFA_suffix_model,0.5,64,TRUE,64,20,FALSE,TRUE,0.317942568,9.238103557,0,0
8,TRUE,0.95,SDFA_suffix_model,0.5,64,TRUE,128,20,FALSE,TRUE,0.317876742,6.87690224,0,0
8,FALSE,0.95,SDFA_suffix_model,0.5,64,TRUE,128,20,FALSE,TRUE,0.317876742,5.836150655,0,0
15,TRUE,0.95,SDFA_suffix_model,0.1,16,TRUE,32,20,FALSE,TRUE,0.318969621,14.29747399,0,0
15,TRUE,0.95,SDFA_suffix_model,0.1,16,TRUE,64,20,FALSE,TRUE,0.329450524,9.503335751,0,0
15,TRUE,0.95,SDFA_suffix_model,0.1,16,TRUE,128,20,FALSE,TRUE,0.329156731,6.771322862,0,0
15,FALSE,0.95,SDFA_suffix_model,0.1,16,TRUE,128,20,FALSE,TRUE,0.324147053,5.854429715,0,0
15,TRUE,0.95,SDFA_suffix_model,0.2,16,TRUE,32,20,FALSE,TRUE,0.330618103,14.27737679,0,0
15,TRUE,0.95,SDFA_suffix_model,0.2,16,TRUE,64,20,FALSE,TRUE,0.329367076,9.333129504,0,0
15,TRUE,0.95,SDFA_suffix_model,0.2,16,TRUE,128,20,FALSE,TRUE,0.329865568,6.817656417,0,0
15,FALSE,0.95,SDFA_suffix_model,0.2,16,TRUE,128,20,FALSE,TRUE,0.317876742,5.871208875,0,0
15,TRUE,0.95,SDFA_suffix_model,0.5,16,TRUE,32,20,FALSE,TRUE,0.318543847,14.30143264,0,0
15,TRUE,0.95,SDFA_suffix_model,0.5,16,TRUE,64,20,FALSE,TRUE,0.317942568,9.324829909,0,0
15,TRUE,0.95,SDFA_suffix_model,0.5,16,TRUE,128,20,FALSE,TRUE,0.317876742,6.753982602,0,0
15,FALSE,0.95,SDFA_suffix_model,0.5,16,TRUE,128,20,FALSE,TRUE,0.317876742,5.853754694,0,0
15,TRUE,0.95,SDFA_suffix_model,0.1,32,TRUE,32,20,FALSE,TRUE,0.329887744,14.29380116,0,0
15,TRUE,0.95,SDFA_suffix_model,0.1,32,TRUE,64,20,FALSE,TRUE,0.33178682,9.318985055,0,0
15,TRUE,0.95,SDFA_suffix_model,0.1,32,TRUE,128,20,FALSE,TRUE,0.31793764,6.826845201,0,0
15,FALSE,0.95,SDFA_suffix_model,0.1,32,TRUE,128,20,FALSE,TRUE,0.324094218,5.866720697,0,0
15,TRUE,0.95,SDFA_suffix_model,0.2,32,TRUE,32,20,FALSE,TRUE,0.330672919,14.32794759,0,0
15,TRUE,0.95,SDFA_suffix_model,0.2,32,TRUE,64,20,FALSE,TRUE,0.318008613,9.352719633,0,0
15,TRUE,0.95,SDFA_suffix_model,0.2,32,TRUE,128,20,FALSE,TRUE,0.31793764,6.885877309,0,0
15,FALSE,0.95,SDFA_suffix_model,0.2,32,TRUE,128,20,FALSE,TRUE,0.317995622,5.9723127,0,0
15,TRUE,0.95,SDFA_suffix_model,0.5,32,TRUE,32,20,FALSE,TRUE,0.318543847,14.552008,0,0
15,TRUE,0.95,SDFA_suffix_model,0.5,32,TRUE,64,20,FALSE,TRUE,0.317942568,9.399107311,0,0
15,TRUE,0.95,SDFA_suffix_model,0.5,32,TRUE,128,20,FALSE,TRUE,0.317876742,6.859207947,0,0
15,FALSE,0.95,SDFA_suffix_model,0.5,32,TRUE,128,20,FALSE,TRUE,0.317876742,5.977449394,0,0
15,TRUE,0.95,SDFA_suffix_model,0.1,64,TRUE,32,20,FALSE,TRUE,0.322600306,14.53561585,0,0
15,TRUE,0.95,SDFA_suffix_model,0.1,64,TRUE,64,20,FALSE,TRUE,0.317942568,9.421460045,0,0
15,TRUE,0.95,SDFA_suffix_model,0.1,64,TRUE,128,20,FALSE,TRUE,0.317876742,6.877787427,0,0
15,FALSE,0.95,SDFA_suffix_model,0.1,64,TRUE,128,20,FALSE,TRUE,0.317876742,5.995563576,0,0
15,TRUE,0.95,SDFA_suffix_model,0.2,64,TRUE,32,20,FALSE,TRUE,0.318543847,14.72849676,0,0
15,TRUE,0.95,SDFA_suffix_model,0.2,64,TRUE,64,20,FALSE,TRUE,0.317942568,9.489603572,0,0
15,TRUE,0.95,SDFA_suffix_model,0.2,64,TRUE,128,20,FALSE,TRUE,0.317876742,6.887339473,0,0
15,FALSE,0.95,SDFA_suffix_model,0.2,64,TRUE,128,20,FALSE,TRUE,0.317876742,5.970722207,0,0
15,TRUE,0.95,SDFA_suffix_model,0.5,64,TRUE,32,20,FALSE,TRUE,0.318543847,14.71427837,0,0
15,TRUE,0.95,SDFA_suffix_model,0.5,64,TRUE,64,20,FALSE,TRUE,0.317942568,9.580172813,0,0
15,TRUE,0.95,SDFA_suffix_model,0.5,64,TRUE,128,20,FALSE,TRUE,0.317876742,6.923213457,0,0
15,FALSE,0.95,SDFA_suffix_model,0.5,64,TRUE,128,20,FALSE,TRUE,0.317845521,6.019831574,0,0
76,TRUE,0.95,SDFA_suffix_model,0.1,16,TRUE,32,20,FALSE,TRUE,0.356220805,14.76566554,0,0
76,TRUE,0.95,SDFA_suffix_model,0.1,16,TRUE,64,20,FALSE,TRUE,0.318058189,9.525907866,0,0
76,TRUE,0.95,SDFA_suffix_model,0.1,16,TRUE,128,20,FALSE,TRUE,0.324029545,6.932312867,0,0
76,FALSE,0.95,SDFA_suffix_model,0.1,16,TRUE,128,20,FALSE,TRUE,0.324715178,6.020743755,0,0
76,TRUE,0.95,SDFA_suffix_model,0.2,16,TRUE,32,20,FALSE,TRUE,0.318549851,14.76591773,0,0
76,TRUE,0.95,SDFA_suffix_model,0.2,16,TRUE,64,20,FALSE,TRUE,0.329287931,9.51413182,0,0
76,TRUE,0.95,SDFA_suffix_model,0.2,16,TRUE,128,20,FALSE,TRUE,0.317942786,6.901566121,0,0
76,FALSE,0.95,SDFA_suffix_model,0.2,16,TRUE,128,20,FALSE,TRUE,0.317853583,6.017654144,0,0
76,TRUE,0.95,SDFA_suffix_model,0.5,16,TRUE,32,20,FALSE,TRUE,0.318609892,14.53799546,0,0
76,TRUE,0.95,SDFA_suffix_model,0.5,16,TRUE,64,20,FALSE,TRUE,0.329423966,9.480851866,0,0
76,TRUE,0.95,SDFA_suffix_model,0.5,16,TRUE,128,20,FALSE,TRUE,0.321013005,6.947101559,0,0
76,FALSE,0.95,SDFA_suffix_model,0.5,16,TRUE,128,20,FALSE,TRUE,0.322435109,6.027850816,0,0
76,TRUE,0.95,SDFA_suffix_model,0.1,32,TRUE,32,20,FALSE,TRUE,0.318529438,14.91845352,0,0
76,TRUE,0.95,SDFA_suffix_model,0.1,32,TRUE,64,20,FALSE,TRUE,0.318242771,9.622814939,0,0
76,TRUE,0.95,SDFA_suffix_model,0.1,32,TRUE,128,20,FALSE,TRUE,0.318382533,6.922573889,0,0
76,FALSE,0.95,SDFA_suffix_model,0.1,32,TRUE,128,20,FALSE,TRUE,0.317876742,6.02807714,0,0
76,TRUE,0.95,SDFA_suffix_model,0.2,32,TRUE,32,20,FALSE,TRUE,0.318543847,14.89541056,0,0
76,TRUE,0.95,SDFA_suffix_model,0.2,32,TRUE,64,20,FALSE,TRUE,0.317942568,9.588033213,0,0
76,TRUE,0.95,SDFA_suffix_model,0.2,32,TRUE,128,20,FALSE,TRUE,0.317876742,6.938780223,0,0
76,FALSE,0.95,SDFA_suffix_model,0.2,32,TRUE,128,20,FALSE,TRUE,0.320982127,6.058290829,0,0
76,TRUE,0.95,SDFA_suffix_model,0.5,32,TRUE,32,20,FALSE,TRUE,0.320208937,14.89725634,0,0
76,TRUE,0.95,SDFA_suffix_model,0.5,32,TRUE,64,20,FALSE,TRUE,0.317948572,9.575051472,0,0
76,TRUE,0.95,SDFA_suffix_model,0.5,32,TRUE,128,20,FALSE,TRUE,0.317876742,6.906257315,0,0
76,FALSE,0.95,SDFA_suffix_model,0.5,32,TRUE,128,20,FALSE,TRUE,0.320982127,6.024716024,0,0
76,TRUE,0.95,SDFA_suffix_model,0.1,64,TRUE,32,20,FALSE,TRUE,0.329878044,14.90064651,0,0
76,TRUE,0.95,SDFA_suffix_model,0.1,64,TRUE,64,20,FALSE,TRUE,0.31775075,9.565316282,0,0
76,TRUE,0.95,SDFA_suffix_model,0.1,64,TRUE,128,20,FALSE,TRUE,0.317876742,6.906205363,0,0
76,FALSE,0.95,SDFA_suffix_model,0.1,64,TRUE,128,20,FALSE,TRUE,0.317876742,6.026770899,0,0
76,TRUE,0.95,SDFA_suffix_model,0.2,64,TRUE,32,20,FALSE,TRUE,0.318543847,14.90604788,0,0
76,TRUE,0.95,SDFA_suffix_model,0.2,64,TRUE,64,20,FALSE,TRUE,0.317942568,9.57081793,0,0
76,TRUE,0.95,SDFA_suffix_model,0.2,64,TRUE,128,20,FALSE,TRUE,0.317876742,6.92478309,0,0
76,FALSE,0.95,SDFA_suffix_model,0.2,64,TRUE,128,20,FALSE,TRUE,0.317876742,6.026044596,0,0
76,TRUE,0.95,SDFA_suffix_model,0.5,64,TRUE,32,20,FALSE,TRUE,0.318543847,14.94461276,0,0
76,TRUE,0.95,SDFA_suffix_model,0.5,64,TRUE,64,20,FALSE,TRUE,0.317942568,9.573994472,0,0
76,TRUE,0.95,SDFA_suffix_model,0.5,64,TRUE,128,20,FALSE,TRUE,0.317876742,6.913169054,0,0
76,FALSE,0.95,SDFA_suffix_model,0.5,64,TRUE,128,20,FALSE,TRUE,0.317876742,6.008804756,0,0
23,TRUE,0.95,SDFA_suffix_model,0.1,16,TRUE,32,20,FALSE,TRUE,0.362092915,14.87222183,0,0
23,TRUE,0.95,SDFA_suffix_model,0.1,16,TRUE,64,20,FALSE,TRUE,0.346727671,9.584574469,0,0
23,TRUE,0.95,SDFA_suffix_model,0.1,16,TRUE,128,20,FALSE,TRUE,0.348047348,6.905506427,0,0
23,FALSE,0.95,SDFA_suffix_model,0.1,16,TRUE,128,20,FALSE,TRUE,0.317928377,6.025290791,0,0
23,TRUE,0.95,SDFA_suffix_model,0.2,16,TRUE,32,20,FALSE,TRUE,0.333231678,14.87286829,0,0
23,TRUE,0.95,SDFA_suffix_model,0.2,16,TRUE,64,20,FALSE,TRUE,0.329305086,9.551345593,0,0
23,TRUE,0.95,SDFA_suffix_model,0.2,16,TRUE,128,20,FALSE,TRUE,0.329065625,6.902126698,0,0
23,FALSE,0.95,SDFA_suffix_model,0.2,16,TRUE,128,20,FALSE,TRUE,0.343440277,6.014857374,0,0
23,TRUE,0.95,SDFA_suffix_model,0.5,16,TRUE,32,20,FALSE,TRUE,0.318555855,14.85543253,0,0
23,TRUE,0.95,SDFA_suffix_model,0.5,16,TRUE,64,20,FALSE,TRUE,0.338113742,9.549388672,0,0
23,TRUE,0.95,SDFA_suffix_model,0.5,16,TRUE,128,20,FALSE,TRUE,0.345123246,6.902665823,0,0
23,FALSE,0.95,SDFA_suffix_model,0.5,16,TRUE,128,20,FALSE,TRUE,0.361301019,5.997337961,0,0
23,TRUE,0.95,SDFA_suffix_model,0.1,32,TRUE,32,20,FALSE,TRUE,0.330165958,14.88844505,0,0
23,TRUE,0.95,SDFA_suffix_model,0.1,32,TRUE,64,20,FALSE,TRUE,0.317942568,9.558966644,0,0
23,TRUE,0.95,SDFA_suffix_model,0.1,32,TRUE,128,20,FALSE,TRUE,0.317995622,6.886887285,0,0
23,FALSE,0.95,SDFA_suffix_model,0.1,32,TRUE,128,20,FALSE,TRUE,0.331279766,6.015807014,0,0
23,TRUE,0.95,SDFA_suffix_model,0.2,32,TRUE,32,20,FALSE,TRUE,0.318549851,14.90306568,0,0
23,TRUE,0.95,SDFA_suffix_model,0.2,32,TRUE,64,20,FALSE,TRUE,0.318008613,9.562329042,0,0
23,TRUE,0.95,SDFA_suffix_model,0.2,32,TRUE,128,20,FALSE,TRUE,0.317876742,6.905129465,0,0
23,FALSE,0.95,SDFA_suffix_model,0.2,32,TRUE,128,20,FALSE,TRUE,0.317876742,6.019331274,0,0
23,TRUE,0.95,SDFA_suffix_model,0.5,32,TRUE,32,20,FALSE,TRUE,0.318543847,14.86610707,0,0
23,TRUE,0.95,SDFA_suffix_model,0.5,32,TRUE,64,20,FALSE,TRUE,0.317942568,9.54859326,0,0
23,TRUE,0.95,SDFA_suffix_model,0.5,32,TRUE,128,20,FALSE,TRUE,0.32249515,6.899283483,0,0
23,FALSE,0.95,SDFA_suffix_model,0.5,32,TRUE,128,20,FALSE,TRUE,0.32249515,6.032177548,0,0
23,TRUE,0.95,SDFA_suffix_model,0.1,64,TRUE,32,20,FALSE,TRUE,0.322724427,14.92129955,0,0
23,TRUE,0.95,SDFA_suffix_model,0.1,64,TRUE,64,20,FALSE,TRUE,0.318008613,9.57528663,0,0
23,TRUE,0.95,SDFA_suffix_model,0.1,64,TRUE,128,20,FALSE,TRUE,0.317876742,6.912028983,0,0
23,FALSE,0.95,SDFA_suffix_model,0.1,64,TRUE,128,20,FALSE,TRUE,0.317948791,6.017150024,0,0
23,TRUE,0.95,SDFA_suffix_model,0.2,64,TRUE,32,20,FALSE,TRUE,0.318543847,14.88516027,0,0
23,TRUE,0.95,SDFA_suffix_model,0.2,64,TRUE,64,20,FALSE,TRUE,0.317882528,9.552444778,0,0
23,TRUE,0.95,SDFA_suffix_model,0.2,64,TRUE,128,20,FALSE,TRUE,0.317876742,6.905279979,0,0
23,FALSE,0.95,SDFA_suffix_model,0.2,64,TRUE,128,20,FALSE,TRUE,0.317876742,6.024878808,0,0
23,TRUE,0.95,SDFA_suffix_model,0.5,64,TRUE,32,20,FALSE,TRUE,0.318543847,14.90041523,0,0
23,TRUE,0.95,SDFA_suffix_model,0.5,64,TRUE,64,20,FALSE,TRUE,0.317942568,9.571991782,0,0
23,TRUE,0.95,SDFA_suffix_model,0.5,64,TRUE,128,20,FALSE,TRUE,0.317876742,6.918292178,0,0
23,FALSE,0.95,SDFA_suffix_model,0.5,64,TRUE,128,20,FALSE,TRUE,0.317876742,6.030137009,0,0