seed,local,quantile,model,lambda,d_model,er_loss,batch_size,no_epochs,rank_loss,sdfa_ce,avg_beam_dl_distance,avg_dl_distance,time,er_pred,er_target
56,FALSE,0.8,SDFA_suffix_model,0.1,16,TRUE,128,50,FALSE,FALSE,0.509671122,0.58819278,7.384922987,0,0
56,TRUE,0.8,SDFA_suffix_model,0.1,16,TRUE,32,50,FALSE,FALSE,0.472376488,0.575425009,18.18778389,0,0
56,TRUE,0.8,SDFA_suffix_model,0.1,16,TRUE,64,50,FALSE,FALSE,0.493251261,0.580537345,12.19871009,0,0
56,TRUE,0.8,SDFA_suffix_model,0.1,16,TRUE,128,50,FALSE,FALSE,0.502389868,0.60619617,9.22428317,0,0
56,FALSE,0.8,SDFA_suffix_model,0.1,16,TRUE,128,50,FALSE,TRUE,0.505078033,0.598690227,7.296564865,0,0
56,TRUE,0.8,SDFA_suffix_model,0.1,16,TRUE,32,50,FALSE,TRUE,0.465981202,0.586068631,18.10746133,0,0
56,TRUE,0.8,SDFA_suffix_model,0.1,16,TRUE,64,50,FALSE,TRUE,0.487063235,0.581822908,12.22280078,0,0
56,TRUE,0.8,SDFA_suffix_model,0.1,16,TRUE,128,50,FALSE,TRUE,0.50167733,0.609610975,9.235052132,0,0
56,FALSE,0.8,SDFA_suffix_model,0.2,16,TRUE,128,50,FALSE,FALSE,0.502326062,0.61056842,7.305180625,0,0
56,TRUE,0.8,SDFA_suffix_model,0.2,16,TRUE,32,50,FALSE,FALSE,0.47948093,0.574176749,18.01728894,0,0
56,TRUE,0.8,SDFA_suffix_model,0.2,16,TRUE,64,50,FALSE,FALSE,0.492882343,0.58424212,12.19073181,0,0
56,TRUE,0.8,SDFA_suffix_model,0.2,16,TRUE,128,50,FALSE,FALSE,0.498902627,0.60364544,9.215538922,0,0
56,FALSE,0.8,SDFA_suffix_model,0.2,16,TRUE,128,50,FALSE,TRUE,0.491148738,0.598765803,7.297099448,0,0
56,TRUE,0.8,SDFA_suffix_model,0.2,16,TRUE,32,50,FALSE,TRUE,0.472895738,0.570079349,18.10637767,0,0
56,TRUE,0.8,SDFA_suffix_model,0.2,16,TRUE,64,50,FALSE,TRUE,0.476493083,0.576098104,12.2250108,0,0
56,TRUE,0.8,SDFA_suffix_model,0.2,16,TRUE,128,50,FALSE,TRUE,0.501276444,0.600749121,9.23285847,0,0
56,FALSE,0.8,SDFA_suffix_model,0.5,16,TRUE,128,50,FALSE,FALSE,0.480978657,0.591918402,7.304766334,0,0
56,TRUE,0.8,SDFA_suffix_model,0.5,16,TRUE,32,50,FALSE,FALSE,0.444566309,0.556744712,18.01368308,0,0
56,TRUE,0.8,SDFA_suffix_model,0.5,16,TRUE,64,50,FALSE,FALSE,0.472986371,0.571512236,12.18074253,0,0
56,TRUE,0.8,SDFA_suffix_model,0.5,16,TRUE,128,50,FALSE,FALSE,0.47959044,0.582212299,9.216728103,0,0
56,FALSE,0.8,SDFA_suffix_model,0.5,16,TRUE,128,50,FALSE,TRUE,0.468740079,0.58239448,7.298848805,0,0
56,TRUE,0.8,SDFA_suffix_model,0.5,16,TRUE,32,50,FALSE,TRUE,0.454939186,0.555704281,18.10328981,0,0
56,TRUE,0.8,SDFA_suffix_model,0.5,16,TRUE,64,50,FALSE,TRUE,0.469572486,0.57113388,12.21830585,0,0
56,TRUE,0.8,SDFA_suffix_model,0.5,16,TRUE,128,50,FALSE,TRUE,0.470993143,0.582335608,9.239148171,0,0
56,FALSE,0.8,SDFA_suffix_model,0.1,32,TRUE,128,50,FALSE,FALSE,0.45331494,0.57636244,7.362302411,0,0
56,TRUE,0.8,SDFA_suffix_model,0.1,32,TRUE,32,50,FALSE,FALSE,0.443309782,0.555996335,18.1612269,0,0
56,TRUE,0.8,SDFA_suffix_model,0.1,32,TRUE,64,50,FALSE,FALSE,0.464364396,0.552849703,12.28345469,0,0
56,TRUE,0.8,SDFA_suffix_model,0.1,32,TRUE,128,50,FALSE,FALSE,0.456840527,0.547823224,9.289283334,0,0
56,FALSE,0.8,SDFA_suffix_model,0.1,32,TRUE,128,50,FALSE,TRUE,0.444100102,0.534908589,7.366404087,0,0
56,TRUE,0.8,SDFA_suffix_model,0.1,32,TRUE,32,50,FALSE,TRUE,0.44438253,0.52247032,18.26183189,0,0
56,TRUE,0.8,SDFA_suffix_model,0.1,32,TRUE,64,50,FALSE,TRUE,0.443197582,0.530075081,12.28714765,0,0
56,TRUE,0.8,SDFA_suffix_model,0.1,32,TRUE,128,50,FALSE,TRUE,0.442432344,0.523094597,9.309292113,0,0
56,FALSE,0.8,SDFA_suffix_model,0.2,32,TRUE,128,50,FALSE,FALSE,0.44671377,0.53464477,7.368825499,0,0
56,TRUE,0.8,SDFA_suffix_model,0.2,32,TRUE,32,50,FALSE,FALSE,0.434946632,0.52973578,18.18819936,0,0
56,TRUE,0.8,SDFA_suffix_model,0.2,32,TRUE,64,50,FALSE,FALSE,0.443592065,0.524502753,12.2457887,0,0
56,TRUE,0.8,SDFA_suffix_model,0.2,32,TRUE,128,50,FALSE,FALSE,0.43984208,0.541480414,9.286955015,0,0
56,FALSE,0.8,SDFA_suffix_model,0.2,32,TRUE,128,50,FALSE,TRUE,0.447650686,0.547990049,7.368128268,0,0
56,TRUE,0.8,SDFA_suffix_model,0.2,32,TRUE,32,50,FALSE,TRUE,0.434994453,0.523092346,18.26479554,0,0
56,TRUE,0.8,SDFA_suffix_model,0.2,32,TRUE,64,50,FALSE,TRUE,0.437819424,0.513697911,12.30594199,0,0
56,TRUE,0.8,SDFA_suffix_model,0.2,32,TRUE,128,50,FALSE,TRUE,0.437216105,0.544826747,9.318124583,0,0
56,FALSE,0.8,SDFA_suffix_model,0.5,32,TRUE,128,50,FALSE,FALSE,0.447578685,0.546946851,7.381654677,0,0
56,TRUE,0.8,SDFA_suffix_model,0.5,32,TRUE,32,50,FALSE,FALSE,0.433495634,0.523884276,18.20527342,0,0
56,TRUE,0.8,SDFA_suffix_model,0.5,32,TRUE,64,50,FALSE,FALSE,0.447027223,0.527331185,12.26572678,0,0
56,TRUE,0.8,SDFA_suffix_model,0.5,32,TRUE,128,50,FALSE,FALSE,0.437426781,0.53352852,9.301004886,0,0
56,FALSE,0.8,SDFA_suffix_model,0.5,32,TRUE,128,50,FALSE,TRUE,0.444185826,0.53267767,7.377503049,0,0
56,TRUE,0.8,SDFA_suffix_model,0.5,32,TRUE,32,50,FALSE,TRUE,0.430242461,0.517120395,18.28999884,0,0
56,TRUE,0.8,SDFA_suffix_model,0.5,32,TRUE,64,50,FALSE,TRUE,0.438264667,0.517554271,12.3135599,0,0
56,TRUE,0.8,SDFA_suffix_model,0.5,32,TRUE,128,50,FALSE,TRUE,0.438516975,0.528099831,9.329268756,0,0
56,FALSE,0.8,SDFA_suffix_model,0.1,64,TRUE,128,50,FALSE,FALSE,0.444562859,0.546373742,7.404150835,0,0
56,TRUE,0.8,SDFA_suffix_model,0.1,64,TRUE,32,50,FALSE,FALSE,0.430243968,0.541151314,18.21265575,0,0
56,TRUE,0.8,SDFA_suffix_model,0.1,64,TRUE,64,50,FALSE,FALSE,0.442818538,0.543131055,12.33150323,0,0
56,TRUE,0.8,SDFA_suffix_model,0.1,64,TRUE,128,50,FALSE,FALSE,0.444463931,0.533658535,9.320126141,0,0
56,FALSE,0.8,SDFA_suffix_model,0.1,64,TRUE,128,50,FALSE,TRUE,0.443106096,0.525902242,7.393936229,0,0
56,TRUE,0.8,SDFA_suffix_model,0.1,64,TRUE,32,50,FALSE,TRUE,0.430200551,0.5360475,18.31509969,0,0
56,TRUE,0.8,SDFA_suffix_model,0.1,64,TRUE,64,50,FALSE,TRUE,0.434289721,0.513658244,12.36289742,0,0
56,TRUE,0.8,SDFA_suffix_model,0.1,64,TRUE,128,50,FALSE,TRUE,0.44651164,0.525722094,9.338761278,0,0
56,FALSE,0.8,SDFA_suffix_model,0.2,64,TRUE,128,50,FALSE,FALSE,0.443671864,0.525767365,7.402085365,0,0
56,TRUE,0.8,SDFA_suffix_model,0.2,64,TRUE,32,50,FALSE,FALSE,0.436711449,0.521236282,18.24346301,0,0
56,TRUE,0.8,SDFA_suffix_model,0.2,64,TRUE,64,50,FALSE,FALSE,0.447357456,0.523908936,12.34470479,0,0
56,TRUE,0.8,SDFA_suffix_model,0.2,64,TRUE,128,50,FALSE,FALSE,0.442670854,0.525344538,9.329163904,0,0
56,FALSE,0.8,SDFA_suffix_model,0.2,64,TRUE,128,50,FALSE,TRUE,0.443029367,0.525654373,7.401987473,0,0
56,TRUE,0.8,SDFA_suffix_model,0.2,64,TRUE,32,50,FALSE,TRUE,0.434678368,0.519731727,18.35699542,0,0
56,TRUE,0.8,SDFA_suffix_model,0.2,64,TRUE,64,50,FALSE,TRUE,0.445640689,0.525250285,12.38607004,0,0
56,TRUE,0.8,SDFA_suffix_model,0.2,64,TRUE,128,50,FALSE,TRUE,0.442827621,0.525508596,9.346013616,0,0
56,FALSE,0.8,SDFA_suffix_model,0.5,64,TRUE,128,50,FALSE,FALSE,0.439584783,0.533189219,7.40035147,0,0
56,TRUE,0.8,SDFA_suffix_model,0.5,64,TRUE,32,50,FALSE,FALSE,0.434791482,0.524127126,18.26431088,0,0
56,TRUE,0.8,SDFA_suffix_model,0.5,64,TRUE,64,50,FALSE,FALSE,0.444073543,0.525402186,12.34770961,0,0
56,TRUE,0.8,SDFA_suffix_model,0.5,64,TRUE,128,50,FALSE,FALSE,0.442834855,0.525354954,9.33170054,0,0
56,FALSE,0.8,SDFA_suffix_model,0.5,64,TRUE,128,50,FALSE,TRUE,0.440045673,0.523957536,7.407664112,0,0
56,TRUE,0.8,SDFA_suffix_model,0.5,64,TRUE,32,50,FALSE,TRUE,0.430964295,0.520503584,18.35149747,0,0
56,TRUE,0.8,SDFA_suffix_model,0.5,64,TRUE,64,50,FALSE,TRUE,0.439057173,0.517704053,12.38929228,0,0
56,TRUE,0.8,SDFA_suffix_model,0.5,64,TRUE,128,50,FALSE,TRUE,0.442329479,0.525441569,9.347177979,0,0
56,FALSE,0.8,suffix_model,0,16,FALSE,128,50,TRUE,FALSE,0.883070604,0.878825196,8.877290584,0,0
56,FALSE,0.8,suffix_model,0,16,FALSE,128,50,FALSE,FALSE,0.477364097,0.563391109,7.025252012,0,0
56,FALSE,0.8,suffix_model,0,32,FALSE,128,50,TRUE,FALSE,0.898078518,0.877382643,8.888389594,0,0
56,FALSE,0.8,suffix_model,0,32,FALSE,128,50,FALSE,FALSE,0.448381057,0.555530967,7.120098936,0,0
56,FALSE,0.8,suffix_model,0,64,FALSE,128,50,TRUE,FALSE,0.547158402,0.898291778,9.168459444,0,0
56,FALSE,0.8,suffix_model,0,64,FALSE,128,50,FALSE,FALSE,0.448164319,0.566119727,7.1152555,0,0
8,FALSE,0.8,SDFA_suffix_model,0.1,16,TRUE,128,50,FALSE,FALSE,0.541175189,0.599287384,7.286949432,0,0
8,TRUE,0.8,SDFA_suffix_model,0.1,16,TRUE,32,50,FALSE,FALSE,0.509069074,0.590273605,17.98545037,0,0
8,TRUE,0.8,SDFA_suffix_model,0.1,16,TRUE,64,50,FALSE,FALSE,0.529080693,0.598394607,12.15824725,0,0
8,TRUE,0.8,SDFA_suffix_model,0.1,16,TRUE,128,50,FALSE,FALSE,0.533087261,0.600079072,9.203996449,0,0
8,FALSE,0.8,SDFA_suffix_model,0.1,16,TRUE,128,50,FALSE,TRUE,0.537412184,0.601490024,7.284316795,0,0
8,TRUE,0.8,SDFA_suffix_model,0.1,16,TRUE,32,50,FALSE,TRUE,0.497632795,0.582523706,18.09665842,0,0
8,TRUE,0.8,SDFA_suffix_model,0.1,16,TRUE,64,50,FALSE,TRUE,0.510124584,0.582429265,12.2125736,0,0
8,TRUE,0.8,SDFA_suffix_model,0.1,16,TRUE,128,50,FALSE,TRUE,0.519976617,0.602439358,9.226095987,0,0
8,FALSE,0.8,SDFA_suffix_model,0.2,16,TRUE,128,50,FALSE,FALSE,0.512543961,0.575506851,7.287703792,0,0
8,TRUE,0.8,SDFA_suffix_model,0.2,16,TRUE,32,50,FALSE,FALSE,0.475942146,0.562830726,17.9909088,0,0
8,TRUE,0.8,SDFA_suffix_model,0.2,16,TRUE,64,50,FALSE,FALSE,0.495174631,0.577870556,12.16992894,0,0
8,TRUE,0.8,SDFA_suffix_model,0.2,16,TRUE,128,50,FALSE,FALSE,0.513468252,0.578534483,9.216649676,0,0
8,FALSE,0.8,SDFA_suffix_model,0.2,16,TRUE,128,50,FALSE,TRUE,0.509875607,0.586593377,7.284756034,0,0
8,TRUE,0.8,SDFA_suffix_model,0.2,16,TRUE,32,50,FALSE,TRUE,0.468033132,0.56571445,18.08678852,0,0
8,TRUE,0.8,SDFA_suffix_model,0.2,16,TRUE,64,50,FALSE,TRUE,0.495737643,0.569681207,12.21060811,0,0
8,TRUE,0.8,SDFA_suffix_model,0.2,16,TRUE,128,50,FALSE,TRUE,0.511724144,0.584122981,9.233856711,0,0
8,FALSE,0.8,SDFA_suffix_model,0.5,16,TRUE,128,50,FALSE,FALSE,0.486988865,0.576538025,7.29268838,0,0
8,TRUE,0.8,SDFA_suffix_model,0.5,16,TRUE,32,50,FALSE,FALSE,0.465664585,0.541328548,18.00754089,0,0
8,TRUE,0.8,SDFA_suffix_model,0.5,16,TRUE,64,50,FALSE,FALSE,0.497419993,0.568862054,12.17080545,0,0
8,TRUE,0.8,SDFA_suffix_model,0.5,16,TRUE,128,50,FALSE,FALSE,0.501897728,0.579887386,9.215368463,0,0
8,FALSE,0.8,SDFA_suffix_model,0.5,16,TRUE,128,50,FALSE,TRUE,0.498895571,0.579752095,7.287446596,0,0
8,TRUE,0.8,SDFA_suffix_model,0.5,16,TRUE,32,50,FALSE,TRUE,0.471744912,0.549681863,18.06104594,0,0
8,TRUE,0.8,SDFA_suffix_model,0.5,16,TRUE,64,50,FALSE,TRUE,0.486141453,0.560385749,12.20083903,0,0
8,TRUE,0.8,SDFA_suffix_model,0.5,16,TRUE,128,50,FALSE,TRUE,0.498353358,0.580709313,9.223119907,0,0
8,FALSE,0.8,SDFA_suffix_model,0.1,32,TRUE,128,50,FALSE,FALSE,0.473225143,0.585311814,7.346531067,0,0
8,TRUE,0.8,SDFA_suffix_model,0.1,32,TRUE,32,50,FALSE,FALSE,0.456961974,0.55156057,18.11994403,0,0
8,TRUE,0.8,SDFA_suffix_model,0.1,32,TRUE,64,50,FALSE,FALSE,0.459147328,0.561484746,12.22644197,0,0
8,TRUE,0.8,SDFA_suffix_model,0.1,32,TRUE,128,50,FALSE,FALSE,0.474483513,0.561947348,9.27702655,0,0
8,FALSE,0.8,SDFA_suffix_model,0.1,32,TRUE,128,50,FALSE,TRUE,0.472188786,0.560045373,7.353046425,0,0
8,TRUE,0.8,SDFA_suffix_model,0.1,32,TRUE,32,50,FALSE,TRUE,0.440146013,0.534657476,18.2229313,0,0
8,TRUE,0.8,SDFA_suffix_model,0.1,32,TRUE,64,50,FALSE,TRUE,0.463252187,0.544380156,12.26734595,0,0
8,TRUE,0.8,SDFA_suffix_model,0.1,32,TRUE,128,50,FALSE,TRUE,0.475426122,0.557368052,9.300185136,0,0
8,FALSE,0.8,SDFA_suffix_model,0.2,32,TRUE,128,50,FALSE,FALSE,0.469118616,0.550871976,7.359256774,0,0
8,TRUE,0.8,SDFA_suffix_model,0.2,32,TRUE,32,50,FALSE,FALSE,0.445351385,0.534734577,18.13111425,0,0
8,TRUE,0.8,SDFA_suffix_model,0.2,32,TRUE,64,50,FALSE,FALSE,0.455854072,0.534647341,12.22717749,0,0
8,TRUE,0.8,SDFA_suffix_model,0.2,32,TRUE,128,50,FALSE,FALSE,0.461799672,0.560333274,9.28322116,0,0
8,FALSE,0.8,SDFA_suffix_model,0.2,32,TRUE,128,50,FALSE,TRUE,0.466036693,0.550047373,7.355717562,0,0
8,TRUE,0.8,SDFA_suffix_model,0.2,32,TRUE,32,50,FALSE,TRUE,0.443487586,0.534726413,18.23661516,0,0
8,TRUE,0.8,SDFA_suffix_model,0.2,32,TRUE,64,50,FALSE,TRUE,0.461331412,0.545633811,12.28250647,0,0
8,TRUE,0.8,SDFA_suffix_model,0.2,32,TRUE,128,50,FALSE,TRUE,0.459746196,0.546795457,9.314800367,0,0
8,FALSE,0.8,SDFA_suffix_model,0.5,32,TRUE,128,50,FALSE,FALSE,0.467518862,0.550986734,7.37925315,0,0
8,TRUE,0.8,SDFA_suffix_model,0.5,32,TRUE,32,50,FALSE,FALSE,0.438310247,0.532067273,18.17331956,0,0
8,TRUE,0.8,SDFA_suffix_model,0.5,32,TRUE,64,50,FALSE,FALSE,0.43589341,0.524827556,12.25867669,0,0
8,TRUE,0.8,SDFA_suffix_model,0.5,32,TRUE,128,50,FALSE,FALSE,0.460247387,0.543241704,9.295043196,0,0
8,FALSE,0.8,SDFA_suffix_model,0.5,32,TRUE,128,50,FALSE,TRUE,0.452089169,0.536153924,7.377576292,0,0
8,TRUE,0.8,SDFA_suffix_model,0.5,32,TRUE,32,50,FALSE,TRUE,0.439598192,0.531721647,18.27978294,0,0
8,TRUE,0.8,SDFA_suffix_model,0.5,32,TRUE,64,50,FALSE,TRUE,0.444177666,0.534734669,12.30295074,0,0
8,TRUE,0.8,SDFA_suffix_model,0.5,32,TRUE,128,50,FALSE,TRUE,0.45056933,0.539724624,9.322685884,0,0
8,FALSE,0.8,SDFA_suffix_model,0.1,64,TRUE,128,50,FALSE,FALSE,0.463665593,0.564167668,7.397965286,0,0
8,TRUE,0.8,SDFA_suffix_model,0.1,64,TRUE,32,50,FALSE,FALSE,0.436305002,0.549447214,18.26030589,0,0
8,TRUE,0.8,SDFA_suffix_model,0.1,64,TRUE,64,50,FALSE,FALSE,0.437514848,0.520882546,12.34748969,0,0
8,TRUE,0.8,SDFA_suffix_model,0.1,64,TRUE,128,50,FALSE,FALSE,0.431136736,0.522095146,9.320093133,0,0
8,FALSE,0.8,SDFA_suffix_model,0.1,64,TRUE,128,50,FALSE,TRUE,0.428366247,0.521114778,7.410948418,0,0
8,TRUE,0.8,SDFA_suffix_model,0.1,64,TRUE,32,50,FALSE,TRUE,0.429317393,0.528697012,18.34280488,0,0
8,TRUE,0.8,SDFA_suffix_model,0.1,64,TRUE,64,50,FALSE,TRUE,0.441663108,0.520020847,12.39071349,0,0
8,TRUE,0.8,SDFA_suffix_model,0.1,64,TRUE,128,50,FALSE,TRUE,0.439573306,0.532115618,9.378609724,0,0
8,FALSE,0.8,SDFA_suffix_model,0.2,64,TRUE,128,50,FALSE,FALSE,0.441460569,0.533189856,7.412356507,0,0
8,TRUE,0.8,SDFA_suffix_model,0.2,64,TRUE,32,50,FALSE,FALSE,0.429497087,0.514495745,18.30571108,0,0
8,TRUE,0.8,SDFA_suffix_model,0.2,64,TRUE,64,50,FALSE,FALSE,0.438965968,0.51787797,12.37252526,0,0
8,TRUE,0.8,SDFA_suffix_model,0.2,64,TRUE,128,50,FALSE,FALSE,0.431465748,0.513552665,9.339064567,0,0
8,FALSE,0.8,SDFA_suffix_model,0.2,64,TRUE,128,50,FALSE,TRUE,0.430057671,0.513492698,7.42868328,0,0
8,TRUE,0.8,SDFA_suffix_model,0.2,64,TRUE,32,50,FALSE,TRUE,0.424926603,0.513607695,18.42136166,0,0
8,TRUE,0.8,SDFA_suffix_model,0.2,64,TRUE,64,50,FALSE,TRUE,0.43509629,0.51362806,12.42163164,0,0
8,TRUE,0.8,SDFA_suffix_model,0.2,64,TRUE,128,50,FALSE,TRUE,0.426789873,0.521082586,9.362646855,0,0
8,FALSE,0.8,SDFA_suffix_model,0.5,64,TRUE,128,50,FALSE,FALSE,0.427355185,0.521184861,7.424394185,0,0
8,TRUE,0.8,SDFA_suffix_model,0.5,64,TRUE,32,50,FALSE,FALSE,0.427080996,0.513348693,18.31689123,0,0
8,TRUE,0.8,SDFA_suffix_model,0.5,64,TRUE,64,50,FALSE,FALSE,0.43339395,0.513435811,12.3826186,0,0
8,TRUE,0.8,SDFA_suffix_model,0.5,64,TRUE,128,50,FALSE,FALSE,0.427617772,0.520960375,9.353182767,0,0
8,FALSE,0.8,SDFA_suffix_model,0.5,64,TRUE,128,50,FALSE,TRUE,0.431385424,0.513684444,7.434770889,0,0
8,TRUE,0.8,SDFA_suffix_model,0.5,64,TRUE,32,50,FALSE,TRUE,0.424415592,0.513642736,18.41343807,0,0
8,TRUE,0.8,SDFA_suffix_model,0.5,64,TRUE,64,50,FALSE,TRUE,0.436559084,0.516646811,12.42417484,0,0
8,TRUE,0.8,SDFA_suffix_model,0.5,64,TRUE,128,50,FALSE,TRUE,0.429896227,0.522249994,9.373601015,0,0
8,FALSE,0.8,suffix_model,0,16,FALSE,128,50,TRUE,FALSE,0.671637825,0.889757763,9.062434988,0,0
8,FALSE,0.8,suffix_model,0,16,FALSE,128,50,FALSE,FALSE,0.490576784,0.609639584,7.035582045,0,0
8,FALSE,0.8,suffix_model,0,32,FALSE,128,50,TRUE,FALSE,0.87518169,0.902883256,8.942125006,0,0
8,FALSE,0.8,suffix_model,0,32,FALSE,128,50,FALSE,FALSE,0.4480101,0.568937794,7.179925099,0,0
8,FALSE,0.8,suffix_model,0,64,FALSE,128,50,TRUE,FALSE,0.659687441,0.889757763,8.937239791,0,0
8,FALSE,0.8,suffix_model,0,64,FALSE,128,50,FALSE,FALSE,0.449099447,0.571276888,7.156960921,0,0
15,FALSE,0.8,SDFA_suffix_model,0.1,16,TRUE,128,50,FALSE,FALSE,0.464569571,0.581265093,7.391929413,0,0
15,TRUE,0.8,SDFA_suffix_model,0.1,16,TRUE,32,50,FALSE,FALSE,0.451343893,0.566364181,18.26924595,0,0
15,TRUE,0.8,SDFA_suffix_model,0.1,16,TRUE,64,50,FALSE,FALSE,0.465787152,0.57008568,12.3402674,0,0
15,TRUE,0.8,SDFA_suffix_model,0.1,16,TRUE,128,50,FALSE,FALSE,0.474946379,0.580844855,9.362544627,0,0
15,FALSE,0.8,SDFA_suffix_model,0.1,16,TRUE,128,50,FALSE,TRUE,0.474641463,0.583683485,7.391238639,0,0
15,TRUE,0.8,SDFA_suffix_model,0.1,16,TRUE,32,50,FALSE,TRUE,0.453448919,0.570780942,18.42786468,0,0
15,TRUE,0.8,SDFA_suffix_model,0.1,16,TRUE,64,50,FALSE,TRUE,0.458926568,0.575396166,12.39729615,0,0
15,TRUE,0.8,SDFA_suffix_model,0.1,16,TRUE,128,50,FALSE,TRUE,0.478698605,0.594139227,9.281162886,0,0
15,FALSE,0.8,SDFA_suffix_model,0.2,16,TRUE,128,50,FALSE,FALSE,0.475696897,0.594530118,7.312091645,0,0
15,TRUE,0.8,SDFA_suffix_model,0.2,16,TRUE,32,50,FALSE,FALSE,0.448307647,0.568949418,17.99197707,0,0
15,TRUE,0.8,SDFA_suffix_model,0.2,16,TRUE,64,50,FALSE,FALSE,0.47069329,0.58467805,12.2173161,0,0
15,TRUE,0.8,SDFA_suffix_model,0.2,16,TRUE,128,50,FALSE,FALSE,0.480297026,0.593638458,9.24723943,0,0
15,FALSE,0.8,SDFA_suffix_model,0.2,16,TRUE,128,50,FALSE,TRUE,0.47617362,0.591499422,7.30450495,0,0
15,TRUE,0.8,SDFA_suffix_model,0.2,16,TRUE,32,50,FALSE,TRUE,0.438070737,0.557309684,18.06031247,0,0
15,TRUE,0.8,SDFA_suffix_model,0.2,16,TRUE,64,50,FALSE,TRUE,0.468057094,0.573808469,12.21744727,0,0
15,TRUE,0.8,SDFA_suffix_model,0.2,16,TRUE,128,50,FALSE,TRUE,0.480613379,0.563871646,9.244430939,0,0
15,FALSE,0.8,SDFA_suffix_model,0.5,16,TRUE,128,50,FALSE,FALSE,0.470775524,0.57865141,7.302834567,0,0
15,TRUE,0.8,SDFA_suffix_model,0.5,16,TRUE,32,50,FALSE,FALSE,0.448306482,0.560582537,17.97010656,0,0
15,TRUE,0.8,SDFA_suffix_model,0.5,16,TRUE,64,50,FALSE,FALSE,0.474176249,0.564619633,12.17064131,0,0
15,TRUE,0.8,SDFA_suffix_model,0.5,16,TRUE,128,50,FALSE,FALSE,0.481380262,0.572214327,9.229546206,0,0
15,FALSE,0.8,SDFA_suffix_model,0.5,16,TRUE,128,50,FALSE,TRUE,0.473469672,0.57923083,7.306727068,0,0
15,TRUE,0.8,SDFA_suffix_model,0.5,16,TRUE,32,50,FALSE,TRUE,0.453871987,0.541953852,18.05469414,0,0
15,TRUE,0.8,SDFA_suffix_model,0.5,16,TRUE,64,50,FALSE,TRUE,0.47217075,0.574770012,12.21197513,0,0
15,TRUE,0.8,SDFA_suffix_model,0.5,16,TRUE,128,50,FALSE,TRUE,0.478656221,0.569811941,9.232697225,0,0
15,FALSE,0.8,SDFA_suffix_model,0.1,32,TRUE,128,50,FALSE,FALSE,0.454314629,0.574910689,7.362359679,0,0
15,TRUE,0.8,SDFA_suffix_model,0.1,32,TRUE,32,50,FALSE,FALSE,0.434187549,0.559093892,18.129628,0,0
15,TRUE,0.8,SDFA_suffix_model,0.1,32,TRUE,64,50,FALSE,FALSE,0.449119951,0.55287135,12.2444287,0,0
15,TRUE,0.8,SDFA_suffix_model,0.1,32,TRUE,128,50,FALSE,FALSE,0.457799059,0.553960377,9.300164849,0,0
15,FALSE,0.8,SDFA_suffix_model,0.1,32,TRUE,128,50,FALSE,TRUE,0.458619157,0.542841753,7.367865945,0,0
15,TRUE,0.8,SDFA_suffix_model,0.1,32,TRUE,32,50,FALSE,TRUE,0.446586968,0.540363605,18.20455278,0,0
15,TRUE,0.8,SDFA_suffix_model,0.1,32,TRUE,64,50,FALSE,TRUE,0.447062852,0.538645329,12.28033913,0,0
15,TRUE,0.8,SDFA_suffix_model,0.1,32,TRUE,128,50,FALSE,TRUE,0.456738307,0.544793423,9.31690063,0,0
15,FALSE,0.8,SDFA_suffix_model,0.2,32,TRUE,128,50,FALSE,FALSE,0.440325206,0.548254846,7.374543872,0,0
15,TRUE,0.8,SDFA_suffix_model,0.2,32,TRUE,32,50,FALSE,FALSE,0.432760947,0.532979013,18.13381969,0,0
15,TRUE,0.8,SDFA_suffix_model,0.2,32,TRUE,64,50,FALSE,FALSE,0.442991036,0.534711351,12.24750655,0,0
15,TRUE,0.8,SDFA_suffix_model,0.2,32,TRUE,128,50,FALSE,FALSE,0.462736804,0.545500784,9.299582898,0,0
15,FALSE,0.8,SDFA_suffix_model,0.2,32,TRUE,128,50,FALSE,TRUE,0.452255338,0.553922662,7.388844927,0,0
15,TRUE,0.8,SDFA_suffix_model,0.2,32,TRUE,32,50,FALSE,TRUE,0.439433675,0.52934383,18.23668524,0,0
15,TRUE,0.8,SDFA_suffix_model,0.2,32,TRUE,64,50,FALSE,TRUE,0.439952288,0.532806401,12.29132032,0,0
15,TRUE,0.8,SDFA_suffix_model,0.2,32,TRUE,128,50,FALSE,TRUE,0.454797891,0.547109719,9.34770061,0,0
15,FALSE,0.8,SDFA_suffix_model,0.5,32,TRUE,128,50,FALSE,FALSE,0.439625975,0.535135541,7.384203676,0,0
15,TRUE,0.8,SDFA_suffix_model,0.5,32,TRUE,32,50,FALSE,FALSE,0.436172332,0.534224852,18.19361782,0,0
15,TRUE,0.8,SDFA_suffix_model,0.5,32,TRUE,64,50,FALSE,FALSE,0.439655835,0.532624573,12.27812849,0,0
15,TRUE,0.8,SDFA_suffix_model,0.5,32,TRUE,128,50,FALSE,FALSE,0.442443575,0.545521394,9.30850521,0,0
15,FALSE,0.8,SDFA_suffix_model,0.5,32,TRUE,128,50,FALSE,TRUE,0.443614305,0.545459697,7.384487046,0,0
15,TRUE,0.8,SDFA_suffix_model,0.5,32,TRUE,32,50,FALSE,TRUE,0.437962998,0.534653999,18.27247079,0,0
15,TRUE,0.8,SDFA_suffix_model,0.5,32,TRUE,64,50,FALSE,TRUE,0.438407773,0.530404401,12.31984876,0,0
15,TRUE,0.8,SDFA_suffix_model,0.5,32,TRUE,128,50,FALSE,TRUE,0.445143747,0.53893746,9.323821712,0,0
15,FALSE,0.8,SDFA_suffix_model,0.1,64,TRUE,128,50,FALSE,FALSE,0.461557147,0.5563799,7.395973809,0,0
15,TRUE,0.8,SDFA_suffix_model,0.1,64,TRUE,32,50,FALSE,FALSE,0.434678914,0.549626267,18.24361607,0,0
15,TRUE,0.8,SDFA_suffix_model,0.1,64,TRUE,64,50,FALSE,FALSE,0.462838222,0.545942121,12.3363946,0,0
15,TRUE,0.8,SDFA_suffix_model,0.1,64,TRUE,128,50,FALSE,FALSE,0.459067408,0.545539403,9.328756782,0,0
15,FALSE,0.8,SDFA_suffix_model,0.1,64,TRUE,128,50,FALSE,TRUE,0.461665866,0.547121411,7.401083027,0,0
15,TRUE,0.8,SDFA_suffix_model,0.1,64,TRUE,32,50,FALSE,TRUE,0.437464987,0.531139682,18.29348887,0,0
15,TRUE,0.8,SDFA_suffix_model,0.1,64,TRUE,64,50,FALSE,TRUE,0.448673274,0.525667942,12.36150518,0,0
15,TRUE,0.8,SDFA_suffix_model,0.1,64,TRUE,128,50,FALSE,TRUE,0.440295181,0.536044544,9.337233913,0,0
15,FALSE,0.8,SDFA_suffix_model,0.2,64,TRUE,128,50,FALSE,FALSE,0.435707036,0.516711008,7.406015306,0,0
15,TRUE,0.8,SDFA_suffix_model,0.2,64,TRUE,32,50,FALSE,FALSE,0.42881747,0.519857367,18.27607678,0,0
15,TRUE,0.8,SDFA_suffix_model,0.2,64,TRUE,64,50,FALSE,FALSE,0.433315038,0.513528133,12.35648247,0,0
15,TRUE,0.8,SDFA_suffix_model,0.2,64,TRUE,128,50,FALSE,FALSE,0.452419778,0.533404259,9.330657482,0,0
15,FALSE,0.8,SDFA_suffix_model,0.2,64,TRUE,128,50,FALSE,TRUE,0.431144431,0.517983559,7.411619095,0,0
15,TRUE,0.8,SDFA_suffix_model,0.2,64,TRUE,32,50,FALSE,TRUE,0.428842205,0.513423457,18.35212641,0,0
15,TRUE,0.8,SDFA_suffix_model,0.2,64,TRUE,64,50,FALSE,TRUE,0.432853273,0.513489483,12.39855194,0,0
15,TRUE,0.8,SDFA_suffix_model,0.2,64,TRUE,128,50,FALSE,TRUE,0.430115317,0.513532221,9.349917212,0,0
15,FALSE,0.8,SDFA_suffix_model,0.5,64,TRUE,128,50,FALSE,FALSE,0.434563094,0.513504952,7.409103569,0,0
15,TRUE,0.8,SDFA_suffix_model,0.5,64,TRUE,32,50,FALSE,FALSE,0.427064377,0.513281335,18.27946749,0,0
15,TRUE,0.8,SDFA_suffix_model,0.5,64,TRUE,64,50,FALSE,FALSE,0.433511093,0.513446658,12.36192647,0,0
15,TRUE,0.8,SDFA_suffix_model,0.5,64,TRUE,128,50,FALSE,FALSE,0.430566693,0.513450398,9.334460291,0,0
15,FALSE,0.8,SDFA_suffix_model,0.5,64,TRUE,128,50,FALSE,TRUE,0.430234959,0.513518189,7.414037949,0,0
15,TRUE,0.8,SDFA_suffix_model,0.5,64,TRUE,32,50,FALSE,TRUE,0.425639894,0.513345247,18.35617477,0,0
15,TRUE,0.8,SDFA_suffix_model,0.5,64,TRUE,64,50,FALSE,TRUE,0.433586969,0.51344777,12.41266444,0,0
15,TRUE,0.8,SDFA_suffix_model,0.5,64,TRUE,128,50,FALSE,TRUE,0.43031278,0.513662677,9.365688813,0,0
15,FALSE,0.8,suffix_model,0,16,FALSE,128,50,TRUE,FALSE,0.169465338,0.165135897,8.71434818,0,0
15,FALSE,0.8,suffix_model,0,16,FALSE,128,50,FALSE,FALSE,0.48078776,0.553694703,7.035691621,0,0
15,FALSE,0.8,suffix_model,0,32,FALSE,128,50,TRUE,FALSE,0.885301286,0.883672633,8.747876234,0,0
15,FALSE,0.8,suffix_model,0,32,FALSE,128,50,FALSE,FALSE,0.460896335,0.549054795,7.151372822,0,0
15,FALSE,0.8,suffix_model,0,64,FALSE,128,50,TRUE,FALSE,0.882358077,0.879727899,8.696810649,0,0
15,FALSE,0.8,suffix_model,0,64,FALSE,128,50,FALSE,FALSE,0.457587438,0.553200274,7.137565045,0,0
76,FALSE,0.8,SDFA_suffix_model,0.1,16,TRUE,128,50,FALSE,FALSE,0.496839761,0.574425854,7.312807157,0,0
76,TRUE,0.8,SDFA_suffix_model,0.1,16,TRUE,32,50,FALSE,FALSE,0.466762809,0.576057287,18.0053086,0,0
76,TRUE,0.8,SDFA_suffix_model,0.1,16,TRUE,64,50,FALSE,FALSE,0.482092511,0.570713162,12.18778089,0,0
76,TRUE,0.8,SDFA_suffix_model,0.1,16,TRUE,128,50,FALSE,FALSE,0.495330821,0.577227094,9.225442054,0,0
76,FALSE,0.8,SDFA_suffix_model,0.1,16,TRUE,128,50,FALSE,TRUE,0.492443635,0.565368998,7.304710091,0,0
76,TRUE,0.8,SDFA_suffix_model,0.1,16,TRUE,32,50,FALSE,TRUE,0.476134578,0.557187181,18.07168217,0,0
76,TRUE,0.8,SDFA_suffix_model,0.1,16,TRUE,64,50,FALSE,TRUE,0.48691311,0.575927276,12.21778228,0,0
76,TRUE,0.8,SDFA_suffix_model,0.1,16,TRUE,128,50,FALSE,TRUE,0.493953384,0.581451366,9.23802744,0,0
76,FALSE,0.8,SDFA_suffix_model,0.2,16,TRUE,128,50,FALSE,FALSE,0.500655021,0.582416008,7.303281843,0,0
76,TRUE,0.8,SDFA_suffix_model,0.2,16,TRUE,32,50,FALSE,FALSE,0.468140977,0.566261836,18.00040891,0,0
76,TRUE,0.8,SDFA_suffix_model,0.2,16,TRUE,64,50,FALSE,FALSE,0.493324051,0.577605587,12.18796683,0,0
76,TRUE,0.8,SDFA_suffix_model,0.2,16,TRUE,128,50,FALSE,FALSE,0.490710924,0.580992178,9.224230113,0,0
76,FALSE,0.8,SDFA_suffix_model,0.2,16,TRUE,128,50,FALSE,TRUE,0.496753694,0.581674627,7.307591186,0,0
76,TRUE,0.8,SDFA_suffix_model,0.2,16,TRUE,32,50,FALSE,TRUE,0.467064052,0.552112241,18.07944084,0,0
76,TRUE,0.8,SDFA_suffix_model,0.2,16,TRUE,64,50,FALSE,TRUE,0.472364828,0.569640059,12.22206573,0,0
76,TRUE,0.8,SDFA_suffix_model,0.2,16,TRUE,128,50,FALSE,TRUE,0.493914863,0.579395452,9.252467879,0,0
76,FALSE,0.8,SDFA_suffix_model,0.5,16,TRUE,128,50,FALSE,FALSE,0.494372113,0.579155003,7.305887131,0,0
76,TRUE,0.8,SDFA_suffix_model,0.5,16,TRUE,32,50,FALSE,FALSE,0.463177286,0.549144599,18.00128159,0,0
76,TRUE,0.8,SDFA_suffix_model,0.5,16,TRUE,64,50,FALSE,FALSE,0.483593554,0.571680496,12.18143969,0,0
76,TRUE,0.8,SDFA_suffix_model,0.5,16,TRUE,128,50,FALSE,FALSE,0.490228648,0.578904298,9.225000115,0,0
76,FALSE,0.8,SDFA_suffix_model,0.5,16,TRUE,128,50,FALSE,TRUE,0.485877755,0.574789667,7.297561961,0,0
76,TRUE,0.8,SDFA_suffix_model,0.5,16,TRUE,32,50,FALSE,TRUE,0.468390827,0.551128648,18.06728922,0,0
76,TRUE,0.8,SDFA_suffix_model,0.5,16,TRUE,64,50,FALSE,TRUE,0.484749719,0.574535194,12.21897727,0,0
76,TRUE,0.8,SDFA_suffix_model,0.5,16,TRUE,128,50,FALSE,TRUE,0.494308556,0.577300904,9.241048649,0,0
76,FALSE,0.8,SDFA_suffix_model,0.1,32,TRUE,128,50,FALSE,FALSE,0.473278992,0.560570365,7.370133091,0,0
76,TRUE,0.8,SDFA_suffix_model,0.1,32,TRUE,32,50,FALSE,FALSE,0.45170968,0.559269941,18.12991337,0,0
76,TRUE,0.8,SDFA_suffix_model,0.1,32,TRUE,64,50,FALSE,FALSE,0.468157717,0.551778344,12.25961744,0,0
76,TRUE,0.8,SDFA_suffix_model,0.1,32,TRUE,128,50,FALSE,FALSE,0.474511387,0.554163122,9.317947981,0,0
76,FALSE,0.8,SDFA_suffix_model,0.1,32,TRUE,128,50,FALSE,TRUE,0.461044848,0.56697801,7.371622386,0,0
76,TRUE,0.8,SDFA_suffix_model,0.1,32,TRUE,32,50,FALSE,TRUE,0.442548419,0.547674259,18.24062756,0,0
76,TRUE,0.8,SDFA_suffix_model,0.1,32,TRUE,64,50,FALSE,TRUE,0.459179408,0.554696183,12.3149538,0,0
76,TRUE,0.8,SDFA_suffix_model,0.1,32,TRUE,128,50,FALSE,TRUE,0.455683255,0.544854117,9.34605593,0,0
76,FALSE,0.8,SDFA_suffix_model,0.2,32,TRUE,128,50,FALSE,FALSE,0.446235907,0.541705436,7.363007061,0,0
76,TRUE,0.8,SDFA_suffix_model,0.2,32,TRUE,32,50,FALSE,FALSE,0.443543822,0.531899103,18.13583138,0,0
76,TRUE,0.8,SDFA_suffix_model,0.2,32,TRUE,64,50,FALSE,FALSE,0.448841067,0.529286802,12.24995929,0,0
76,TRUE,0.8,SDFA_suffix_model,0.2,32,TRUE,128,50,FALSE,FALSE,0.438544448,0.537595237,9.29946953,0,0
76,FALSE,0.8,SDFA_suffix_model,0.2,32,TRUE,128,50,FALSE,TRUE,0.447814005,0.541288815,7.372053324,0,0
76,TRUE,0.8,SDFA_suffix_model,0.2,32,TRUE,32,50,FALSE,TRUE,0.440043744,0.52606523,18.22498942,0,0
76,TRUE,0.8,SDFA_suffix_model,0.2,32,TRUE,64,50,FALSE,TRUE,0.439724613,0.534762041,12.30491274,0,0
76,TRUE,0.8,SDFA_suffix_model,0.2,32,TRUE,128,50,FALSE,TRUE,0.441965453,0.547696569,9.319404126,0,0
76,FALSE,0.8,SDFA_suffix_model,0.5,32,TRUE,128,50,FALSE,FALSE,0.439563355,0.541808677,7.375264885,0,0
76,TRUE,0.8,SDFA_suffix_model,0.5,32,TRUE,32,50,FALSE,FALSE,0.437154001,0.522111885,18.21381325,0,0
76,TRUE,0.8,SDFA_suffix_model,0.5,32,TRUE,64,50,FALSE,FALSE,0.441328031,0.531103143,12.25791505,0,0
76,TRUE,0.8,SDFA_suffix_model,0.5,32,TRUE,128,50,FALSE,FALSE,0.441817383,0.545677472,9.305944374,0,0
76,FALSE,0.8,SDFA_suffix_model,0.5,32,TRUE,128,50,FALSE,TRUE,0.445336279,0.53434425,7.386719801,0,0
76,TRUE,0.8,SDFA_suffix_model,0.5,32,TRUE,32,50,FALSE,TRUE,0.434679912,0.516082434,18.2573754,0,0
76,TRUE,0.8,SDFA_suffix_model,0.5,32,TRUE,64,50,FALSE,TRUE,0.451928411,0.528518371,12.30398803,0,0
76,TRUE,0.8,SDFA_suffix_model,0.5,32,TRUE,128,50,FALSE,TRUE,0.439516206,0.539270919,9.329883597,0,0
76,FALSE,0.8,SDFA_suffix_model,0.1,64,TRUE,128,50,FALSE,FALSE,0.462526668,0.562860395,7.394642629,0,0
76,TRUE,0.8,SDFA_suffix_model,0.1,64,TRUE,32,50,FALSE,FALSE,0.439517822,0.54674191,18.23117265,0,0
76,TRUE,0.8,SDFA_suffix_model,0.1,64,TRUE,64,50,FALSE,FALSE,0.451665078,0.539079174,12.3320764,0,0
76,TRUE,0.8,SDFA_suffix_model,0.1,64,TRUE,128,50,FALSE,FALSE,0.44463507,0.528648197,9.346570002,0,0
76,FALSE,0.8,SDFA_suffix_model,0.1,64,TRUE,128,50,FALSE,TRUE,0.442482206,0.53616774,7.395487568,0,0
76,TRUE,0.8,SDFA_suffix_model,0.1,64,TRUE,32,50,FALSE,TRUE,0.436722142,0.521165543,18.33616888,0,0
76,TRUE,0.8,SDFA_suffix_model,0.1,64,TRUE,64,50,FALSE,TRUE,0.441439749,0.519829496,12.36076108,0,0
76,TRUE,0.8,SDFA_suffix_model,0.1,64,TRUE,128,50,FALSE,TRUE,0.452684962,0.530638248,9.351158043,0,0
76,FALSE,0.8,SDFA_suffix_model,0.2,64,TRUE,128,50,FALSE,FALSE,0.445745908,0.53005144,7.414111414,0,0
76,TRUE,0.8,SDFA_suffix_model,0.2,64,TRUE,32,50,FALSE,FALSE,0.429712349,0.519616628,18.27309888,0,0
76,TRUE,0.8,SDFA_suffix_model,0.2,64,TRUE,64,50,FALSE,FALSE,0.433514859,0.513456707,12.34628519,0,0
76,TRUE,0.8,SDFA_suffix_model,0.2,64,TRUE,128,50,FALSE,FALSE,0.445741091,0.531238321,9.332225577,0,0
76,FALSE,0.8,SDFA_suffix_model,0.2,64,TRUE,128,50,FALSE,TRUE,0.443247813,0.529858884,7.406099029,0,0
76,TRUE,0.8,SDFA_suffix_model,0.2,64,TRUE,32,50,FALSE,TRUE,0.431766887,0.514497538,18.36690963,0,0
76,TRUE,0.8,SDFA_suffix_model,0.2,64,TRUE,64,50,FALSE,TRUE,0.439636445,0.519117342,12.3913471,0,0
76,TRUE,0.8,SDFA_suffix_model,0.2,64,TRUE,128,50,FALSE,TRUE,0.431649244,0.513511881,9.362080553,0,0
76,FALSE,0.8,SDFA_suffix_model,0.5,64,TRUE,128,50,FALSE,FALSE,0.431063124,0.513585298,7.415515444,0,0
76,TRUE,0.8,SDFA_suffix_model,0.5,64,TRUE,32,50,FALSE,FALSE,0.436777989,0.521185877,18.30592879,0,0
76,TRUE,0.8,SDFA_suffix_model,0.5,64,TRUE,64,50,FALSE,FALSE,0.432761797,0.513429908,12.35726415,0,0
76,TRUE,0.8,SDFA_suffix_model,0.5,64,TRUE,128,50,FALSE,FALSE,0.429714616,0.513455587,9.339128481,0,0
76,FALSE,0.8,SDFA_suffix_model,0.5,64,TRUE,128,50,FALSE,TRUE,0.429808907,0.513515223,7.416857131,0,0
76,TRUE,0.8,SDFA_suffix_model,0.5,64,TRUE,32,50,FALSE,TRUE,0.427099978,0.51334081,18.35885702,0,0
76,TRUE,0.8,SDFA_suffix_model,0.5,64,TRUE,64,50,FALSE,TRUE,0.432879732,0.513531206,12.39892415,0,0
76,TRUE,0.8,SDFA_suffix_model,0.5,64,TRUE,128,50,FALSE,TRUE,0.429549077,0.513418519,9.355709871,0,0
76,FALSE,0.8,suffix_model,0,16,FALSE,128,50,TRUE,FALSE,0.46902255,0.886101874,8.710829471,0,0
76,FALSE,0.8,suffix_model,0,16,FALSE,128,50,FALSE,FALSE,0.476599133,0.563369157,7.026446742,0,0
76,FALSE,0.8,suffix_model,0,32,FALSE,128,50,TRUE,FALSE,0.780339879,0.898291778,8.81691196,0,0
76,FALSE,0.8,suffix_model,0,32,FALSE,128,50,FALSE,FALSE,0.453742352,0.582241281,7.155027853,0,0
76,FALSE,0.8,suffix_model,0,64,FALSE,128,50,TRUE,FALSE,0.754180694,0.893689915,8.887981112,0,0
76,FALSE,0.8,suffix_model,0,64,FALSE,128,50,FALSE,FALSE,0.443214933,0.541382483,7.131530995,0,0
23,FALSE,0.8,SDFA_suffix_model,0.1,16,TRUE,128,50,FALSE,FALSE,0.485938588,0.600174518,7.337791959,0,0
23,TRUE,0.8,SDFA_suffix_model,0.1,16,TRUE,32,50,FALSE,FALSE,0.450639575,0.557412374,18.03539297,0,0
23,TRUE,0.8,SDFA_suffix_model,0.1,16,TRUE,64,50,FALSE,FALSE,0.460364622,0.567703528,12.0946675,0,0
23,TRUE,0.8,SDFA_suffix_model,0.1,16,TRUE,128,50,FALSE,FALSE,0.470286559,0.597866053,9.109946167,0,0
23,FALSE,0.8,SDFA_suffix_model,0.1,16,TRUE,128,50,FALSE,TRUE,0.482445459,0.600437559,7.248130114,0,0
23,TRUE,0.8,SDFA_suffix_model,0.1,16,TRUE,32,50,FALSE,TRUE,0.441004157,0.55957342,17.81075542,0,0
23,TRUE,0.8,SDFA_suffix_model,0.1,16,TRUE,64,50,FALSE,TRUE,0.465651927,0.585477855,12.02018247,0,0
23,TRUE,0.8,SDFA_suffix_model,0.1,16,TRUE,128,50,FALSE,TRUE,0.472896649,0.599725434,9.060183067,0,0
23,FALSE,0.8,SDFA_suffix_model,0.2,16,TRUE,128,50,FALSE,FALSE,0.447789903,0.5760749,7.177232314,0,0
23,TRUE,0.8,SDFA_suffix_model,0.2,16,TRUE,32,50,FALSE,FALSE,0.442544735,0.538745333,17.71043775,0,0
23,TRUE,0.8,SDFA_suffix_model,0.2,16,TRUE,64,50,FALSE,FALSE,0.448760571,0.582312029,11.96377883,0,0
23,TRUE,0.8,SDFA_suffix_model,0.2,16,TRUE,128,50,FALSE,FALSE,0.452249944,0.58377871,9.034581318,0,0
23,FALSE,0.8,SDFA_suffix_model,0.2,16,TRUE,128,50,FALSE,TRUE,0.467929009,0.600693145,7.186319297,0,0
23,TRUE,0.8,SDFA_suffix_model,0.2,16,TRUE,32,50,FALSE,TRUE,0.437963871,0.543126535,17.77637599,0,0
23,TRUE,0.8,SDFA_suffix_model,0.2,16,TRUE,64,50,FALSE,TRUE,0.46761031,0.563117517,12.00606208,0,0
23,TRUE,0.8,SDFA_suffix_model,0.2,16,TRUE,128,50,FALSE,TRUE,0.457294871,0.591068005,9.063523311,0,0
23,FALSE,0.8,SDFA_suffix_model,0.5,16,TRUE,128,50,FALSE,FALSE,0.454370459,0.545612088,7.177740334,0,0
23,TRUE,0.8,SDFA_suffix_model,0.5,16,TRUE,32,50,FALSE,FALSE,0.454211194,0.529219811,17.7165557,0,0
23,TRUE,0.8,SDFA_suffix_model,0.5,16,TRUE,64,50,FALSE,FALSE,0.463724183,0.550047597,11.97224611,0,0
23,TRUE,0.8,SDFA_suffix_model,0.5,16,TRUE,128,50,FALSE,FALSE,0.469204989,0.566208153,9.03802222,0,0
23,FALSE,0.8,SDFA_suffix_model,0.5,16,TRUE,128,50,FALSE,TRUE,0.453481267,0.552133834,7.209477292,0,0
23,TRUE,0.8,SDFA_suffix_model,0.5,16,TRUE,32,50,FALSE,TRUE,0.44467941,0.529978043,17.8832664,0,0
23,TRUE,0.8,SDFA_suffix_model,0.5,16,TRUE,64,50,FALSE,TRUE,0.465756982,0.541434118,12.33693106,0,0
23,TRUE,0.8,SDFA_suffix_model,0.5,16,TRUE,128,50,FALSE,TRUE,0.463702278,0.563530546,9.413432512,0,0
23,FALSE,0.8,SDFA_suffix_model,0.1,32,TRUE,128,50,FALSE,FALSE,0.467990509,0.550064055,7.600783913,0,0
23,TRUE,0.8,SDFA_suffix_model,0.1,32,TRUE,32,50,FALSE,FALSE,0.442921861,0.548620045,19.2100502,0,0
23,TRUE,0.8,SDFA_suffix_model,0.1,32,TRUE,64,50,FALSE,FALSE,0.448982845,0.54896699,12.79106701,0,0
23,TRUE,0.8,SDFA_suffix_model,0.1,32,TRUE,128,50,FALSE,FALSE,0.463428793,0.540077327,9.666872949,0,0
23,FALSE,0.8,SDFA_suffix_model,0.1,32,TRUE,128,50,FALSE,TRUE,0.464520054,0.545298072,7.604014683,0,0
23,TRUE,0.8,SDFA_suffix_model,0.1,32,TRUE,32,50,FALSE,TRUE,0.440901231,0.529455862,18.98265445,0,0
23,TRUE,0.8,SDFA_suffix_model,0.1,32,TRUE,64,50,FALSE,TRUE,0.455707125,0.539915503,12.33483635,0,0
23,TRUE,0.8,SDFA_suffix_model,0.1,32,TRUE,128,50,FALSE,TRUE,0.462818168,0.546010811,9.675617608,0,0
23,FALSE,0.8,SDFA_suffix_model,0.2,32,TRUE,128,50,FALSE,FALSE,0.461019076,0.545771958,7.671313575,0,0
23,TRUE,0.8,SDFA_suffix_model,0.2,32,TRUE,32,50,FALSE,FALSE,0.433862912,0.525046318,18.70077712,0,0
23,TRUE,0.8,SDFA_suffix_model,0.2,32,TRUE,64,50,FALSE,FALSE,0.459454415,0.544175133,12.65341261,0,0
23,TRUE,0.8,SDFA_suffix_model,0.2,32,TRUE,128,50,FALSE,FALSE,0.458836698,0.543843029,9.385147529,0,0
23,FALSE,0.8,SDFA_suffix_model,0.2,32,TRUE,128,50,FALSE,TRUE,0.44914506,0.544835103,7.254741788,0,0
23,TRUE,0.8,SDFA_suffix_model,0.2,32,TRUE,32,50,FALSE,TRUE,0.433756901,0.528538904,17.98862772,0,0
23,TRUE,0.8,SDFA_suffix_model,0.2,32,TRUE,64,50,FALSE,TRUE,0.453967324,0.539897102,12.07805606,0,0
23,TRUE,0.8,SDFA_suffix_model,0.2,32,TRUE,128,50,FALSE,TRUE,0.441888083,0.535369984,9.375460663,0,0
23,FALSE,0.8,SDFA_suffix_model,0.5,32,TRUE,128,50,FALSE,FALSE,0.452914039,0.53135986,7.249841394,0,0
23,TRUE,0.8,SDFA_suffix_model,0.5,32,TRUE,32,50,FALSE,FALSE,0.438944848,0.52507762,17.92810843,0,0
23,TRUE,0.8,SDFA_suffix_model,0.5,32,TRUE,64,50,FALSE,FALSE,0.435688581,0.5133572,12.06803727,0,0
23,TRUE,0.8,SDFA_suffix_model,0.5,32,TRUE,128,50,FALSE,FALSE,0.454741564,0.551616228,9.121286331,0,0
23,FALSE,0.8,SDFA_suffix_model,0.5,32,TRUE,128,50,FALSE,TRUE,0.451783977,0.534238058,7.25821331,0,0
23,TRUE,0.8,SDFA_suffix_model,0.5,32,TRUE,32,50,FALSE,TRUE,0.43681849,0.522860051,18.02570811,0,0
23,TRUE,0.8,SDFA_suffix_model,0.5,32,TRUE,64,50,FALSE,TRUE,0.445176845,0.526928115,12.12113102,0,0
23,TRUE,0.8,SDFA_suffix_model,0.5,32,TRUE,128,50,FALSE,TRUE,0.439056987,0.5338669,9.136570034,0,0
23,FALSE,0.8,SDFA_suffix_model,0.1,64,TRUE,128,50,FALSE,FALSE,0.471754409,0.549736732,7.261089059,0,0
23,TRUE,0.8,SDFA_suffix_model,0.1,64,TRUE,32,50,FALSE,FALSE,0.44620385,0.563408731,17.88707023,0,0
23,TRUE,0.8,SDFA_suffix_model,0.1,64,TRUE,64,50,FALSE,FALSE,0.455910678,0.55123074,12.08201458,0,0
23,TRUE,0.8,SDFA_suffix_model,0.1,64,TRUE,128,50,FALSE,FALSE,0.459561353,0.542710246,9.120100805,0,0
23,FALSE,0.8,SDFA_suffix_model,0.1,64,TRUE,128,50,FALSE,TRUE,0.430234878,0.520036326,7.259321554,0,0
23,TRUE,0.8,SDFA_suffix_model,0.1,64,TRUE,32,50,FALSE,TRUE,0.434265599,0.521761819,17.98179791,0,0
23,TRUE,0.8,SDFA_suffix_model,0.1,64,TRUE,64,50,FALSE,TRUE,0.444829028,0.521079465,12.12767999,0,0
23,TRUE,0.8,SDFA_suffix_model,0.1,64,TRUE,128,50,FALSE,TRUE,0.434419607,0.513666935,9.156916966,0,0
23,FALSE,0.8,SDFA_suffix_model,0.2,64,TRUE,128,50,FALSE,FALSE,0.444909484,0.524429101,7.283032405,0,0
23,TRUE,0.8,SDFA_suffix_model,0.2,64,TRUE,32,50,FALSE,FALSE,0.428470061,0.514393449,17.89966516,0,0
23,TRUE,0.8,SDFA_suffix_model,0.2,64,TRUE,64,50,FALSE,FALSE,0.441196974,0.520949625,12.09370282,0,0
23,TRUE,0.8,SDFA_suffix_model,0.2,64,TRUE,128,50,FALSE,FALSE,0.430579219,0.5133582,9.129990141,0,0
23,FALSE,0.8,SDFA_suffix_model,0.2,64,TRUE,128,50,FALSE,TRUE,0.430169226,0.513240718,7.283787398,0,0
23,TRUE,0.8,SDFA_suffix_model,0.2,64,TRUE,32,50,FALSE,TRUE,0.427375548,0.514454454,18.01081656,0,0
23,TRUE,0.8,SDFA_suffix_model,0.2,64,TRUE,64,50,FALSE,TRUE,0.433482556,0.513312783,12.16701441,0,0
23,TRUE,0.8,SDFA_suffix_model,0.2,64,TRUE,128,50,FALSE,TRUE,0.430543127,0.51347126,9.484028487,0,0
23,FALSE,0.8,SDFA_suffix_model,0.5,64,TRUE,128,50,FALSE,FALSE,0.438422948,0.521270315,7.663518499,0,0
23,TRUE,0.8,SDFA_suffix_model,0.5,64,TRUE,32,50,FALSE,FALSE,0.429445886,0.514850554,19.38463038,0,0
23,TRUE,0.8,SDFA_suffix_model,0.5,64,TRUE,64,50,FALSE,FALSE,0.433574965,0.513438875,12.79287329,0,0
23,TRUE,0.8,SDFA_suffix_model,0.5,64,TRUE,128,50,FALSE,FALSE,0.430143977,0.513556218,9.5274345,0,0
23,FALSE,0.8,SDFA_suffix_model,0.5,64,TRUE,128,50,FALSE,TRUE,0.430341428,0.513537032,7.676715319,0,0
23,TRUE,0.8,SDFA_suffix_model,0.5,64,TRUE,32,50,FALSE,TRUE,0.427668974,0.513314414,19.31841047,0,0
23,TRUE,0.8,SDFA_suffix_model,0.5,64,TRUE,64,50,FALSE,TRUE,0.433002909,0.513300608,12.89542737,0,0
23,TRUE,0.8,SDFA_suffix_model,0.5,64,TRUE,128,50,FALSE,TRUE,0.430191988,0.513511579,9.462787529,0,0
23,FALSE,0.8,suffix_model,0,16,FALSE,128,50,TRUE,FALSE,0.649699771,0.882330033,8.93949152,0,0
23,FALSE,0.8,suffix_model,0,16,FALSE,128,50,FALSE,FALSE,0.464949228,0.545363746,6.901461137,0,0
23,FALSE,0.8,suffix_model,0,32,FALSE,128,50,TRUE,FALSE,0.649699771,0.883408843,8.785752817,0,0
23,FALSE,0.8,suffix_model,0,32,FALSE,128,50,FALSE,FALSE,0.442001866,0.541181696,7.019198579,0,0
23,FALSE,0.8,suffix_model,0,64,FALSE,128,50,TRUE,FALSE,0.459792391,0.887066878,8.846062763,0,0
23,FALSE,0.8,suffix_model,0,64,FALSE,128,50,FALSE,FALSE,0.443121347,0.540963109,7.16731466,0,0
42,FALSE,0.8,SDFA_suffix_model,0.1,16,TRUE,128,50,FALSE,FALSE,0.530262962,0.635562096,7.175311319,0,0
42,TRUE,0.8,SDFA_suffix_model,0.1,16,TRUE,32,50,FALSE,FALSE,0.510949441,0.616171351,17.68822667,0,0
42,TRUE,0.8,SDFA_suffix_model,0.1,16,TRUE,64,50,FALSE,FALSE,0.510195321,0.613542826,11.95469301,0,0
42,TRUE,0.8,SDFA_suffix_model,0.1,16,TRUE,128,50,FALSE,FALSE,0.543326934,0.646090704,9.027698047,0,0
42,FALSE,0.8,SDFA_suffix_model,0.1,16,TRUE,128,50,FALSE,TRUE,0.544297231,0.649568575,7.17526766,0,0
42,TRUE,0.8,SDFA_suffix_model,0.1,16,TRUE,32,50,FALSE,TRUE,0.505292493,0.588320346,17.7535627,0,0
42,TRUE,0.8,SDFA_suffix_model,0.1,16,TRUE,64,50,FALSE,TRUE,0.520400982,0.61720035,11.97672432,0,0
42,TRUE,0.8,SDFA_suffix_model,0.1,16,TRUE,128,50,FALSE,TRUE,0.540072489,0.64049377,9.05107502,0,0
42,FALSE,0.8,SDFA_suffix_model,0.2,16,TRUE,128,50,FALSE,FALSE,0.530078873,0.620452658,7.169196812,0,0
42,TRUE,0.8,SDFA_suffix_model,0.2,16,TRUE,32,50,FALSE,FALSE,0.510267943,0.600147312,17.68114901,0,0
42,TRUE,0.8,SDFA_suffix_model,0.2,16,TRUE,64,50,FALSE,FALSE,0.525589483,0.604215864,11.9750423,0,0
42,TRUE,0.8,SDFA_suffix_model,0.2,16,TRUE,128,50,FALSE,FALSE,0.525341796,0.639239653,9.038067938,0,0
42,FALSE,0.8,SDFA_suffix_model,0.2,16,TRUE,128,50,FALSE,TRUE,0.534795954,0.612080351,7.173198934,0,0
42,TRUE,0.8,SDFA_suffix_model,0.2,16,TRUE,32,50,FALSE,TRUE,0.492515174,0.582943544,17.7778782,0,0
42,TRUE,0.8,SDFA_suffix_model,0.2,16,TRUE,64,50,FALSE,TRUE,0.521447311,0.61037286,12.02508063,0,0
42,TRUE,0.8,SDFA_suffix_model,0.2,16,TRUE,128,50,FALSE,TRUE,0.511160489,0.612628293,9.051133109,0,0
42,FALSE,0.8,SDFA_suffix_model,0.5,16,TRUE,128,50,FALSE,FALSE,0.5373637,0.636580751,7.185272751,0,0
42,TRUE,0.8,SDFA_suffix_model,0.5,16,TRUE,32,50,FALSE,FALSE,0.493135126,0.58549108,17.70103979,0,0
42,TRUE,0.8,SDFA_suffix_model,0.5,16,TRUE,64,50,FALSE,FALSE,0.520804608,0.610665516,11.94858921,0,0
42,TRUE,0.8,SDFA_suffix_model,0.5,16,TRUE,128,50,FALSE,FALSE,0.539411716,0.631903149,9.029604478,0,0
42,FALSE,0.8,SDFA_suffix_model,0.5,16,TRUE,128,50,FALSE,TRUE,0.527470097,0.623378659,7.167460216,0,0
42,TRUE,0.8,SDFA_suffix_model,0.5,16,TRUE,32,50,FALSE,TRUE,0.488733443,0.581155645,17.77294362,0,0
42,TRUE,0.8,SDFA_suffix_model,0.5,16,TRUE,64,50,FALSE,TRUE,0.504821038,0.592256464,11.98419514,0,0
42,TRUE,0.8,SDFA_suffix_model,0.5,16,TRUE,128,50,FALSE,TRUE,0.512626371,0.621290265,9.066073538,0,0
42,FALSE,0.8,SDFA_suffix_model,0.1,32,TRUE,128,50,FALSE,FALSE,0.481442405,0.57587492,7.232177477,0,0
42,TRUE,0.8,SDFA_suffix_model,0.1,32,TRUE,32,50,FALSE,FALSE,0.466415507,0.560718611,17.82261007,0,0
42,TRUE,0.8,SDFA_suffix_model,0.1,32,TRUE,64,50,FALSE,FALSE,0.459798287,0.569663839,12.00118804,0,0
42,TRUE,0.8,SDFA_suffix_model,0.1,32,TRUE,128,50,FALSE,FALSE,0.480384091,0.561326486,9.10323937,0,0
42,FALSE,0.8,SDFA_suffix_model,0.1,32,TRUE,128,50,FALSE,TRUE,0.470703964,0.559061399,7.224294419,0,0
42,TRUE,0.8,SDFA_suffix_model,0.1,32,TRUE,32,50,FALSE,TRUE,0.465153928,0.553183293,17.87045699,0,0
42,TRUE,0.8,SDFA_suffix_model,0.1,32,TRUE,64,50,FALSE,TRUE,0.476591721,0.554869454,12.02361419,0,0
42,TRUE,0.8,SDFA_suffix_model,0.1,32,TRUE,128,50,FALSE,TRUE,0.468551378,0.563735347,9.100938654,0,0
42,FALSE,0.8,SDFA_suffix_model,0.2,32,TRUE,128,50,FALSE,FALSE,0.466599832,0.555106868,7.228231707,0,0
42,TRUE,0.8,SDFA_suffix_model,0.2,32,TRUE,32,50,FALSE,FALSE,0.441046619,0.534445481,17.8010619,0,0
42,TRUE,0.8,SDFA_suffix_model,0.2,32,TRUE,64,50,FALSE,FALSE,0.450702268,0.537836241,11.99978478,0,0
42,TRUE,0.8,SDFA_suffix_model,0.2,32,TRUE,128,50,FALSE,FALSE,0.468618463,0.557462847,9.085480339,0,0
42,FALSE,0.8,SDFA_suffix_model,0.2,32,TRUE,128,50,FALSE,TRUE,0.461230163,0.553448867,7.2339218,0,0
42,TRUE,0.8,SDFA_suffix_model,0.2,32,TRUE,32,50,FALSE,TRUE,0.451966892,0.534626574,17.88273596,0,0
42,TRUE,0.8,SDFA_suffix_model,0.2,32,TRUE,64,50,FALSE,TRUE,0.464320866,0.548709166,12.04068555,0,0
42,TRUE,0.8,SDFA_suffix_model,0.2,32,TRUE,128,50,FALSE,TRUE,0.475662323,0.555055885,9.108517023,0,0
42,FALSE,0.8,SDFA_suffix_model,0.5,32,TRUE,128,50,FALSE,FALSE,0.45650051,0.540087503,7.236379344,0,0
42,TRUE,0.8,SDFA_suffix_model,0.5,32,TRUE,32,50,FALSE,FALSE,0.445699794,0.533331929,17.82936547,0,0
42,TRUE,0.8,SDFA_suffix_model,0.5,32,TRUE,64,50,FALSE,FALSE,0.466242181,0.545254238,12.01791112,0,0
42,TRUE,0.8,SDFA_suffix_model,0.5,32,TRUE,128,50,FALSE,FALSE,0.459217779,0.534088231,9.110413471,0,0
42,FALSE,0.8,SDFA_suffix_model,0.5,32,TRUE,128,50,FALSE,TRUE,0.446486601,0.544917338,7.239424002,0,0
42,TRUE,0.8,SDFA_suffix_model,0.5,32,TRUE,32,50,FALSE,TRUE,0.446184044,0.533777615,17.90158165,0,0
42,TRUE,0.8,SDFA_suffix_model,0.5,32,TRUE,64,50,FALSE,TRUE,0.451381962,0.530013443,12.05146174,0,0
42,TRUE,0.8,SDFA_suffix_model,0.5,32,TRUE,128,50,FALSE,TRUE,0.458554247,0.532411268,9.124186246,0,0
42,FALSE,0.8,SDFA_suffix_model,0.1,64,TRUE,128,50,FALSE,FALSE,0.457942079,0.547082356,7.272200317,0,0
42,TRUE,0.8,SDFA_suffix_model,0.1,64,TRUE,32,50,FALSE,FALSE,0.425450723,0.539236142,17.87615823,0,0
42,TRUE,0.8,SDFA_suffix_model,0.1,64,TRUE,64,50,FALSE,FALSE,0.441696801,0.532996149,12.12281853,0,0
42,TRUE,0.8,SDFA_suffix_model,0.1,64,TRUE,128,50,FALSE,FALSE,0.444771164,0.529934082,9.121421026,0,0
42,FALSE,0.8,SDFA_suffix_model,0.1,64,TRUE,128,50,FALSE,TRUE,0.443629834,0.529910238,7.250069323,0,0
42,TRUE,0.8,SDFA_suffix_model,0.1,64,TRUE,32,50,FALSE,TRUE,0.43732715,0.52639739,17.95433679,0,0
42,TRUE,0.8,SDFA_suffix_model,0.1,64,TRUE,64,50,FALSE,TRUE,0.446844857,0.527375405,12.12446055,0,0
42,TRUE,0.8,SDFA_suffix_model,0.1,64,TRUE,128,50,FALSE,TRUE,0.436900014,0.527990054,9.164228168,0,0
42,FALSE,0.8,SDFA_suffix_model,0.2,64,TRUE,128,50,FALSE,FALSE,0.440853859,0.53309995,7.262814778,0,0
42,TRUE,0.8,SDFA_suffix_model,0.2,64,TRUE,32,50,FALSE,FALSE,0.435470027,0.521558747,17.94745328,0,0
42,TRUE,0.8,SDFA_suffix_model,0.2,64,TRUE,64,50,FALSE,FALSE,0.44013745,0.532820919,12.13182969,0,0
42,TRUE,0.8,SDFA_suffix_model,0.2,64,TRUE,128,50,FALSE,FALSE,0.4416166,0.533190367,9.132371524,0,0
42,FALSE,0.8,SDFA_suffix_model,0.2,64,TRUE,128,50,FALSE,TRUE,0.444135528,0.525576063,8.84486784,0,0
42,TRUE,0.8,SDFA_suffix_model,0.2,64,TRUE,32,50,FALSE,TRUE,0.426773997,0.513351956,22.32661709,0,0
42,TRUE,0.8,SDFA_suffix_model,0.2,64,TRUE,64,50,FALSE,TRUE,0.444443534,0.524070236,13.2099885,0,0
42,TRUE,0.8,SDFA_suffix_model,0.2,64,TRUE,128,50,FALSE,TRUE,0.445024171,0.525465501,12.02446143,0,0
42,FALSE,0.8,SDFA_suffix_model,0.5,64,TRUE,128,50,FALSE,FALSE,0.442350243,0.524663929,7.258491614,0,0
42,TRUE,0.8,SDFA_suffix_model,0.5,64,TRUE,32,50,FALSE,FALSE,0.430395474,0.51650101,17.92235872,0,0
42,TRUE,0.8,SDFA_suffix_model,0.5,64,TRUE,64,50,FALSE,FALSE,0.441526162,0.521403635,12.09449331,0,0
42,TRUE,0.8,SDFA_suffix_model,0.5,64,TRUE,128,50,FALSE,FALSE,0.439991034,0.531875056,9.128060351,0,0
42,FALSE,0.8,SDFA_suffix_model,0.5,64,TRUE,128,50,FALSE,TRUE,0.444385518,0.525429476,7.81241398,0,0
42,TRUE,0.8,SDFA_suffix_model,0.5,64,TRUE,32,50,FALSE,TRUE,0.438432697,0.524904419,25.36657248,0,0
42,TRUE,0.8,SDFA_suffix_model,0.5,64,TRUE,64,50,FALSE,TRUE,0.444279776,0.523841786,17.24116169,0,0
42,TRUE,0.8,SDFA_suffix_model,0.5,64,TRUE,128,50,FALSE,TRUE,0.441552405,0.522979906,12.42061628,0,0
42,FALSE,0.8,suffix_model,0,16,FALSE,128,50,TRUE,FALSE,0.881043778,0.883630015,11.64905544,0,0
42,FALSE,0.8,suffix_model,0,16,FALSE,128,50,FALSE,FALSE,0.468852651,0.537251686,7.959808412,0,0
42,FALSE,0.8,suffix_model,0,32,FALSE,128,50,TRUE,FALSE,0.649699771,0.903537505,10.40675786,0,0
42,FALSE,0.8,suffix_model,0,32,FALSE,128,50,FALSE,FALSE,0.458885599,0.548841039,8.227658777,0,0
42,FALSE,0.8,suffix_model,0,64,FALSE,128,50,TRUE,FALSE,0.323743332,0.901203904,11.12690229,0,0
42,FALSE,0.8,suffix_model,0,64,FALSE,128,50,FALSE,FALSE,0.444226896,0.541470313,8.471417859,0,0
4,FALSE,0.8,SDFA_suffix_model,0.1,16,TRUE,128,50,FALSE,FALSE,0.488499716,0.571434705,7.364980388,0,0
4,TRUE,0.8,SDFA_suffix_model,0.1,16,TRUE,32,50,FALSE,FALSE,0.484955245,0.581702412,17.94263059,0,0
4,TRUE,0.8,SDFA_suffix_model,0.1,16,TRUE,64,50,FALSE,FALSE,0.496177459,0.576840917,12.16610626,0,0
4,TRUE,0.8,SDFA_suffix_model,0.1,16,TRUE,128,50,FALSE,FALSE,0.517808065,0.596283947,9.243768989,0,0
4,FALSE,0.8,SDFA_suffix_model,0.1,16,TRUE,128,50,FALSE,TRUE,0.509860356,0.598136612,7.293581618,0,0
4,TRUE,0.8,SDFA_suffix_model,0.1,16,TRUE,32,50,FALSE,TRUE,0.476313487,0.582746467,18.01000788,0,0
4,TRUE,0.8,SDFA_suffix_model,0.1,16,TRUE,64,50,FALSE,TRUE,0.510473471,0.606936853,12.19545071,0,0
4,TRUE,0.8,SDFA_suffix_model,0.1,16,TRUE,128,50,FALSE,TRUE,0.511852228,0.607576805,9.249161268,0,0
4,FALSE,0.8,SDFA_suffix_model,0.2,16,TRUE,128,50,FALSE,FALSE,0.519345415,0.614764512,7.301948958,0,0
4,TRUE,0.8,SDFA_suffix_model,0.2,16,TRUE,32,50,FALSE,FALSE,0.488894193,0.575338179,17.94179,0,0
4,TRUE,0.8,SDFA_suffix_model,0.2,16,TRUE,64,50,FALSE,FALSE,0.512380496,0.607987965,12.17828819,0,0
4,TRUE,0.8,SDFA_suffix_model,0.2,16,TRUE,128,50,FALSE,FALSE,0.518407966,0.616681879,9.235036844,0,0
4,FALSE,0.8,SDFA_suffix_model,0.2,16,TRUE,128,50,FALSE,TRUE,0.525125933,0.606132388,7.300565892,0,0
4,TRUE,0.8,SDFA_suffix_model,0.2,16,TRUE,32,50,FALSE,TRUE,0.496769725,0.570322405,18.01200729,0,0
4,TRUE,0.8,SDFA_suffix_model,0.2,16,TRUE,64,50,FALSE,TRUE,0.511825598,0.585409173,12.19915912,0,0
4,TRUE,0.8,SDFA_suffix_model,0.2,16,TRUE,128,50,FALSE,TRUE,0.521051791,0.613740748,9.25433824,0,0
4,FALSE,0.8,SDFA_suffix_model,0.5,16,TRUE,128,50,FALSE,FALSE,0.521870563,0.588656046,7.299090327,0,0
4,TRUE,0.8,SDFA_suffix_model,0.5,16,TRUE,32,50,FALSE,FALSE,0.487430589,0.575313834,17.92409785,0,0
4,TRUE,0.8,SDFA_suffix_model,0.5,16,TRUE,64,50,FALSE,FALSE,0.5137038,0.585231323,12.15778381,0,0
4,TRUE,0.8,SDFA_suffix_model,0.5,16,TRUE,128,50,FALSE,FALSE,0.521109713,0.611101307,9.23891463,0,0
4,FALSE,0.8,SDFA_suffix_model,0.5,16,TRUE,128,50,FALSE,TRUE,0.52230738,0.588658184,7.292814387,0,0
4,TRUE,0.8,SDFA_suffix_model,0.5,16,TRUE,32,50,FALSE,TRUE,0.495320187,0.575905044,18.00803788,0,0
4,TRUE,0.8,SDFA_suffix_model,0.5,16,TRUE,64,50,FALSE,TRUE,0.501254467,0.561891569,12.20453692,0,0
4,TRUE,0.8,SDFA_suffix_model,0.5,16,TRUE,128,50,FALSE,TRUE,0.509923116,0.581611477,9.24478041,0,0
4,FALSE,0.8,SDFA_suffix_model,0.1,32,TRUE,128,50,FALSE,FALSE,0.472614145,0.573285862,7.346580414,0,0
4,TRUE,0.8,SDFA_suffix_model,0.1,32,TRUE,32,50,FALSE,FALSE,0.440917499,0.548710031,18.04855413,0,0
4,TRUE,0.8,SDFA_suffix_model,0.1,32,TRUE,64,50,FALSE,FALSE,0.461596163,0.56053932,12.21266275,0,0
4,TRUE,0.8,SDFA_suffix_model,0.1,32,TRUE,128,50,FALSE,FALSE,0.464920764,0.551558231,9.300041718,0,0
4,FALSE,0.8,SDFA_suffix_model,0.1,32,TRUE,128,50,FALSE,TRUE,0.466673257,0.552153356,7.353107558,0,0
4,TRUE,0.8,SDFA_suffix_model,0.1,32,TRUE,32,50,FALSE,TRUE,0.441194738,0.550898495,18.11514857,0,0
4,TRUE,0.8,SDFA_suffix_model,0.1,32,TRUE,64,50,FALSE,TRUE,0.461934516,0.548612651,12.23785474,0,0
4,TRUE,0.8,SDFA_suffix_model,0.1,32,TRUE,128,50,FALSE,TRUE,0.46556477,0.547463543,9.319457231,0,0
4,FALSE,0.8,SDFA_suffix_model,0.2,32,TRUE,128,50,FALSE,FALSE,0.463570819,0.547659478,7.345651748,0,0
4,TRUE,0.8,SDFA_suffix_model,0.2,32,TRUE,32,50,FALSE,FALSE,0.435364611,0.530702353,18.02859734,0,0
4,TRUE,0.8,SDFA_suffix_model,0.2,32,TRUE,64,50,FALSE,FALSE,0.450220989,0.540513741,12.21979914,0,0
4,TRUE,0.8,SDFA_suffix_model,0.2,32,TRUE,128,50,FALSE,FALSE,0.462644324,0.54994908,9.292011738,0,0
4,FALSE,0.8,SDFA_suffix_model,0.2,32,TRUE,128,50,FALSE,TRUE,0.465818605,0.550101045,7.347907604,0,0
4,TRUE,0.8,SDFA_suffix_model,0.2,32,TRUE,32,50,FALSE,TRUE,0.435935896,0.526096034,18.1390961,0,0
4,TRUE,0.8,SDFA_suffix_model,0.2,32,TRUE,64,50,FALSE,TRUE,0.433693346,0.513469037,12.25556749,0,0
4,TRUE,0.8,SDFA_suffix_model,0.2,32,TRUE,128,50,FALSE,TRUE,0.449373384,0.540904296,9.316781721,0,0
4,FALSE,0.8,SDFA_suffix_model,0.5,32,TRUE,128,50,FALSE,FALSE,0.445890319,0.53207891,7.349528626,0,0
4,TRUE,0.8,SDFA_suffix_model,0.5,32,TRUE,32,50,FALSE,FALSE,0.441453988,0.533250973,18.06821875,0,0
4,TRUE,0.8,SDFA_suffix_model,0.5,32,TRUE,64,50,FALSE,FALSE,0.439384395,0.529785585,12.22846422,0,0
4,TRUE,0.8,SDFA_suffix_model,0.5,32,TRUE,128,50,FALSE,FALSE,0.445657591,0.537429521,9.302407369,0,0
4,FALSE,0.8,SDFA_suffix_model,0.5,32,TRUE,128,50,FALSE,TRUE,0.431155946,0.518488857,7.357987384,0,0
4,TRUE,0.8,SDFA_suffix_model,0.5,32,TRUE,32,50,FALSE,TRUE,0.427895534,0.515646876,18.16615103,0,0
4,TRUE,0.8,SDFA_suffix_model,0.5,32,TRUE,64,50,FALSE,TRUE,0.432469496,0.518703103,12.26262927,0,0
4,TRUE,0.8,SDFA_suffix_model,0.5,32,TRUE,128,50,FALSE,TRUE,0.429603422,0.527701588,9.325980469,0,0
4,FALSE,0.8,SDFA_suffix_model,0.1,64,TRUE,128,50,FALSE,FALSE,0.452075662,0.547334866,7.389020027,0,0
4,TRUE,0.8,SDFA_suffix_model,0.1,64,TRUE,32,50,FALSE,FALSE,0.433487177,0.54041373,18.15076319,0,0
4,TRUE,0.8,SDFA_suffix_model,0.1,64,TRUE,64,50,FALSE,FALSE,0.46276639,0.530004601,12.30391251,0,0
4,TRUE,0.8,SDFA_suffix_model,0.1,64,TRUE,128,50,FALSE,FALSE,0.432742984,0.523668054,9.337493145,0,0
4,FALSE,0.8,SDFA_suffix_model,0.1,64,TRUE,128,50,FALSE,TRUE,0.442266166,0.532373694,7.387944902,0,0
4,TRUE,0.8,SDFA_suffix_model,0.1,64,TRUE,32,50,FALSE,TRUE,0.432098528,0.530326358,18.21696211,0,0
4,TRUE,0.8,SDFA_suffix_model,0.1,64,TRUE,64,50,FALSE,TRUE,0.427933925,0.520494774,12.34703806,0,0
4,TRUE,0.8,SDFA_suffix_model,0.1,64,TRUE,128,50,FALSE,TRUE,0.440270931,0.533091709,9.348702669,0,0
4,FALSE,0.8,SDFA_suffix_model,0.2,64,TRUE,128,50,FALSE,FALSE,0.43986843,0.532939661,7.395394558,0,0
4,TRUE,0.8,SDFA_suffix_model,0.2,64,TRUE,32,50,FALSE,FALSE,0.42719286,0.5207636,18.15858367,0,0
4,TRUE,0.8,SDFA_suffix_model,0.2,64,TRUE,64,50,FALSE,FALSE,0.439487442,0.530198091,12.32269564,0,0
4,TRUE,0.8,SDFA_suffix_model,0.2,64,TRUE,128,50,FALSE,FALSE,0.442847394,0.534211273,9.339375078,0,0
4,FALSE,0.8,SDFA_suffix_model,0.2,64,TRUE,128,50,FALSE,TRUE,0.444099301,0.536601418,7.401334987,0,0
4,TRUE,0.8,SDFA_suffix_model,0.2,64,TRUE,32,50,FALSE,TRUE,0.436027655,0.52071344,18.25968979,0,0
4,TRUE,0.8,SDFA_suffix_model,0.2,64,TRUE,64,50,FALSE,TRUE,0.441884568,0.521684471,12.36046081,0,0
4,TRUE,0.8,SDFA_suffix_model,0.2,64,TRUE,128,50,FALSE,TRUE,0.441902084,0.533880313,9.359834138,0,0
4,FALSE,0.8,SDFA_suffix_model,0.5,64,TRUE,128,50,FALSE,FALSE,0.440952545,0.533157718,7.414981311,0,0
4,TRUE,0.8,SDFA_suffix_model,0.5,64,TRUE,32,50,FALSE,FALSE,0.429323738,0.516387857,18.25117202,0,0
4,TRUE,0.8,SDFA_suffix_model,0.5,64,TRUE,64,50,FALSE,FALSE,0.444279267,0.52317743,12.36690119,0,0
4,TRUE,0.8,SDFA_suffix_model,0.5,64,TRUE,128,50,FALSE,FALSE,0.439114004,0.533127969,9.367917504,0,0
4,FALSE,0.8,SDFA_suffix_model,0.5,64,TRUE,128,50,FALSE,TRUE,0.437744666,0.532323113,7.458925514,0,0
4,TRUE,0.8,SDFA_suffix_model,0.5,64,TRUE,32,50,FALSE,TRUE,0.428166219,0.513323726,18.53085331,0,0
4,TRUE,0.8,SDFA_suffix_model,0.5,64,TRUE,64,50,FALSE,TRUE,0.433813802,0.513505428,12.41654114,0,0
4,TRUE,0.8,SDFA_suffix_model,0.5,64,TRUE,128,50,FALSE,TRUE,0.436763479,0.530649549,9.46550645,0,0
4,FALSE,0.8,suffix_model,0,16,FALSE,128,50,TRUE,FALSE,0.875909668,0.886096482,9.093480399,0,0
4,FALSE,0.8,suffix_model,0,16,FALSE,128,50,FALSE,FALSE,0.459499309,0.5435308,7.027110485,0,0
4,FALSE,0.8,suffix_model,0,32,FALSE,128,50,TRUE,FALSE,0.749251356,0.901262372,8.844856654,0,0
4,FALSE,0.8,suffix_model,0,32,FALSE,128,50,FALSE,FALSE,0.442937506,0.541625477,7.088856607,0,0
4,FALSE,0.8,suffix_model,0,64,FALSE,128,50,TRUE,FALSE,0.895405208,0.901203904,9.285716574,0,0
4,FALSE,0.8,suffix_model,0,64,FALSE,128,50,FALSE,FALSE,0.443102935,0.534362688,7.147425688,0,0
108,FALSE,0.8,SDFA_suffix_model,0.1,16,TRUE,128,50,FALSE,FALSE,0.45035925,0.547286151,7.311663677,0,0
108,TRUE,0.8,SDFA_suffix_model,0.1,16,TRUE,32,50,FALSE,FALSE,0.437003302,0.545982182,17.94335757,0,0
108,TRUE,0.8,SDFA_suffix_model,0.1,16,TRUE,64,50,FALSE,FALSE,0.442910137,0.543803957,12.15931767,0,0
108,TRUE,0.8,SDFA_suffix_model,0.1,16,TRUE,128,50,FALSE,FALSE,0.454207254,0.544131075,9.25155812,0,0
108,FALSE,0.8,SDFA_suffix_model,0.1,16,TRUE,128,50,FALSE,TRUE,0.457719049,0.554883841,7.465788813,0,0
108,TRUE,0.8,SDFA_suffix_model,0.1,16,TRUE,32,50,FALSE,TRUE,0.42975822,0.54153988,18.28055981,0,0
108,TRUE,0.8,SDFA_suffix_model,0.1,16,TRUE,64,50,FALSE,TRUE,0.453995707,0.557099512,12.20318551,0,0
108,TRUE,0.8,SDFA_suffix_model,0.1,16,TRUE,128,50,FALSE,TRUE,0.459002818,0.551800782,9.473675271,0,0
108,FALSE,0.8,SDFA_suffix_model,0.2,16,TRUE,128,50,FALSE,FALSE,0.455632191,0.56086478,7.291419871,0,0
108,TRUE,0.8,SDFA_suffix_model,0.2,16,TRUE,32,50,FALSE,FALSE,0.449605897,0.556494208,17.93070709,0,0
108,TRUE,0.8,SDFA_suffix_model,0.2,16,TRUE,64,50,FALSE,FALSE,0.4527924,0.553589218,12.17241373,0,0
108,TRUE,0.8,SDFA_suffix_model,0.2,16,TRUE,128,50,FALSE,FALSE,0.4732081,0.565844819,9.242626684,0,0
108,FALSE,0.8,SDFA_suffix_model,0.2,16,TRUE,128,50,FALSE,TRUE,0.452932345,0.557119714,7.287757609,0,0
108,TRUE,0.8,SDFA_suffix_model,0.2,16,TRUE,32,50,FALSE,TRUE,0.452549513,0.557934658,18.18594618,0,0
108,TRUE,0.8,SDFA_suffix_model,0.2,16,TRUE,64,50,FALSE,TRUE,0.456228558,0.538085706,12.22040491,0,0
108,TRUE,0.8,SDFA_suffix_model,0.2,16,TRUE,128,50,FALSE,TRUE,0.488072548,0.573420625,9.269645988,0,0
108,FALSE,0.8,SDFA_suffix_model,0.5,16,TRUE,128,50,FALSE,FALSE,0.461193534,0.559253272,7.293886925,0,0
108,TRUE,0.8,SDFA_suffix_model,0.5,16,TRUE,32,50,FALSE,FALSE,0.443879904,0.534996188,17.96609294,0,0
108,TRUE,0.8,SDFA_suffix_model,0.5,16,TRUE,64,50,FALSE,FALSE,0.457679849,0.553653785,12.19202003,0,0
108,TRUE,0.8,SDFA_suffix_model,0.5,16,TRUE,128,50,FALSE,FALSE,0.489647296,0.577229443,9.404737417,0,0
108,FALSE,0.8,SDFA_suffix_model,0.5,16,TRUE,128,50,FALSE,TRUE,0.456287575,0.553619682,7.297529188,0,0
108,TRUE,0.8,SDFA_suffix_model,0.5,16,TRUE,32,50,FALSE,TRUE,0.461031576,0.549045628,18.0699405,0,0
108,TRUE,0.8,SDFA_suffix_model,0.5,16,TRUE,64,50,FALSE,TRUE,0.459371362,0.543060314,12.36816758,0,0
108,TRUE,0.8,SDFA_suffix_model,0.5,16,TRUE,128,50,FALSE,TRUE,0.479774251,0.569418003,9.332145091,0,0
108,FALSE,0.8,SDFA_suffix_model,0.1,32,TRUE,128,50,FALSE,FALSE,0.492516133,0.575666538,7.347264992,0,0
108,TRUE,0.8,SDFA_suffix_model,0.1,32,TRUE,32,50,FALSE,FALSE,0.451552625,0.561440311,18.20488152,0,0
108,TRUE,0.8,SDFA_suffix_model,0.1,32,TRUE,64,50,FALSE,FALSE,0.486342635,0.558040008,12.19981362,0,0
108,TRUE,0.8,SDFA_suffix_model,0.1,32,TRUE,128,50,FALSE,FALSE,0.496427827,0.566177072,9.28614079,0,0
108,FALSE,0.8,SDFA_suffix_model,0.1,32,TRUE,128,50,FALSE,TRUE,0.481755877,0.557256712,7.34008412,0,0
108,TRUE,0.8,SDFA_suffix_model,0.1,32,TRUE,32,50,FALSE,TRUE,0.437340203,0.552261044,18.10799536,0,0
108,TRUE,0.8,SDFA_suffix_model,0.1,32,TRUE,64,50,FALSE,TRUE,0.460262511,0.542877963,12.23541663,0,0
108,TRUE,0.8,SDFA_suffix_model,0.1,32,TRUE,128,50,FALSE,TRUE,0.484208764,0.56443602,9.320203595,0,0
108,FALSE,0.8,SDFA_suffix_model,0.2,32,TRUE,128,50,FALSE,FALSE,0.461158373,0.554094729,7.351549454,0,0
108,TRUE,0.8,SDFA_suffix_model,0.2,32,TRUE,32,50,FALSE,FALSE,0.450942251,0.540191117,18.37782882,0,0
108,TRUE,0.8,SDFA_suffix_model,0.2,32,TRUE,64,50,FALSE,FALSE,0.469583655,0.550026384,12.27772399,0,0
108,TRUE,0.8,SDFA_suffix_model,0.2,32,TRUE,128,50,FALSE,FALSE,0.472879772,0.558344039,9.300314184,0,0
108,FALSE,0.8,SDFA_suffix_model,0.2,32,TRUE,128,50,FALSE,TRUE,0.470555337,0.551243442,7.34257692,0,0
108,TRUE,0.8,SDFA_suffix_model,0.2,32,TRUE,32,50,FALSE,TRUE,0.429435588,0.513227058,18.14653345,0,0
108,TRUE,0.8,SDFA_suffix_model,0.2,32,TRUE,64,50,FALSE,TRUE,0.460054919,0.541360695,12.26318271,0,0
108,TRUE,0.8,SDFA_suffix_model,0.2,32,TRUE,128,50,FALSE,TRUE,0.456528317,0.532227362,9.319954235,0,0
108,FALSE,0.8,SDFA_suffix_model,0.5,32,TRUE,128,50,FALSE,FALSE,0.465868618,0.548079194,7.398936973,0,0
108,TRUE,0.8,SDFA_suffix_model,0.5,32,TRUE,32,50,FALSE,FALSE,0.43876199,0.523515584,18.0949095,0,0
108,TRUE,0.8,SDFA_suffix_model,0.5,32,TRUE,64,50,FALSE,FALSE,0.450485973,0.532728907,12.22590434,0,0
108,TRUE,0.8,SDFA_suffix_model,0.5,32,TRUE,128,50,FALSE,FALSE,0.462411866,0.54153223,9.307592243,0,0
108,FALSE,0.8,SDFA_suffix_model,0.5,32,TRUE,128,50,FALSE,TRUE,0.431052378,0.527767292,7.609335511,0,0
108,TRUE,0.8,SDFA_suffix_model,0.5,32,TRUE,32,50,FALSE,TRUE,0.424285451,0.517798679,18.78643307,0,0
108,TRUE,0.8,SDFA_suffix_model,0.5,32,TRUE,64,50,FALSE,TRUE,0.45844546,0.540583643,12.3532616,0,0
108,TRUE,0.8,SDFA_suffix_model,0.5,32,TRUE,128,50,FALSE,TRUE,0.442609989,0.523229147,9.449533223,0,0
108,FALSE,0.8,SDFA_suffix_model,0.1,64,TRUE,128,50,FALSE,FALSE,0.46153489,0.555160632,7.388409243,0,0
108,TRUE,0.8,SDFA_suffix_model,0.1,64,TRUE,32,50,FALSE,FALSE,0.432309798,0.533945793,18.45259435,0,0
108,TRUE,0.8,SDFA_suffix_model,0.1,64,TRUE,64,50,FALSE,FALSE,0.437700348,0.540584875,12.59174651,0,0
108,TRUE,0.8,SDFA_suffix_model,0.1,64,TRUE,128,50,FALSE,FALSE,0.457528725,0.537055558,9.631253732,0,0
108,FALSE,0.8,SDFA_suffix_model,0.1,64,TRUE,128,50,FALSE,TRUE,0.452941568,0.538417333,7.451837699,0,0
108,TRUE,0.8,SDFA_suffix_model,0.1,64,TRUE,32,50,FALSE,TRUE,0.43137823,0.515409925,18.47585168,0,0
108,TRUE,0.8,SDFA_suffix_model,0.1,64,TRUE,64,50,FALSE,TRUE,0.431652789,0.515596143,12.4635266,0,0
108,TRUE,0.8,SDFA_suffix_model,0.1,64,TRUE,128,50,FALSE,TRUE,0.431493646,0.5222948,9.356143051,0,0
108,FALSE,0.8,SDFA_suffix_model,0.2,64,TRUE,128,50,FALSE,FALSE,0.438187156,0.526245321,7.480575146,0,0
108,TRUE,0.8,SDFA_suffix_model,0.2,64,TRUE,32,50,FALSE,FALSE,0.430004435,0.514660859,18.3139079,0,0
108,TRUE,0.8,SDFA_suffix_model,0.2,64,TRUE,64,50,FALSE,FALSE,0.43743512,0.522840942,12.57969441,0,0
108,TRUE,0.8,SDFA_suffix_model,0.2,64,TRUE,128,50,FALSE,FALSE,0.437364235,0.526862101,9.456884311,0,0
108,FALSE,0.8,SDFA_suffix_model,0.2,64,TRUE,128,50,FALSE,TRUE,0.432956046,0.513306308,7.468760488,0,0
108,TRUE,0.8,SDFA_suffix_model,0.2,64,TRUE,32,50,FALSE,TRUE,0.426680049,0.513243549,18.68947877,0,0
108,TRUE,0.8,SDFA_suffix_model,0.2,64,TRUE,64,50,FALSE,TRUE,0.433260534,0.513519927,12.4365616,0,0
108,TRUE,0.8,SDFA_suffix_model,0.2,64,TRUE,128,50,FALSE,TRUE,0.428202964,0.519493347,9.510692246,0,0
108,FALSE,0.8,SDFA_suffix_model,0.5,64,TRUE,128,50,FALSE,FALSE,0.427115778,0.520865185,7.434278236,0,0
108,TRUE,0.8,SDFA_suffix_model,0.5,64,TRUE,32,50,FALSE,FALSE,0.424986822,0.513395168,18.47406011,0,0
108,TRUE,0.8,SDFA_suffix_model,0.5,64,TRUE,64,50,FALSE,FALSE,0.434056334,0.513824158,12.47993006,0,0
108,TRUE,0.8,SDFA_suffix_model,0.5,64,TRUE,128,50,FALSE,FALSE,0.429531104,0.52031102,9.352326678,0,0
108,FALSE,0.8,SDFA_suffix_model,0.5,64,TRUE,128,50,FALSE,TRUE,0.427942721,0.520375443,7.413603801,0,0
108,TRUE,0.8,SDFA_suffix_model,0.5,64,TRUE,32,50,FALSE,TRUE,0.425420037,0.513374747,18.42788299,0,0
108,TRUE,0.8,SDFA_suffix_model,0.5,64,TRUE,64,50,FALSE,TRUE,0.430721262,0.517016491,12.47652815,0,0
108,TRUE,0.8,SDFA_suffix_model,0.5,64,TRUE,128,50,FALSE,TRUE,0.43128802,0.513207591,9.4056462,0,0
108,FALSE,0.8,suffix_model,0,16,FALSE,128,50,TRUE,FALSE,0.676236398,0.881622936,9.331296729,0,0
108,FALSE,0.8,suffix_model,0,16,FALSE,128,50,FALSE,FALSE,0.474801841,0.57167307,7.045671679,0,0
108,FALSE,0.8,suffix_model,0,32,FALSE,128,50,TRUE,FALSE,0.670029942,0.901262372,9.269938848,0,0
108,FALSE,0.8,suffix_model,0,32,FALSE,128,50,FALSE,FALSE,0.441334141,0.541149641,7.214119506,0,0
108,FALSE,0.8,suffix_model,0,64,FALSE,128,50,TRUE,FALSE,0.691851523,0.898291778,9.112379724,0,0
108,FALSE,0.8,suffix_model,0,64,FALSE,128,50,FALSE,FALSE,0.441906514,0.541363054,7.197301766,0,0
16,FALSE,0.8,SDFA_suffix_model,0.1,16,TRUE,128,50,FALSE,FALSE,0.509943072,0.580610253,7.207565529,0,0
16,TRUE,0.8,SDFA_suffix_model,0.1,16,TRUE,32,50,FALSE,FALSE,0.471966653,0.56596174,17.78216448,0,0
16,TRUE,0.8,SDFA_suffix_model,0.1,16,TRUE,64,50,FALSE,FALSE,0.489592652,0.570020545,12.00918335,0,0
16,TRUE,0.8,SDFA_suffix_model,0.1,16,TRUE,128,50,FALSE,FALSE,0.487319473,0.558892074,9.010369615,0,0
16,FALSE,0.8,SDFA_suffix_model,0.1,16,TRUE,128,50,FALSE,TRUE,0.489910751,0.570488367,7.142678973,0,0
16,TRUE,0.8,SDFA_suffix_model,0.1,16,TRUE,32,50,FALSE,TRUE,0.440276295,0.551399152,17.6213674,0,0
16,TRUE,0.8,SDFA_suffix_model,0.1,16,TRUE,64,50,FALSE,TRUE,0.459860601,0.558527867,11.89812125,0,0
16,TRUE,0.8,SDFA_suffix_model,0.1,16,TRUE,128,50,FALSE,TRUE,0.462851821,0.535712087,8.987374467,0,0
16,FALSE,0.8,SDFA_suffix_model,0.2,16,TRUE,128,50,FALSE,FALSE,0.462509722,0.556315342,7.117702815,0,0
16,TRUE,0.8,SDFA_suffix_model,0.2,16,TRUE,32,50,FALSE,FALSE,0.442031875,0.549854764,17.53964366,0,0
16,TRUE,0.8,SDFA_suffix_model,0.2,16,TRUE,64,50,FALSE,FALSE,0.458386305,0.547508596,11.8492875,0,0
16,TRUE,0.8,SDFA_suffix_model,0.2,16,TRUE,128,50,FALSE,FALSE,0.459857177,0.552773551,8.977695465,0,0
16,FALSE,0.8,SDFA_suffix_model,0.2,16,TRUE,128,50,FALSE,TRUE,0.459172019,0.564013225,7.121400591,0,0
16,TRUE,0.8,SDFA_suffix_model,0.2,16,TRUE,32,50,FALSE,TRUE,0.445499591,0.530852287,17.62700932,0,0
16,TRUE,0.8,SDFA_suffix_model,0.2,16,TRUE,64,50,FALSE,TRUE,0.458598002,0.547513292,11.90293217,0,0
16,TRUE,0.8,SDFA_suffix_model,0.2,16,TRUE,128,50,FALSE,TRUE,0.470643411,0.555245584,8.985746084,0,0
16,FALSE,0.8,SDFA_suffix_model,0.5,16,TRUE,128,50,FALSE,FALSE,0.468534804,0.555706273,7.125019038,0,0
16,TRUE,0.8,SDFA_suffix_model,0.5,16,TRUE,32,50,FALSE,FALSE,0.446481595,0.541417087,17.54879298,0,0
16,TRUE,0.8,SDFA_suffix_model,0.5,16,TRUE,64,50,FALSE,FALSE,0.462221262,0.541864403,11.86908142,0,0
16,TRUE,0.8,SDFA_suffix_model,0.5,16,TRUE,128,50,FALSE,FALSE,0.470149483,0.556718637,8.968696411,0,0
16,FALSE,0.8,SDFA_suffix_model,0.5,16,TRUE,128,50,FALSE,TRUE,0.468618198,0.558756654,7.131663837,0,0
16,TRUE,0.8,SDFA_suffix_model,0.5,16,TRUE,32,50,FALSE,TRUE,0.447760287,0.54171035,17.63588636,0,0
16,TRUE,0.8,SDFA_suffix_model,0.5,16,TRUE,64,50,FALSE,TRUE,0.451185979,0.540917753,11.89981775,0,0
16,TRUE,0.8,SDFA_suffix_model,0.5,16,TRUE,128,50,FALSE,TRUE,0.472150302,0.569379853,8.972574662,0,0
16,FALSE,0.8,SDFA_suffix_model,0.1,32,TRUE,128,50,FALSE,FALSE,0.462003386,0.552997724,7.178717357,0,0
16,TRUE,0.8,SDFA_suffix_model,0.1,32,TRUE,32,50,FALSE,FALSE,0.435906168,0.558962024,17.683423,0,0
16,TRUE,0.8,SDFA_suffix_model,0.1,32,TRUE,64,50,FALSE,FALSE,0.453820284,0.569134649,11.91287546,0,0
16,TRUE,0.8,SDFA_suffix_model,0.1,32,TRUE,128,50,FALSE,FALSE,0.466522737,0.584712495,9.025383747,0,0
16,FALSE,0.8,SDFA_suffix_model,0.1,32,TRUE,128,50,FALSE,TRUE,0.465408486,0.560796427,7.177901154,0,0
16,TRUE,0.8,SDFA_suffix_model,0.1,32,TRUE,32,50,FALSE,TRUE,0.442680319,0.551349523,17.73181665,0,0
16,TRUE,0.8,SDFA_suffix_model,0.1,32,TRUE,64,50,FALSE,TRUE,0.46111875,0.56104842,11.93927503,0,0
16,TRUE,0.8,SDFA_suffix_model,0.1,32,TRUE,128,50,FALSE,TRUE,0.468809945,0.566747317,9.039583612,0,0
16,FALSE,0.8,SDFA_suffix_model,0.2,32,TRUE,128,50,FALSE,FALSE,0.459729116,0.551641709,7.179462678,0,0
16,TRUE,0.8,SDFA_suffix_model,0.2,32,TRUE,32,50,FALSE,FALSE,0.444084169,0.54041996,17.6696606,0,0
16,TRUE,0.8,SDFA_suffix_model,0.2,32,TRUE,64,50,FALSE,FALSE,0.450944281,0.539291979,11.90711848,0,0
16,TRUE,0.8,SDFA_suffix_model,0.2,32,TRUE,128,50,FALSE,FALSE,0.456014544,0.534365072,9.020187175,0,0
16,FALSE,0.8,SDFA_suffix_model,0.2,32,TRUE,128,50,FALSE,TRUE,0.450864501,0.54293927,7.172472926,0,0
16,TRUE,0.8,SDFA_suffix_model,0.2,32,TRUE,32,50,FALSE,TRUE,0.440025458,0.523031152,17.73673474,0,0
16,TRUE,0.8,SDFA_suffix_model,0.2,32,TRUE,64,50,FALSE,TRUE,0.449747786,0.52818059,11.94682117,0,0
16,TRUE,0.8,SDFA_suffix_model,0.2,32,TRUE,128,50,FALSE,TRUE,0.450693343,0.539830643,9.039266384,0,0
16,FALSE,0.8,SDFA_suffix_model,0.5,32,TRUE,128,50,FALSE,FALSE,0.447082061,0.544189043,7.170787716,0,0
16,TRUE,0.8,SDFA_suffix_model,0.5,32,TRUE,32,50,FALSE,FALSE,0.438051139,0.522171007,17.65040033,0,0
16,TRUE,0.8,SDFA_suffix_model,0.5,32,TRUE,64,50,FALSE,FALSE,0.447959457,0.522649094,11.90328894,0,0
16,TRUE,0.8,SDFA_suffix_model,0.5,32,TRUE,128,50,FALSE,FALSE,0.441349113,0.534862918,9.02347948,0,0
16,FALSE,0.8,SDFA_suffix_model,0.5,32,TRUE,128,50,FALSE,TRUE,0.449810731,0.54998805,7.178533758,0,0
16,TRUE,0.8,SDFA_suffix_model,0.5,32,TRUE,32,50,FALSE,TRUE,0.440185359,0.527583521,17.75709266,0,0
16,TRUE,0.8,SDFA_suffix_model,0.5,32,TRUE,64,50,FALSE,TRUE,0.447433264,0.527787614,12.00399979,0,0
16,TRUE,0.8,SDFA_suffix_model,0.5,32,TRUE,128,50,FALSE,TRUE,0.458117728,0.54734746,9.069652129,0,0
16,FALSE,0.8,SDFA_suffix_model,0.1,64,TRUE,128,50,FALSE,FALSE,0.457173667,0.550392425,7.23032089,0,0
16,TRUE,0.8,SDFA_suffix_model,0.1,64,TRUE,32,50,FALSE,FALSE,0.439463538,0.546945773,17.86085228,0,0
16,TRUE,0.8,SDFA_suffix_model,0.1,64,TRUE,64,50,FALSE,FALSE,0.446580101,0.535825879,12.05219596,0,0
16,TRUE,0.8,SDFA_suffix_model,0.1,64,TRUE,128,50,FALSE,FALSE,0.461519671,0.54165204,9.294034721,0,0
16,FALSE,0.8,SDFA_suffix_model,0.1,64,TRUE,128,50,FALSE,TRUE,0.444200191,0.533082099,7.253405899,0,0
16,TRUE,0.8,SDFA_suffix_model,0.1,64,TRUE,32,50,FALSE,TRUE,0.447402814,0.536183676,18.03632823,0,0
16,TRUE,0.8,SDFA_suffix_model,0.1,64,TRUE,64,50,FALSE,TRUE,0.449988968,0.525701918,12.30134658,0,0
16,TRUE,0.8,SDFA_suffix_model,0.1,64,TRUE,128,50,FALSE,TRUE,0.445486497,0.525777107,9.113061904,0,0
16,FALSE,0.8,SDFA_suffix_model,0.2,64,TRUE,128,50,FALSE,FALSE,0.447827975,0.525767548,7.226956722,0,0
16,TRUE,0.8,SDFA_suffix_model,0.2,64,TRUE,32,50,FALSE,FALSE,0.440264827,0.529107354,17.84270573,0,0
16,TRUE,0.8,SDFA_suffix_model,0.2,64,TRUE,64,50,FALSE,FALSE,0.450581324,0.525318782,12.04496159,0,0
16,TRUE,0.8,SDFA_suffix_model,0.2,64,TRUE,128,50,FALSE,FALSE,0.447430312,0.5255912,9.079105127,0,0
16,FALSE,0.8,SDFA_suffix_model,0.2,64,TRUE,128,50,FALSE,TRUE,0.443683902,0.533027733,7.248900574,0,0
16,TRUE,0.8,SDFA_suffix_model,0.2,64,TRUE,32,50,FALSE,TRUE,0.43455108,0.531544378,18.16911592,0,0
16,TRUE,0.8,SDFA_suffix_model,0.2,64,TRUE,64,50,FALSE,TRUE,0.440299437,0.531347269,12.09673363,0,0
16,TRUE,0.8,SDFA_suffix_model,0.2,64,TRUE,128,50,FALSE,TRUE,0.445876162,0.525422075,9.08666202,0,0
16,FALSE,0.8,SDFA_suffix_model,0.5,64,TRUE,128,50,FALSE,FALSE,0.443527667,0.525454448,7.222755254,0,0
16,TRUE,0.8,SDFA_suffix_model,0.5,64,TRUE,32,50,FALSE,FALSE,0.441063378,0.523619207,17.82097439,0,0
16,TRUE,0.8,SDFA_suffix_model,0.5,64,TRUE,64,50,FALSE,FALSE,0.447105718,0.525657304,12.02980376,0,0
16,TRUE,0.8,SDFA_suffix_model,0.5,64,TRUE,128,50,FALSE,FALSE,0.443032355,0.525347748,9.109726338,0,0
16,FALSE,0.8,SDFA_suffix_model,0.5,64,TRUE,128,50,FALSE,TRUE,0.440126848,0.532997261,7.284436487,0,0
16,TRUE,0.8,SDFA_suffix_model,0.5,64,TRUE,32,50,FALSE,TRUE,0.444143295,0.525341921,17.95271248,0,0
16,TRUE,0.8,SDFA_suffix_model,0.5,64,TRUE,64,50,FALSE,TRUE,0.447420677,0.525254249,12.10713368,0,0
16,TRUE,0.8,SDFA_suffix_model,0.5,64,TRUE,128,50,FALSE,TRUE,0.44363857,0.525550411,9.091902027,0,0
16,FALSE,0.8,suffix_model,0,16,FALSE,128,50,TRUE,FALSE,0.649160849,0.886096482,8.712458271,0,0
16,FALSE,0.8,suffix_model,0,16,FALSE,128,50,FALSE,FALSE,0.473678362,0.557348089,6.881239512,0,0
16,FALSE,0.8,suffix_model,0,32,FALSE,128,50,TRUE,FALSE,0.649699771,0.903627493,8.944647411,0,0
16,FALSE,0.8,suffix_model,0,32,FALSE,128,50,FALSE,FALSE,0.450526925,0.566903365,6.92272443,0,0
16,FALSE,0.8,suffix_model,0,64,FALSE,128,50,TRUE,FALSE,0.874491043,0.901189147,8.689884019,0,0
16,FALSE,0.8,suffix_model,0,64,FALSE,128,50,FALSE,FALSE,0.454866454,0.549763788,7.056062461,0,0
1089,FALSE,0.8,SDFA_suffix_model,0.1,16,TRUE,128,50,FALSE,FALSE,0.519870408,0.592632943,7.116018403,0,0
1089,TRUE,0.8,SDFA_suffix_model,0.1,16,TRUE,32,50,FALSE,FALSE,0.469770422,0.58288323,17.56251379,0,0
1089,TRUE,0.8,SDFA_suffix_model,0.1,16,TRUE,64,50,FALSE,FALSE,0.481648082,0.589233013,11.8725084,0,0
1089,TRUE,0.8,SDFA_suffix_model,0.1,16,TRUE,128,50,FALSE,FALSE,0.463492719,0.594041171,8.95796761,0,0
1089,FALSE,0.8,SDFA_suffix_model,0.1,16,TRUE,128,50,FALSE,TRUE,0.466340069,0.593381577,7.119338107,0,0
1089,TRUE,0.8,SDFA_suffix_model,0.1,16,TRUE,32,50,FALSE,TRUE,0.454842086,0.578877659,17.64719196,0,0
1089,TRUE,0.8,SDFA_suffix_model,0.1,16,TRUE,64,50,FALSE,TRUE,0.469919851,0.589873533,11.89992922,0,0
1089,TRUE,0.8,SDFA_suffix_model,0.1,16,TRUE,128,50,FALSE,TRUE,0.480450301,0.596446795,8.996271421,0,0
1089,FALSE,0.8,SDFA_suffix_model,0.2,16,TRUE,128,50,FALSE,FALSE,0.478068056,0.595602335,7.109573482,0,0
1089,TRUE,0.8,SDFA_suffix_model,0.2,16,TRUE,32,50,FALSE,FALSE,0.451800093,0.570886951,17.69080208,0,0
1089,TRUE,0.8,SDFA_suffix_model,0.2,16,TRUE,64,50,FALSE,FALSE,0.486247519,0.576132364,11.889844,0,0
1089,TRUE,0.8,SDFA_suffix_model,0.2,16,TRUE,128,50,FALSE,FALSE,0.491683484,0.59701201,8.981070329,0,0
1089,FALSE,0.8,SDFA_suffix_model,0.2,16,TRUE,128,50,FALSE,TRUE,0.473010312,0.571628181,7.146876927,0,0
1089,TRUE,0.8,SDFA_suffix_model,0.2,16,TRUE,32,50,FALSE,TRUE,0.462358782,0.572382066,17.65456742,0,0
1089,TRUE,0.8,SDFA_suffix_model,0.2,16,TRUE,64,50,FALSE,TRUE,0.490347706,0.57242944,11.92870048,0,0
1089,TRUE,0.8,SDFA_suffix_model,0.2,16,TRUE,128,50,FALSE,TRUE,0.493479833,0.597627951,8.994333627,0,0
1089,FALSE,0.8,SDFA_suffix_model,0.5,16,TRUE,128,50,FALSE,FALSE,0.498297275,0.599551308,7.152950911,0,0
1089,TRUE,0.8,SDFA_suffix_model,0.5,16,TRUE,32,50,FALSE,FALSE,0.458668365,0.559821702,17.63304717,0,0
1089,TRUE,0.8,SDFA_suffix_model,0.5,16,TRUE,64,50,FALSE,FALSE,0.490982556,0.582629936,12.15944148,0,0
1089,TRUE,0.8,SDFA_suffix_model,0.5,16,TRUE,128,50,FALSE,FALSE,0.490331281,0.597854523,9.004115998,0,0
1089,FALSE,0.8,SDFA_suffix_model,0.5,16,TRUE,128,50,FALSE,TRUE,0.501356158,0.585754937,7.133067947,0,0
1089,TRUE,0.8,SDFA_suffix_model,0.5,16,TRUE,32,50,FALSE,TRUE,0.45295329,0.559920199,17.75454112,0,0
1089,TRUE,0.8,SDFA_suffix_model,0.5,16,TRUE,64,50,FALSE,TRUE,0.484789564,0.564257568,11.94275926,0,0
1089,TRUE,0.8,SDFA_suffix_model,0.5,16,TRUE,128,50,FALSE,TRUE,0.496517611,0.566928424,9.00347799,0,0
1089,FALSE,0.8,SDFA_suffix_model,0.1,32,TRUE,128,50,FALSE,FALSE,0.480828686,0.565229535,7.213724333,0,0
1089,TRUE,0.8,SDFA_suffix_model,0.1,32,TRUE,32,50,FALSE,FALSE,0.449107784,0.555222958,17.75565377,0,0
1089,TRUE,0.8,SDFA_suffix_model,0.1,32,TRUE,64,50,FALSE,FALSE,0.474401215,0.560800717,11.92638884,0,0
1089,TRUE,0.8,SDFA_suffix_model,0.1,32,TRUE,128,50,FALSE,FALSE,0.471607727,0.56153676,9.041743543,0,0
1089,FALSE,0.8,SDFA_suffix_model,0.1,32,TRUE,128,50,FALSE,TRUE,0.468741454,0.568326641,7.205665306,0,0
1089,TRUE,0.8,SDFA_suffix_model,0.1,32,TRUE,32,50,FALSE,TRUE,0.460903926,0.543951264,18.064378,0,0
1089,TRUE,0.8,SDFA_suffix_model,0.1,32,TRUE,64,50,FALSE,TRUE,0.458191487,0.542135972,12.0983512,0,0
1089,TRUE,0.8,SDFA_suffix_model,0.1,32,TRUE,128,50,FALSE,TRUE,0.469396274,0.562552732,9.150056584,0,0
1089,FALSE,0.8,SDFA_suffix_model,0.2,32,TRUE,128,50,FALSE,FALSE,0.473629356,0.564433607,7.203440184,0,0
1089,TRUE,0.8,SDFA_suffix_model,0.2,32,TRUE,32,50,FALSE,FALSE,0.447185359,0.545018564,17.68664097,0,0
1089,TRUE,0.8,SDFA_suffix_model,0.2,32,TRUE,64,50,FALSE,FALSE,0.454084769,0.547478245,11.93421787,0,0
1089,TRUE,0.8,SDFA_suffix_model,0.2,32,TRUE,128,50,FALSE,FALSE,0.450132781,0.54100042,9.052871049,0,0
1089,FALSE,0.8,SDFA_suffix_model,0.2,32,TRUE,128,50,FALSE,TRUE,0.467357743,0.550712632,7.202714599,0,0
1089,TRUE,0.8,SDFA_suffix_model,0.2,32,TRUE,32,50,FALSE,TRUE,0.444878344,0.530292509,17.82888848,0,0
1089,TRUE,0.8,SDFA_suffix_model,0.2,32,TRUE,64,50,FALSE,TRUE,0.450988146,0.52706975,12.15738659,0,0
1089,TRUE,0.8,SDFA_suffix_model,0.2,32,TRUE,128,50,FALSE,TRUE,0.452068751,0.545750382,9.135391241,0,0
1089,FALSE,0.8,SDFA_suffix_model,0.5,32,TRUE,128,50,FALSE,FALSE,0.453446707,0.535787151,7.18597139,0,0
1089,TRUE,0.8,SDFA_suffix_model,0.5,32,TRUE,32,50,FALSE,FALSE,0.442816524,0.529202335,18.0240711,0,0
1089,TRUE,0.8,SDFA_suffix_model,0.5,32,TRUE,64,50,FALSE,FALSE,0.455172567,0.53913828,11.91016909,0,0
1089,TRUE,0.8,SDFA_suffix_model,0.5,32,TRUE,128,50,FALSE,FALSE,0.45155672,0.543220591,9.034707,0,0
1089,FALSE,0.8,SDFA_suffix_model,0.5,32,TRUE,128,50,FALSE,TRUE,0.451383582,0.527818089,7.194821957,0,0
1089,TRUE,0.8,SDFA_suffix_model,0.5,32,TRUE,32,50,FALSE,TRUE,0.443616184,0.526997197,17.76571994,0,0
1089,TRUE,0.8,SDFA_suffix_model,0.5,32,TRUE,64,50,FALSE,TRUE,0.455265531,0.532086488,11.95803918,0,0
1089,TRUE,0.8,SDFA_suffix_model,0.5,32,TRUE,128,50,FALSE,TRUE,0.455191335,0.542604641,9.047145007,0,0
1089,FALSE,0.8,SDFA_suffix_model,0.1,64,TRUE,128,50,FALSE,FALSE,0.435683534,0.534456228,7.22521309,0,0
1089,TRUE,0.8,SDFA_suffix_model,0.1,64,TRUE,32,50,FALSE,FALSE,0.434168075,0.540616246,17.72062641,0,0
1089,TRUE,0.8,SDFA_suffix_model,0.1,64,TRUE,64,50,FALSE,FALSE,0.444959929,0.54880671,12.38878641,0,0
1089,TRUE,0.8,SDFA_suffix_model,0.1,64,TRUE,128,50,FALSE,FALSE,0.45645286,0.541529333,9.112390849,0,0
1089,FALSE,0.8,SDFA_suffix_model,0.1,64,TRUE,128,50,FALSE,TRUE,0.454728174,0.542466459,7.231748004,0,0
1089,TRUE,0.8,SDFA_suffix_model,0.1,64,TRUE,32,50,FALSE,TRUE,0.434116274,0.546321075,17.82082286,0,0
1089,TRUE,0.8,SDFA_suffix_model,0.1,64,TRUE,64,50,FALSE,TRUE,0.441724378,0.525827679,12.03741746,0,0
1089,TRUE,0.8,SDFA_suffix_model,0.1,64,TRUE,128,50,FALSE,TRUE,0.440266629,0.520173279,9.064784975,0,0
1089,FALSE,0.8,SDFA_suffix_model,0.2,64,TRUE,128,50,FALSE,FALSE,0.443780021,0.527048831,7.21598322,0,0
1089,TRUE,0.8,SDFA_suffix_model,0.2,64,TRUE,32,50,FALSE,FALSE,0.427496507,0.516819975,17.75099845,0,0
1089,TRUE,0.8,SDFA_suffix_model,0.2,64,TRUE,64,50,FALSE,FALSE,0.435196552,0.513346676,12.01334588,0,0
1089,TRUE,0.8,SDFA_suffix_model,0.2,64,TRUE,128,50,FALSE,FALSE,0.431574988,0.513806232,9.096728746,0,0
1089,FALSE,0.8,SDFA_suffix_model,0.2,64,TRUE,128,50,FALSE,TRUE,0.442254438,0.521151665,7.215009474,0,0
1089,TRUE,0.8,SDFA_suffix_model,0.2,64,TRUE,32,50,FALSE,TRUE,0.423081872,0.518131762,17.84243013,0,0
1089,TRUE,0.8,SDFA_suffix_model,0.2,64,TRUE,64,50,FALSE,TRUE,0.421829995,0.537663266,12.21894572,0,0
1089,TRUE,0.8,SDFA_suffix_model,0.2,64,TRUE,128,50,FALSE,TRUE,0.438717547,0.532043378,9.082009306,0,0
1089,FALSE,0.8,SDFA_suffix_model,0.5,64,TRUE,128,50,FALSE,FALSE,0.425466659,0.52310121,7.223919094,0,0
1089,TRUE,0.8,SDFA_suffix_model,0.5,64,TRUE,32,50,FALSE,FALSE,0.428962875,0.515187963,17.7880772,0,0
1089,TRUE,0.8,SDFA_suffix_model,0.5,64,TRUE,64,50,FALSE,FALSE,0.443969085,0.524044442,12.0283731,0,0
1089,TRUE,0.8,SDFA_suffix_model,0.5,64,TRUE,128,50,FALSE,FALSE,0.43214071,0.513491288,9.075710688,0,0
1089,FALSE,0.8,SDFA_suffix_model,0.5,64,TRUE,128,50,FALSE,TRUE,0.430378479,0.513471527,7.226124728,0,0
1089,TRUE,0.8,SDFA_suffix_model,0.5,64,TRUE,32,50,FALSE,TRUE,0.425648725,0.517490761,17.88780354,0,0
1089,TRUE,0.8,SDFA_suffix_model,0.5,64,TRUE,64,50,FALSE,TRUE,0.433463325,0.513411872,12.06417835,0,0
1089,TRUE,0.8,SDFA_suffix_model,0.5,64,TRUE,128,50,FALSE,TRUE,0.430410964,0.513444006,9.136783823,0,0
1089,FALSE,0.8,suffix_model,0,16,FALSE,128,50,TRUE,FALSE,0.691963158,0.881249044,8.924414828,0,0
1089,FALSE,0.8,suffix_model,0,16,FALSE,128,50,FALSE,FALSE,0.469154761,0.582044128,6.845169095,0,0
1089,FALSE,0.8,suffix_model,0,32,FALSE,128,50,TRUE,FALSE,0.672782842,0.8946052,8.424820142,0,0
1089,FALSE,0.8,suffix_model,0,32,FALSE,128,50,FALSE,FALSE,0.439743844,0.558634943,6.905763685,0,0
1089,FALSE,0.8,suffix_model,0,64,FALSE,128,50,TRUE,FALSE,0.8378648,0.876856767,8.447549456,0,0
1089,FALSE,0.8,suffix_model,0,64,FALSE,128,50,FALSE,FALSE,0.440476683,0.559171007,6.9818029,0,0